component_family,null_mechanism,samples_per_group,covariate_structure,method,method_component,tested_component,replications,familywise_type_i_error,monte_carlo_sd,monte_carlo_se,interval_lower,interval_upper
Abundance,Taxonwise global null,60,Unconfounded,edgeR,edgeR,General abundance,100,0.01,0.0703526470681448,0.00703526470681448,0,0.0237891188253564
Abundance,Taxonwise global null,60,Unconfounded,DESeq2,DESeq2,General abundance,100,0.005,0.05,0.005,0,0.0148
Abundance,Taxonwise global null,60,Unconfounded,corncob,corncob,General abundance,100,0.1,0.235702260395516,0.0235702260395516,0.0538023569624789,0.146197643037521
Abundance,Taxonwise global null,60,Unconfounded,MaAsLin 3,MaAsLin 3 abundance,Detected log abundance,100,0.045,0.143811745632331,0.0143811745632331,0.0168128978560632,0.0731871021439368
Abundance,Taxonwise global null,60,Unconfounded,metagenomeSeq,metagenomeSeq,General abundance,100,0.28,0.320353340276424,0.0320353340276424,0.217210745305821,0.342789254694179
Abundance,Taxonwise global null,60,Unconfounded,SACAT,SACAT present-conditional abundance,Present-conditional abundance,100,0.07,0.188293774338254,0.0188293774338254,0.0330944202297021,0.106905579770298
Abundance,Taxonwise global null,60,Unconfounded,LinDA,LinDA,General abundance,100,0.095,0.243034270352263,0.0243034270352263,0.0473652830109566,0.142634716989043
Abundance,Taxonwise global null,60,Unconfounded,ZINQ,ZINQ quantile abundance,Detected-sample quantile abundance,100,0.045,0.143811745632331,0.0143811745632331,0.0168128978560632,0.0731871021439368
Abundance,Taxonwise global null,60,Unconfounded,ANCOM-BC2,ANCOM-BC2,General abundance,100,0,0,0,0,0
Abundance,Depth-imbalanced null,60,Unconfounded,edgeR,edgeR,General abundance,100,0.02,0.121439181269781,0.0121439181269781,0,0.0438020795288771
Abundance,Depth-imbalanced null,60,Unconfounded,DESeq2,DESeq2,General abundance,100,0.035,0.146594334781051,0.0146594334781051,0.00626751038291392,0.0637324896170861
Abundance,Depth-imbalanced null,60,Unconfounded,corncob,corncob,General abundance,100,0.06,0.178093154605032,0.0178093154605032,0.0250937416974138,0.0949062583025862
Abundance,Depth-imbalanced null,60,Unconfounded,MaAsLin 3,MaAsLin 3 abundance,Detected log abundance,100,0.02,0.0984731927834661,0.00984731927834661,0.000699254214440635,0.0393007457855594
Abundance,Depth-imbalanced null,60,Unconfounded,metagenomeSeq,metagenomeSeq,General abundance,100,0.86,0.275973941091575,0.0275973941091575,0.805909107546052,0.914090892453949
Abundance,Depth-imbalanced null,60,Unconfounded,SACAT,SACAT present-conditional abundance,Present-conditional abundance,100,0.085,0.201697343021216,0.0201697343021216,0.0454673207678416,0.124532679232158
Abundance,Depth-imbalanced null,60,Unconfounded,LinDA,LinDA,General abundance,100,0.19,0.307974812035798,0.0307974812035798,0.129636936840984,0.250363063159016
Abundance,Depth-imbalanced null,60,Unconfounded,ZINQ,ZINQ quantile abundance,Detected-sample quantile abundance,100,0.05,0.150755672288882,0.0150755672288882,0.0204518882313792,0.0795481117686208
Abundance,Depth-imbalanced null,60,Unconfounded,ANCOM-BC2,ANCOM-BC2,General abundance,100,0,0,0,0,0
Abundance,Correlated-community null,60,Unconfounded,edgeR,edgeR,General abundance,100,0,0,0,0,0
Abundance,Correlated-community null,60,Unconfounded,DESeq2,DESeq2,General abundance,100,0.01,0.0703526470681448,0.00703526470681448,0,0.0237891188253564
Abundance,Correlated-community null,60,Unconfounded,corncob,corncob,General abundance,100,0.045,0.143811745632331,0.0143811745632331,0.0168128978560632,0.0731871021439368
Abundance,Correlated-community null,60,Unconfounded,MaAsLin 3,MaAsLin 3 abundance,Detected log abundance,100,0.035,0.128216199988121,0.0128216199988121,0.00986962480232817,0.0601303751976718
Abundance,Correlated-community null,60,Unconfounded,metagenomeSeq,metagenomeSeq,General abundance,100,0.325,0.328564370336385,0.0328564370336385,0.260601383414068,0.389398616585932
Abundance,Correlated-community null,60,Unconfounded,SACAT,SACAT present-conditional abundance,Present-conditional abundance,100,0.08,0.221564683762799,0.0221564683762799,0.0365733219824913,0.123426678017509
Abundance,Correlated-community null,60,Unconfounded,LinDA,LinDA,General abundance,100,0.06,0.204494943258218,0.0204494943258218,0.0199189911213892,0.100081008878611
Abundance,Correlated-community null,60,Unconfounded,ZINQ,ZINQ quantile abundance,Detected-sample quantile abundance,100,0.045,0.143811745632331,0.0143811745632331,0.0168128978560632,0.0731871021439369
Abundance,Correlated-community null,60,Unconfounded,ANCOM-BC2,ANCOM-BC2,General abundance,100,0,0,0,0,0
Abundance,Taxonwise global null,80,Unconfounded,edgeR,edgeR,General abundance,100,0.015,0.111350751676807,0.0111350751676807,0,0.0368247473286541
Abundance,Taxonwise global null,80,Unconfounded,DESeq2,DESeq2,General abundance,100,0.03,0.138898989531707,0.0138898989531707,0.00277579805178538,0.0572242019482146
Abundance,Taxonwise global null,80,Unconfounded,corncob,corncob,General abundance,100,0.095,0.243034270352263,0.0243034270352262,0.0473652830109566,0.142634716989043
Abundance,Taxonwise global null,80,Unconfounded,MaAsLin 3,MaAsLin 3 abundance,Detected log abundance,100,0.05,0.150755672288882,0.0150755672288882,0.0204518882313792,0.0795481117686208
Abundance,Taxonwise global null,80,Unconfounded,metagenomeSeq,metagenomeSeq,General abundance,100,0.32,0.365977313421739,0.0365977313421739,0.248268446569339,0.391731553430661
Abundance,Taxonwise global null,80,Unconfounded,SACAT,SACAT present-conditional abundance,Present-conditional abundance,100,0.09,0.217655088095219,0.0217655088095219,0.0473396027333371,0.132660397266663
Abundance,Taxonwise global null,80,Unconfounded,LinDA,LinDA,General abundance,100,0.105,0.249190608964222,0.0249190608964222,0.0561586406430126,0.153841359356987
Abundance,Taxonwise global null,80,Unconfounded,ZINQ,ZINQ quantile abundance,Detected-sample quantile abundance,100,0.045,0.143811745632331,0.0143811745632331,0.0168128978560632,0.0731871021439368
Abundance,Taxonwise global null,80,Unconfounded,ANCOM-BC2,ANCOM-BC2,General abundance,100,0,0,0,0,0
Abundance,Depth-imbalanced null,80,Unconfounded,edgeR,edgeR,General abundance,100,0.015,0.111350751676807,0.0111350751676807,0,0.0368247473286541
Abundance,Depth-imbalanced null,80,Unconfounded,DESeq2,DESeq2,General abundance,100,0.045,0.175450358457395,0.0175450358457395,0.0106117297423506,0.0793882702576493
Abundance,Depth-imbalanced null,80,Unconfounded,corncob,corncob,General abundance,100,0.09,0.239738915228103,0.0239738915228103,0.0430111726152919,0.136988827384708
Abundance,Depth-imbalanced null,80,Unconfounded,MaAsLin 3,MaAsLin 3 abundance,Detected log abundance,100,0.03,0.119341628287971,0.0119341628287971,0.00660904085555771,0.0533909591444423
Abundance,Depth-imbalanced null,80,Unconfounded,metagenomeSeq,metagenomeSeq,General abundance,100,0.915,0.213851170752753,0.0213851170752753,0.87308517053246,0.95691482946754
Abundance,Depth-imbalanced null,80,Unconfounded,SACAT,SACAT present-conditional abundance,Present-conditional abundance,100,0.075,0.192996048528137,0.0192996048528137,0.0371727744884852,0.112827225511515
Abundance,Depth-imbalanced null,80,Unconfounded,LinDA,LinDA,General abundance,100,0.305,0.361639085668057,0.0361639085668057,0.234118739209061,0.375881260790939
Abundance,Depth-imbalanced null,80,Unconfounded,ZINQ,ZINQ quantile abundance,Detected-sample quantile abundance,100,0.04,0.136329962172145,0.0136329962172146,0.0132793274142595,0.0667206725857405
Abundance,Depth-imbalanced null,80,Unconfounded,ANCOM-BC2,ANCOM-BC2,General abundance,100,0,0,0,0,0
Abundance,Correlated-community null,80,Unconfounded,edgeR,edgeR,General abundance,100,0,0,0,0,0
Abundance,Correlated-community null,80,Unconfounded,DESeq2,DESeq2,General abundance,100,0.02,0.0984731927834661,0.00984731927834661,0.000699254214440628,0.0393007457855594
Abundance,Correlated-community null,80,Unconfounded,corncob,corncob,General abundance,100,0.05,0.18118576883487,0.018118576883487,0.0144875893083655,0.0855124106916344
Abundance,Correlated-community null,80,Unconfounded,MaAsLin 3,MaAsLin 3 abundance,Detected log abundance,100,0.05,0.150755672288882,0.0150755672288882,0.0204518882313792,0.0795481117686208
Abundance,Correlated-community null,80,Unconfounded,metagenomeSeq,metagenomeSeq,General abundance,100,0.32,0.351906782882035,0.0351906782882035,0.251026270555121,0.388973729444879
Abundance,Correlated-community null,80,Unconfounded,SACAT,SACAT present-conditional abundance,Present-conditional abundance,100,0.07,0.201258665664489,0.0201258665664489,0.0305533015297601,0.10944669847024
Abundance,Correlated-community null,80,Unconfounded,LinDA,LinDA,General abundance,100,0.065,0.209074439404058,0.0209074439404058,0.0240214098768047,0.105978590123195
Abundance,Correlated-community null,80,Unconfounded,ZINQ,ZINQ quantile abundance,Detected-sample quantile abundance,100,0.065,0.168998834494815,0.0168998834494815,0.0318762284390162,0.0981237715609838
Abundance,Correlated-community null,80,Unconfounded,ANCOM-BC2,ANCOM-BC2,General abundance,100,0.005,0.05,0.005,0,0.0148
Abundance,Taxonwise global null,120,Unconfounded,edgeR,edgeR,General abundance,100,0.02,0.121439181269781,0.0121439181269781,0,0.0438020795288771
Abundance,Taxonwise global null,120,Unconfounded,DESeq2,DESeq2,General abundance,100,0.02,0.121439181269781,0.0121439181269781,0,0.0438020795288771
Abundance,Taxonwise global null,120,Unconfounded,corncob,corncob,General abundance,100,0.06,0.191748994176441,0.0191748994176441,0.0224171971414176,0.0975828028585824
Abundance,Taxonwise global null,120,Unconfounded,MaAsLin 3,MaAsLin 3 abundance,Detected log abundance,100,0.035,0.128216199988121,0.0128216199988121,0.00986962480232818,0.0601303751976718
Abundance,Taxonwise global null,120,Unconfounded,metagenomeSeq,metagenomeSeq,General abundance,100,0.27,0.34392270684389,0.034392270684389,0.202591149458598,0.337408850541403
Abundance,Taxonwise global null,120,Unconfounded,SACAT,SACAT present-conditional abundance,Present-conditional abundance,100,0.06,0.178093154605032,0.0178093154605032,0.0250937416974138,0.0949062583025862
Abundance,Taxonwise global null,120,Unconfounded,LinDA,LinDA,General abundance,100,0.075,0.192996048528137,0.0192996048528137,0.0371727744884853,0.112827225511515
Abundance,Taxonwise global null,120,Unconfounded,ZINQ,ZINQ quantile abundance,Detected-sample quantile abundance,100,0.075,0.192996048528136,0.0192996048528136,0.0371727744884853,0.112827225511515
Abundance,Taxonwise global null,120,Unconfounded,ANCOM-BC2,ANCOM-BC2,General abundance,100,0.005,0.05,0.005,0,0.0148
Abundance,Depth-imbalanced null,120,Unconfounded,edgeR,edgeR,General abundance,100,0.02,0.121439181269781,0.0121439181269781,0,0.0438020795288771
Abundance,Depth-imbalanced null,120,Unconfounded,DESeq2,DESeq2,General abundance,100,0.095,0.253211693284812,0.0253211693284812,0.0453705081161769,0.144629491883823
Abundance,Depth-imbalanced null,120,Unconfounded,corncob,corncob,General abundance,100,0.06,0.191748994176441,0.0191748994176441,0.0224171971414176,0.0975828028585824
Abundance,Depth-imbalanced null,120,Unconfounded,MaAsLin 3,MaAsLin 3 abundance,Detected log abundance,100,0.055,0.15723301886761,0.015723301886761,0.0241823283019484,0.0858176716980516
Abundance,Depth-imbalanced null,120,Unconfounded,metagenomeSeq,metagenomeSeq,General abundance,100,0.98,0.0984731927834661,0.00984731927834661,0.960699254214441,0.999300745785559
Abundance,Depth-imbalanced null,120,Unconfounded,SACAT,SACAT present-conditional abundance,Present-conditional abundance,100,0.06,0.178093154605032,0.0178093154605032,0.0250937416974138,0.0949062583025862
Abundance,Depth-imbalanced null,120,Unconfounded,LinDA,LinDA,General abundance,100,0.41,0.410592082955649,0.0410592082955649,0.329523951740693,0.490476048259307
Abundance,Depth-imbalanced null,120,Unconfounded,ZINQ,ZINQ quantile abundance,Detected-sample quantile abundance,100,0.05,0.150755672288882,0.0150755672288882,0.0204518882313792,0.0795481117686208
Abundance,Depth-imbalanced null,120,Unconfounded,ANCOM-BC2,ANCOM-BC2,General abundance,100,0.005,0.05,0.005,0,0.0148
Abundance,Correlated-community null,120,Unconfounded,edgeR,edgeR,General abundance,100,0,0,0,0,0
Abundance,Correlated-community null,120,Unconfounded,DESeq2,DESeq2,General abundance,100,0.005,0.05,0.005,0,0.0148
Abundance,Correlated-community null,120,Unconfounded,corncob,corncob,General abundance,100,0.09,0.228963408483195,0.0228963408483195,0.0451231719372938,0.134876828062706
Abundance,Correlated-community null,120,Unconfounded,MaAsLin 3,MaAsLin 3 abundance,Detected log abundance,100,0.055,0.186609839834968,0.0186609839834968,0.0184244713923463,0.0915755286076537
Abundance,Correlated-community null,120,Unconfounded,metagenomeSeq,metagenomeSeq,General abundance,100,0.345,0.373996975086347,0.0373996975086347,0.271696592883076,0.418303407116924
Abundance,Correlated-community null,120,Unconfounded,SACAT,SACAT present-conditional abundance,Present-conditional abundance,100,0.08,0.221564683762799,0.0221564683762799,0.0365733219824914,0.123426678017509
Abundance,Correlated-community null,120,Unconfounded,LinDA,LinDA,General abundance,100,0.09,0.239738915228103,0.0239738915228103,0.0430111726152919,0.136988827384708
Abundance,Correlated-community null,120,Unconfounded,ZINQ,ZINQ quantile abundance,Detected-sample quantile abundance,100,0.06,0.163299316185545,0.0163299316185545,0.0279933340276331,0.0920066659723669
Abundance,Correlated-community null,120,Unconfounded,ANCOM-BC2,ANCOM-BC2,General abundance,100,0,0,0,0,0
Abundance,Taxonwise global null,60,Confounded,edgeR,edgeR,General abundance,100,0.01,0.0703526470681448,0.00703526470681448,0,0.0237891188253564
Abundance,Taxonwise global null,60,Confounded,DESeq2,DESeq2,General abundance,100,0.04,0.136329962172145,0.0136329962172145,0.0132793274142595,0.0667206725857405
Abundance,Taxonwise global null,60,Confounded,corncob,corncob,General abundance,100,0.085,0.225350456584468,0.0225350456584468,0.0408313105094442,0.129168689490556
Abundance,Taxonwise global null,60,Confounded,MaAsLin 3,MaAsLin 3 abundance,Detected log abundance,100,0.03,0.119341628287971,0.0119341628287971,0.00660904085555768,0.0533909591444423
Abundance,Taxonwise global null,60,Confounded,metagenomeSeq,metagenomeSeq,General abundance,100,0.23,0.321140643848319,0.0321140643848319,0.167056433805729,0.292943566194271
Abundance,Taxonwise global null,60,Confounded,SACAT,SACAT present-conditional abundance,Present-conditional abundance,100,0.09,0.20572610996962,0.020572610996962,0.0496776824459544,0.130322317554046
Abundance,Taxonwise global null,60,Confounded,LinDA,LinDA,General abundance,100,0.125,0.259904799975886,0.0259904799975886,0.0740586592047264,0.175941340795274
Abundance,Taxonwise global null,60,Confounded,ZINQ,ZINQ quantile abundance,Detected-sample quantile abundance,100,0.03,0.138898989531707,0.0138898989531707,0.00277579805178539,0.0572242019482146
Abundance,Taxonwise global null,60,Confounded,ANCOM-BC2,ANCOM-BC2,General abundance,100,0,0,0,0,0
Abundance,Depth-imbalanced null,60,Confounded,edgeR,edgeR,General abundance,100,0.025,0.148647097502641,0.0148647097502641,0,0.0541348311105176
Abundance,Depth-imbalanced null,60,Confounded,DESeq2,DESeq2,General abundance,100,0.035,0.146594334781052,0.0146594334781052,0.00626751038291389,0.0637324896170861
Abundance,Depth-imbalanced null,60,Confounded,corncob,corncob,General abundance,100,0.145,0.295547770839986,0.0295547770839986,0.0870726369153628,0.202927363084637
Abundance,Depth-imbalanced null,60,Confounded,MaAsLin 3,MaAsLin 3 abundance,Detected log abundance,100,0.03,0.119341628287971,0.0119341628287971,0.00660904085555769,0.0533909591444423
Abundance,Depth-imbalanced null,60,Confounded,metagenomeSeq,metagenomeSeq,General abundance,100,0.85,0.261116483933547,0.0261116483933547,0.798821169149025,0.901178830850975
Abundance,Depth-imbalanced null,60,Confounded,SACAT,SACAT present-conditional abundance,Present-conditional abundance,100,0.065,0.196625573518849,0.0196625573518849,0.0264613875903057,0.103538612409694
Abundance,Depth-imbalanced null,60,Confounded,LinDA,LinDA,General abundance,100,0.175,0.320786596359699,0.0320786596359699,0.112125827113499,0.237874172886501
Abundance,Depth-imbalanced null,60,Confounded,ZINQ,ZINQ quantile abundance,Detected-sample quantile abundance,100,0.045,0.143811745632331,0.0143811745632331,0.0168128978560632,0.0731871021439368
Abundance,Depth-imbalanced null,60,Confounded,ANCOM-BC2,ANCOM-BC2,General abundance,100,0,0,0,0,0
Abundance,Correlated-community null,60,Confounded,edgeR,edgeR,General abundance,100,0.005,0.05,0.005,0,0.0148
Abundance,Correlated-community null,60,Confounded,DESeq2,DESeq2,General abundance,100,0.015,0.0857233039988826,0.00857233039988826,0,0.031801767583781
Abundance,Correlated-community null,60,Confounded,corncob,corncob,General abundance,100,0.05,0.150755672288882,0.0150755672288882,0.0204518882313792,0.0795481117686208
Abundance,Correlated-community null,60,Confounded,MaAsLin 3,MaAsLin 3 abundance,Detected log abundance,100,0.04,0.136329962172146,0.0136329962172146,0.0132793274142595,0.0667206725857405
Abundance,Correlated-community null,60,Confounded,metagenomeSeq,metagenomeSeq,General abundance,100,0.245,0.337062473602611,0.0337062473602611,0.178935755173888,0.311064244826112
Abundance,Correlated-community null,60,Confounded,SACAT,SACAT present-conditional abundance,Present-conditional abundance,100,0.075,0.192996048528137,0.0192996048528137,0.0371727744884852,0.112827225511515
Abundance,Correlated-community null,60,Confounded,LinDA,LinDA,General abundance,100,0.06,0.204494943258218,0.0204494943258218,0.0199189911213892,0.100081008878611
Abundance,Correlated-community null,60,Confounded,ZINQ,ZINQ quantile abundance,Detected-sample quantile abundance,100,0.03,0.119341628287971,0.0119341628287971,0.00660904085555769,0.0533909591444423
Abundance,Correlated-community null,60,Confounded,ANCOM-BC2,ANCOM-BC2,General abundance,100,0,0,0,0,0
Abundance,Taxonwise global null,80,Confounded,edgeR,edgeR,General abundance,100,0.025,0.130558241966773,0.0130558241966773,0,0.0505894154254876
Abundance,Taxonwise global null,80,Confounded,DESeq2,DESeq2,General abundance,100,0.035,0.162912258717397,0.0162912258717397,0.00306919729139022,0.0669308027086098
Abundance,Taxonwise global null,80,Confounded,corncob,corncob,General abundance,100,0.11,0.241836408517925,0.0241836408517925,0.0626000639304868,0.157399936069513
Abundance,Taxonwise global null,80,Confounded,MaAsLin 3,MaAsLin 3 abundance,Detected log abundance,100,0.055,0.186609839834968,0.0186609839834968,0.0184244713923463,0.0915755286076537
Abundance,Taxonwise global null,80,Confounded,metagenomeSeq,metagenomeSeq,General abundance,100,0.27,0.378860599080128,0.0378860599080128,0.195743322580295,0.344256677419705
Abundance,Taxonwise global null,80,Confounded,SACAT,SACAT present-conditional abundance,Present-conditional abundance,100,0.115,0.254802359534292,0.0254802359534292,0.0650587375312788,0.164941262468721
Abundance,Taxonwise global null,80,Confounded,LinDA,LinDA,General abundance,100,0.09,0.239738915228103,0.0239738915228103,0.0430111726152918,0.136988827384708
Abundance,Taxonwise global null,80,Confounded,ZINQ,ZINQ quantile abundance,Detected-sample quantile abundance,100,0.045,0.160412977131912,0.0160412977131912,0.0135590564821453,0.0764409435178547
Abundance,Taxonwise global null,80,Confounded,ANCOM-BC2,ANCOM-BC2,General abundance,100,0.01,0.0703526470681448,0.00703526470681448,0,0.0237891188253564
Abundance,Depth-imbalanced null,80,Confounded,edgeR,edgeR,General abundance,100,0,0,0,0,0
Abundance,Depth-imbalanced null,80,Confounded,DESeq2,DESeq2,General abundance,100,0.03,0.119341628287971,0.0119341628287971,0.00660904085555767,0.0533909591444423
Abundance,Depth-imbalanced null,80,Confounded,corncob,corncob,General abundance,100,0.07,0.201258665664489,0.0201258665664489,0.0305533015297602,0.10944669847024
Abundance,Depth-imbalanced null,80,Confounded,MaAsLin 3,MaAsLin 3 abundance,Detected log abundance,100,0.025,0.109521456778795,0.0109521456778795,0.00353379447135615,0.0464662055286438
Abundance,Depth-imbalanced null,80,Confounded,metagenomeSeq,metagenomeSeq,General abundance,100,0.875,0.239686242720551,0.0239686242720551,0.828021496426772,0.921978503573228
Abundance,Depth-imbalanced null,80,Confounded,SACAT,SACAT present-conditional abundance,Present-conditional abundance,100,0.075,0.192996048528137,0.0192996048528137,0.0371727744884852,0.112827225511515
Abundance,Depth-imbalanced null,80,Confounded,LinDA,LinDA,General abundance,100,0.29,0.363623737154524,0.0363623737154524,0.218729747517713,0.361270252482287
Abundance,Depth-imbalanced null,80,Confounded,ZINQ,ZINQ quantile abundance,Detected-sample quantile abundance,100,0.045,0.143811745632331,0.0143811745632331,0.0168128978560632,0.0731871021439368
Abundance,Depth-imbalanced null,80,Confounded,ANCOM-BC2,ANCOM-BC2,General abundance,100,0,0,0,0,0
Abundance,Correlated-community null,80,Confounded,edgeR,edgeR,General abundance,100,0.005,0.05,0.005,0,0.0148
Abundance,Correlated-community null,80,Confounded,DESeq2,DESeq2,General abundance,100,0.035,0.162912258717397,0.0162912258717397,0.00306919729139023,0.0669308027086097
Abundance,Correlated-community null,80,Confounded,corncob,corncob,General abundance,100,0.08,0.197458600698726,0.0197458600698726,0.0412981142630496,0.11870188573695
Abundance,Correlated-community null,80,Confounded,MaAsLin 3,MaAsLin 3 abundance,Detected log abundance,100,0.04,0.136329962172145,0.0136329962172145,0.0132793274142595,0.0667206725857405
Abundance,Correlated-community null,80,Confounded,metagenomeSeq,metagenomeSeq,General abundance,100,0.345,0.353160335006952,0.0353160335006952,0.275780574338638,0.414219425661363
Abundance,Correlated-community null,80,Confounded,SACAT,SACAT present-conditional abundance,Present-conditional abundance,100,0.085,0.213851170752753,0.0213851170752753,0.0430851705324604,0.12691482946754
Abundance,Correlated-community null,80,Confounded,LinDA,LinDA,General abundance,100,0.08,0.221564683762799,0.0221564683762799,0.0365733219824914,0.123426678017509
Abundance,Correlated-community null,80,Confounded,ZINQ,ZINQ quantile abundance,Detected-sample quantile abundance,100,0.055,0.15723301886761,0.015723301886761,0.0241823283019484,0.0858176716980516
Abundance,Correlated-community null,80,Confounded,ANCOM-BC2,ANCOM-BC2,General abundance,100,0,0,0,0,0
Abundance,Taxonwise global null,120,Confounded,edgeR,edgeR,General abundance,100,0.015,0.0857233039988827,0.00857233039988827,0,0.031801767583781
Abundance,Taxonwise global null,120,Confounded,DESeq2,DESeq2,General abundance,100,0.025,0.109521456778795,0.0109521456778795,0.00353379447135612,0.0464662055286439
Abundance,Taxonwise global null,120,Confounded,corncob,corncob,General abundance,100,0.065,0.196625573518849,0.0196625573518849,0.0264613875903057,0.103538612409694
Abundance,Taxonwise global null,120,Confounded,MaAsLin 3,MaAsLin 3 abundance,Detected log abundance,100,0.04,0.169371983181601,0.0169371983181601,0.00680309129640613,0.0731969087035939
Abundance,Taxonwise global null,120,Confounded,metagenomeSeq,metagenomeSeq,General abundance,100,0.215,0.327640786301835,0.0327640786301835,0.15078240588484,0.27921759411516
Abundance,Taxonwise global null,120,Confounded,SACAT,SACAT present-conditional abundance,Present-conditional abundance,100,0.065,0.209074439404058,0.0209074439404058,0.0240214098768046,0.105978590123195
Abundance,Taxonwise global null,120,Confounded,LinDA,LinDA,General abundance,100,0.085,0.225350456584468,0.0225350456584468,0.0408313105094442,0.129168689490556
Abundance,Taxonwise global null,120,Confounded,ZINQ,ZINQ quantile abundance,Detected-sample quantile abundance,100,0.065,0.183333333333333,0.0183333333333333,0.0290666666666667,0.100933333333333
Abundance,Taxonwise global null,120,Confounded,ANCOM-BC2,ANCOM-BC2,General abundance,100,0,0,0,0,0
Abundance,Depth-imbalanced null,120,Confounded,edgeR,edgeR,General abundance,100,0.02,0.121439181269781,0.0121439181269781,0,0.0438020795288771
Abundance,Depth-imbalanced null,120,Confounded,DESeq2,DESeq2,General abundance,100,0.055,0.17254775360093,0.017254775360093,0.0211806402942177,0.0888193597057823
Abundance,Depth-imbalanced null,120,Confounded,corncob,corncob,General abundance,100,0.11,0.231158697509619,0.0231158697509619,0.0646928952881147,0.155307104711885
Abundance,Depth-imbalanced null,120,Confounded,MaAsLin 3,MaAsLin 3 abundance,Detected log abundance,100,0.065,0.183333333333333,0.0183333333333333,0.0290666666666667,0.100933333333333
Abundance,Depth-imbalanced null,120,Confounded,metagenomeSeq,metagenomeSeq,General abundance,100,0.99,0.0703526470681448,0.00703526470681448,0.976210881174644,1
Abundance,Depth-imbalanced null,120,Confounded,SACAT,SACAT present-conditional abundance,Present-conditional abundance,100,0.075,0.205664726674216,0.0205664726674216,0.0346897135718537,0.115310286428146
Abundance,Depth-imbalanced null,120,Confounded,LinDA,LinDA,General abundance,100,0.4,0.395683783551533,0.0395683783551533,0.3224459784239,0.477554021576101
Abundance,Depth-imbalanced null,120,Confounded,ZINQ,ZINQ quantile abundance,Detected-sample quantile abundance,100,0.05,0.150755672288882,0.0150755672288882,0.0204518882313792,0.0795481117686208
Abundance,Depth-imbalanced null,120,Confounded,ANCOM-BC2,ANCOM-BC2,General abundance,100,0,0,0,0,0
Abundance,Correlated-community null,120,Confounded,edgeR,edgeR,General abundance,100,0,0,0,0,0
Abundance,Correlated-community null,120,Confounded,DESeq2,DESeq2,General abundance,100,0.01,0.0703526470681448,0.00703526470681448,0,0.0237891188253564
Abundance,Correlated-community null,120,Confounded,corncob,corncob,General abundance,100,0.12,0.276339711883103,0.0276339711883103,0.0658374164709117,0.174162583529088
Abundance,Correlated-community null,120,Confounded,MaAsLin 3,MaAsLin 3 abundance,Detected log abundance,100,0.03,0.119341628287971,0.0119341628287971,0.00660904085555766,0.0533909591444423
Abundance,Correlated-community null,120,Confounded,metagenomeSeq,metagenomeSeq,General abundance,100,0.4,0.362371537669739,0.0362371537669739,0.328975178616731,0.471024821383269
Abundance,Correlated-community null,120,Confounded,SACAT,SACAT present-conditional abundance,Present-conditional abundance,100,0.065,0.168998834494815,0.0168998834494815,0.0318762284390162,0.0981237715609838
Abundance,Correlated-community null,120,Confounded,LinDA,LinDA,General abundance,100,0.0949999999999999,0.262995563967659,0.0262995563967659,0.0434528694623388,0.146547130537661
Abundance,Correlated-community null,120,Confounded,ZINQ,ZINQ quantile abundance,Detected-sample quantile abundance,100,0.05,0.166666666666667,0.0166666666666667,0.0173333333333333,0.0826666666666666
Abundance,Correlated-community null,120,Confounded,ANCOM-BC2,ANCOM-BC2,General abundance,100,0.005,0.05,0.005,0,0.0148
Structural or prevalence,Taxonwise global null,60,Unconfounded,SACAT,SACAT structural absence,Structural absence,100,0.055,0.199684093942751,0.0199684093942751,0.0158619175872208,0.0941380824127792
Structural or prevalence,Taxonwise global null,60,Unconfounded,MaAsLin 3,MaAsLin 3 prevalence,Observed prevalence,100,0.02,0.0984731927834661,0.00984731927834661,0.000699254214440632,0.0393007457855594
Structural or prevalence,Taxonwise global null,60,Unconfounded,ZINQ,ZINQ Firth prevalence,Observed prevalence,100,0.07,0.224957908520818,0.0224957908520818,0.0259082499299197,0.11409175007008
Structural or prevalence,Depth-imbalanced null,60,Unconfounded,SACAT,SACAT structural absence,Structural absence,100,0.035,0.128216199988121,0.0128216199988121,0.00986962480232817,0.0601303751976718
Structural or prevalence,Depth-imbalanced null,60,Unconfounded,MaAsLin 3,MaAsLin 3 prevalence,Observed prevalence,100,0.045,0.175450358457395,0.0175450358457395,0.0106117297423506,0.0793882702576494
Structural or prevalence,Depth-imbalanced null,60,Unconfounded,ZINQ,ZINQ Firth prevalence,Observed prevalence,100,0.06,0.191748994176441,0.0191748994176441,0.0224171971414175,0.0975828028585824
Structural or prevalence,Correlated-community null,60,Unconfounded,SACAT,SACAT structural absence,Structural absence,100,0.02,0.14070529413629,0.014070529413629,0,0.0475782376507127
Structural or prevalence,Correlated-community null,60,Unconfounded,MaAsLin 3,MaAsLin 3 prevalence,Observed prevalence,100,0.03,0.156023826204315,0.0156023826204315,0,0.0605806699360458
Structural or prevalence,Correlated-community null,60,Unconfounded,ZINQ,ZINQ Firth prevalence,Observed prevalence,100,0.035,0.162912258717397,0.0162912258717397,0.00306919729139023,0.0669308027086097
Structural or prevalence,Taxonwise global null,80,Unconfounded,SACAT,SACAT structural absence,Structural absence,100,0.045,0.175450358457395,0.0175450358457395,0.0106117297423506,0.0793882702576494
Structural or prevalence,Taxonwise global null,80,Unconfounded,MaAsLin 3,MaAsLin 3 prevalence,Observed prevalence,100,0.045,0.175450358457395,0.0175450358457395,0.0106117297423507,0.0793882702576494
Structural or prevalence,Taxonwise global null,80,Unconfounded,ZINQ,ZINQ Firth prevalence,Observed prevalence,100,0.075,0.228908256511184,0.0228908256511184,0.0301339817238079,0.119866018276192
Structural or prevalence,Depth-imbalanced null,80,Unconfounded,SACAT,SACAT structural absence,Structural absence,100,0.04,0.169371983181601,0.0169371983181601,0.00680309129640615,0.0731969087035938
Structural or prevalence,Depth-imbalanced null,80,Unconfounded,MaAsLin 3,MaAsLin 3 prevalence,Observed prevalence,100,0.035,0.146594334781051,0.0146594334781051,0.00626751038291392,0.0637324896170861
Structural or prevalence,Depth-imbalanced null,80,Unconfounded,ZINQ,ZINQ Firth prevalence,Observed prevalence,100,0.05,0.166666666666667,0.0166666666666667,0.0173333333333333,0.0826666666666666
Structural or prevalence,Correlated-community null,80,Unconfounded,SACAT,SACAT structural absence,Structural absence,100,0.05,0.194624736040381,0.0194624736040381,0.0118535517360854,0.0881464482639146
Structural or prevalence,Correlated-community null,80,Unconfounded,MaAsLin 3,MaAsLin 3 prevalence,Observed prevalence,100,0.03,0.138898989531707,0.0138898989531707,0.00277579805178538,0.0572242019482146
Structural or prevalence,Correlated-community null,80,Unconfounded,ZINQ,ZINQ Firth prevalence,Observed prevalence,100,0.055,0.199684093942751,0.0199684093942751,0.0158619175872208,0.0941380824127792
Structural or prevalence,Taxonwise global null,120,Unconfounded,SACAT,SACAT structural absence,Structural absence,100,0.015,0.0857233039988826,0.00857233039988826,0,0.031801767583781
Structural or prevalence,Taxonwise global null,120,Unconfounded,MaAsLin 3,MaAsLin 3 prevalence,Observed prevalence,100,0.025,0.109521456778795,0.0109521456778795,0.00353379447135615,0.0464662055286439
Structural or prevalence,Taxonwise global null,120,Unconfounded,ZINQ,ZINQ Firth prevalence,Observed prevalence,100,0.025,0.109521456778795,0.0109521456778795,0.00353379447135615,0.0464662055286439
Structural or prevalence,Depth-imbalanced null,120,Unconfounded,SACAT,SACAT structural absence,Structural absence,100,0.025,0.109521456778795,0.0109521456778795,0.00353379447135611,0.0464662055286439
Structural or prevalence,Depth-imbalanced null,120,Unconfounded,MaAsLin 3,MaAsLin 3 prevalence,Observed prevalence,100,0.03,0.156023826204315,0.0156023826204315,0,0.0605806699360458
Structural or prevalence,Depth-imbalanced null,120,Unconfounded,ZINQ,ZINQ Firth prevalence,Observed prevalence,100,0.055,0.199684093942751,0.0199684093942751,0.0158619175872208,0.0941380824127792
Structural or prevalence,Correlated-community null,120,Unconfounded,SACAT,SACAT structural absence,Structural absence,100,0.04,0.153741222957162,0.0153741222957162,0.00986672030039635,0.0701332796996037
Structural or prevalence,Correlated-community null,120,Unconfounded,MaAsLin 3,MaAsLin 3 prevalence,Observed prevalence,100,0.03,0.138898989531707,0.0138898989531707,0.00277579805178541,0.0572242019482146
Structural or prevalence,Correlated-community null,120,Unconfounded,ZINQ,ZINQ Firth prevalence,Observed prevalence,100,0.03,0.138898989531707,0.0138898989531707,0.00277579805178541,0.0572242019482146
Structural or prevalence,Taxonwise global null,60,Confounded,SACAT,SACAT structural absence,Structural absence,100,0.035,0.146594334781051,0.0146594334781051,0.00626751038291393,0.0637324896170861
Structural or prevalence,Taxonwise global null,60,Confounded,MaAsLin 3,MaAsLin 3 prevalence,Observed prevalence,100,0.02,0.121439181269781,0.0121439181269781,0,0.0438020795288771
Structural or prevalence,Taxonwise global null,60,Confounded,ZINQ,ZINQ Firth prevalence,Observed prevalence,100,0.06,0.191748994176441,0.0191748994176441,0.0224171971414175,0.0975828028585824
Structural or prevalence,Depth-imbalanced null,60,Confounded,SACAT,SACAT structural absence,Structural absence,100,0.04,0.1836773631599,0.01836773631599,0.00399923682065963,0.0760007631793403
Structural or prevalence,Depth-imbalanced null,60,Confounded,MaAsLin 3,MaAsLin 3 prevalence,Observed prevalence,100,0.04,0.1836773631599,0.01836773631599,0.00399923682065965,0.0760007631793403
Structural or prevalence,Depth-imbalanced null,60,Confounded,ZINQ,ZINQ Firth prevalence,Observed prevalence,100,0.055,0.211953396821666,0.0211953396821666,0.0134571342229535,0.0965428657770465
Structural or prevalence,Correlated-community null,60,Confounded,SACAT,SACAT structural absence,Structural absence,100,0.04,0.1836773631599,0.01836773631599,0.00399923682065966,0.0760007631793403
Structural or prevalence,Correlated-community null,60,Confounded,MaAsLin 3,MaAsLin 3 prevalence,Observed prevalence,100,0.03,0.156023826204315,0.0156023826204315,0,0.0605806699360458
Structural or prevalence,Correlated-community null,60,Confounded,ZINQ,ZINQ Firth prevalence,Observed prevalence,100,0.045,0.189296944860009,0.0189296944860009,0.00789779880743818,0.0821022011925618
Structural or prevalence,Taxonwise global null,80,Confounded,SACAT,SACAT structural absence,Structural absence,100,0.015,0.0857233039988826,0.00857233039988826,0,0.031801767583781
Structural or prevalence,Taxonwise global null,80,Confounded,MaAsLin 3,MaAsLin 3 prevalence,Observed prevalence,100,0.02,0.0984731927834662,0.00984731927834662,0.000699254214440614,0.0393007457855594
Structural or prevalence,Taxonwise global null,80,Confounded,ZINQ,ZINQ Firth prevalence,Observed prevalence,100,0.05,0.166666666666667,0.0166666666666667,0.0173333333333333,0.0826666666666667
Structural or prevalence,Depth-imbalanced null,80,Confounded,SACAT,SACAT structural absence,Structural absence,100,0.015,0.0857233039988827,0.00857233039988827,0,0.031801767583781
Structural or prevalence,Depth-imbalanced null,80,Confounded,MaAsLin 3,MaAsLin 3 prevalence,Observed prevalence,100,0.015,0.0857233039988827,0.00857233039988827,0,0.031801767583781
Structural or prevalence,Depth-imbalanced null,80,Confounded,ZINQ,ZINQ Firth prevalence,Observed prevalence,100,0.03,0.119341628287971,0.0119341628287971,0.00660904085555769,0.0533909591444423
Structural or prevalence,Correlated-community null,80,Confounded,SACAT,SACAT structural absence,Structural absence,100,0.03,0.156023826204315,0.0156023826204315,0,0.0605806699360457
Structural or prevalence,Correlated-community null,80,Confounded,MaAsLin 3,MaAsLin 3 prevalence,Observed prevalence,100,0.03,0.138898989531707,0.0138898989531707,0.00277579805178538,0.0572242019482146
Structural or prevalence,Correlated-community null,80,Confounded,ZINQ,ZINQ Firth prevalence,Observed prevalence,100,0.05,0.194624736040381,0.0194624736040381,0.0118535517360854,0.0881464482639146
Structural or prevalence,Taxonwise global null,120,Confounded,SACAT,SACAT structural absence,Structural absence,100,0.015,0.0857233039988826,0.00857233039988826,0,0.031801767583781
Structural or prevalence,Taxonwise global null,120,Confounded,MaAsLin 3,MaAsLin 3 prevalence,Observed prevalence,100,0.02,0.0984731927834661,0.00984731927834661,0.000699254214440635,0.0393007457855594
Structural or prevalence,Taxonwise global null,120,Confounded,ZINQ,ZINQ Firth prevalence,Observed prevalence,100,0.025,0.130558241966774,0.0130558241966774,0,0.0505894154254876
Structural or prevalence,Depth-imbalanced null,120,Confounded,SACAT,SACAT structural absence,Structural absence,100,0.045,0.175450358457395,0.0175450358457395,0.0106117297423506,0.0793882702576494
Structural or prevalence,Depth-imbalanced null,120,Confounded,MaAsLin 3,MaAsLin 3 prevalence,Observed prevalence,100,0.045,0.175450358457395,0.0175450358457395,0.0106117297423506,0.0793882702576494
Structural or prevalence,Depth-imbalanced null,120,Confounded,ZINQ,ZINQ Firth prevalence,Observed prevalence,100,0.05,0.18118576883487,0.018118576883487,0.0144875893083656,0.0855124106916344
Structural or prevalence,Correlated-community null,120,Confounded,SACAT,SACAT structural absence,Structural absence,100,0.03,0.119341628287971,0.0119341628287971,0.00660904085555767,0.0533909591444423
Structural or prevalence,Correlated-community null,120,Confounded,MaAsLin 3,MaAsLin 3 prevalence,Observed prevalence,100,0.015,0.111350751676807,0.0111350751676807,0,0.0368247473286541
Structural or prevalence,Correlated-community null,120,Confounded,ZINQ,ZINQ Firth prevalence,Observed prevalence,100,0.02,0.121439181269781,0.0121439181269781,0,0.0438020795288771
