"setting_id","method","component","status","n","warning_nonempty","proportion","warning_nonempty_proportion"
"NULL_BALANCED","DASRA","structural_absence","ok",4951,0,0.9902,0
"NULL_BALANCED","edgeR","general_abundance","ok",4575,47,0.915,0.0102732240437158
"NULL_BALANCED","DESeq2","general_abundance","ok",5000,5000,1,1
"NULL_BALANCED","corncob","general_abundance","ok",5000,0,1,0
"NULL_BALANCED","MaAsLin 3","detected_log_abundance","ok",5000,0,1,0
"NULL_BALANCED","metagenomeSeq","general_abundance","ok",5000,0,1,0
"NULL_BALANCED","DASRA","present_conditional_abundance","ok",5000,0,1,0
"NULL_BALANCED","LinDA","general_abundance","ok",5000,0,1,0
"NULL_BALANCED","ZINQ","detected_quantile_abundance","ok",5000,0,1,0
"NULL_BALANCED","MaAsLin 3","observed_prevalence","ok",5000,0,1,0
"NULL_BALANCED","ANCOM-BC2","general_abundance","ok",4580,4580,0.916,1
"NULL_BALANCED","ZINQ","observed_prevalence","ok",5000,0,1,0
"NULL_BALANCED","ANCOM-BC2","general_abundance","ok_after_sensitivity_exclusion",420,420,0.084,1
"NULL_BALANCED","edgeR","general_abundance","filterByExpr_excluded",425,3,0.085,0.00705882352941176
"NULL_BALANCED","DASRA","structural_absence","structural_absence_nonoptimal_nuisance_fit",28,0,0.0056,0
"NULL_FOURFOLD","DASRA","structural_absence","ok",4935,0,0.987,0
"NULL_FOURFOLD","edgeR","general_abundance","ok",4161,305,0.8322,0.0732996875751021
"NULL_FOURFOLD","DESeq2","general_abundance","ok",5000,5000,1,1
"NULL_FOURFOLD","corncob","general_abundance","ok",5000,0,1,0
"NULL_FOURFOLD","MaAsLin 3","detected_log_abundance","ok",5000,0,1,0
"NULL_FOURFOLD","metagenomeSeq","general_abundance","ok",4800,0,0.96,0
"NULL_FOURFOLD","DASRA","present_conditional_abundance","ok",5000,0,1,0
"NULL_FOURFOLD","LinDA","general_abundance","ok",5000,0,1,0
"NULL_FOURFOLD","ZINQ","detected_quantile_abundance","ok",5000,0,1,0
"NULL_FOURFOLD","MaAsLin 3","observed_prevalence","ok",5000,0,1,0
"NULL_FOURFOLD","ANCOM-BC2","general_abundance","ok",4174,4174,0.8348,1
"NULL_FOURFOLD","ZINQ","observed_prevalence","ok",5000,0,1,0
"NULL_FOURFOLD","ANCOM-BC2","general_abundance","ok_after_sensitivity_exclusion",826,826,0.1652,1
"NULL_FOURFOLD","edgeR","general_abundance","filterByExpr_excluded",839,45,0.1678,0.0536352800953516
"STRUCT_BALANCED","DASRA","structural_absence","ok",4950,0,0.99,0
"STRUCT_BALANCED","MaAsLin 3","observed_prevalence","ok",5000,0,1,0
"STRUCT_BALANCED","DASRA","present_conditional_abundance","ok",5000,0,1,0
"STRUCT_BALANCED","ZINQ","observed_prevalence","ok",5000,0,1,0
"STRUCT_BALANCED","ZINQ","detected_quantile_abundance","ok",5000,0,1,0
"STRUCT_BALANCED","MaAsLin 3","detected_log_abundance","ok",5000,0,1,0
"STRUCT_FOURFOLD","DASRA","structural_absence","ok",4947,0,0.9894,0
"STRUCT_FOURFOLD","MaAsLin 3","observed_prevalence","ok",5000,0,1,0
"STRUCT_FOURFOLD","DASRA","present_conditional_abundance","ok",5000,0,1,0
"STRUCT_FOURFOLD","ZINQ","observed_prevalence","ok",5000,0,1,0
"STRUCT_FOURFOLD","ZINQ","detected_quantile_abundance","ok",5000,0,1,0
"STRUCT_FOURFOLD","MaAsLin 3","detected_log_abundance","ok",5000,0,1,0
"STRUCT_FOURFOLD","DASRA","structural_absence","structural_absence_nonoptimal_nuisance_fit",32,0,0.0064,0
"ABUND_BALANCED","DASRA","structural_absence","ok",4959,0,0.9918,0
"ABUND_BALANCED","edgeR","general_abundance","ok",4392,40,0.8784,0.00910746812386157
"ABUND_BALANCED","DESeq2","general_abundance","ok",5000,5000,1,1
"ABUND_BALANCED","corncob","general_abundance","ok",5000,0,1,0
"ABUND_BALANCED","MaAsLin 3","detected_log_abundance","ok",5000,0,1,0
"ABUND_BALANCED","metagenomeSeq","general_abundance","ok",4900,0,0.98,0
"ABUND_BALANCED","DASRA","present_conditional_abundance","ok",5000,0,1,0
"ABUND_BALANCED","LinDA","general_abundance","ok",5000,0,1,0
"ABUND_BALANCED","ZINQ","detected_quantile_abundance","ok",5000,0,1,0
"ABUND_BALANCED","MaAsLin 3","observed_prevalence","ok",5000,0,1,0
"ABUND_BALANCED","ANCOM-BC2","general_abundance","ok",4495,4495,0.899,1
"ABUND_BALANCED","ZINQ","observed_prevalence","ok",5000,0,1,0
"ABUND_BALANCED","ANCOM-BC2","general_abundance","ok_after_sensitivity_exclusion",505,505,0.101,1
"ABUND_BALANCED","edgeR","general_abundance","filterByExpr_excluded",608,10,0.1216,0.0164473684210526
"ABUND_BALANCED","DASRA","structural_absence","structural_absence_nonoptimal_nuisance_fit",26,0,0.0052,0
"ABUND_FOURFOLD","DASRA","structural_absence","ok",4944,0,0.9888,0
"ABUND_FOURFOLD","edgeR","general_abundance","ok",3959,79,0.7918,0.0199545339732256
"ABUND_FOURFOLD","DESeq2","general_abundance","ok",5000,5000,1,1
"ABUND_FOURFOLD","corncob","general_abundance","ok",5000,0,1,0
"ABUND_FOURFOLD","MaAsLin 3","detected_log_abundance","ok",5000,0,1,0
"ABUND_FOURFOLD","metagenomeSeq","general_abundance","ok",4800,0,0.96,0
"ABUND_FOURFOLD","DASRA","present_conditional_abundance","ok",5000,0,1,0
"ABUND_FOURFOLD","LinDA","general_abundance","ok",5000,0,1,0
"ABUND_FOURFOLD","ZINQ","detected_quantile_abundance","ok",5000,0,1,0
"ABUND_FOURFOLD","MaAsLin 3","observed_prevalence","ok",5000,0,1,0
"ABUND_FOURFOLD","ANCOM-BC2","general_abundance","ok",4050,4050,0.81,1
"ABUND_FOURFOLD","ZINQ","observed_prevalence","ok",5000,0,1,0
"ABUND_FOURFOLD","ANCOM-BC2","general_abundance","ok_after_sensitivity_exclusion",950,950,0.19,1
"ABUND_FOURFOLD","edgeR","general_abundance","filterByExpr_excluded",1041,21,0.2082,0.0201729106628242
"ABUND_FOURFOLD","DASRA","structural_absence","structural_absence_persistent_boundary",26,0,0.0052,0
"JOINT_BALANCED","DASRA","structural_absence","ok",4956,0,0.9912,0
"JOINT_BALANCED","edgeR","general_abundance","ok",4393,0,0.8786,0
"JOINT_BALANCED","DESeq2","general_abundance","ok",5000,5000,1,1
"JOINT_BALANCED","corncob","general_abundance","ok",5000,0,1,0
"JOINT_BALANCED","MaAsLin 3","detected_log_abundance","ok",5000,0,1,0
"JOINT_BALANCED","metagenomeSeq","general_abundance","ok",4800,0,0.96,0
"JOINT_BALANCED","DASRA","present_conditional_abundance","ok",5000,0,1,0
"JOINT_BALANCED","LinDA","general_abundance","ok",5000,0,1,0
"JOINT_BALANCED","ZINQ","detected_quantile_abundance","ok",5000,0,1,0
"JOINT_BALANCED","MaAsLin 3","observed_prevalence","ok",5000,0,1,0
"JOINT_BALANCED","ANCOM-BC2","general_abundance","ok",4412,4412,0.8824,1
"JOINT_BALANCED","ZINQ","observed_prevalence","ok",5000,0,1,0
"JOINT_BALANCED","edgeR","general_abundance","filterByExpr_excluded",607,0,0.1214,0
"JOINT_FOURFOLD","DASRA","structural_absence","ok",4948,0,0.9896,0
"JOINT_FOURFOLD","edgeR","general_abundance","ok",3965,44,0.793,0.0110970996216898
"JOINT_FOURFOLD","DESeq2","general_abundance","ok",5000,5000,1,1
"JOINT_FOURFOLD","corncob","general_abundance","ok",5000,0,1,0
"JOINT_FOURFOLD","MaAsLin 3","detected_log_abundance","ok",5000,0,1,0
"JOINT_FOURFOLD","metagenomeSeq","general_abundance","ok",4650,0,0.93,0
"JOINT_FOURFOLD","DASRA","present_conditional_abundance","ok",5000,0,1,0
"JOINT_FOURFOLD","LinDA","general_abundance","ok",5000,0,1,0
"JOINT_FOURFOLD","ZINQ","detected_quantile_abundance","ok",5000,0,1,0
"JOINT_FOURFOLD","MaAsLin 3","observed_prevalence","ok",5000,0,1,0
"JOINT_FOURFOLD","ANCOM-BC2","general_abundance","ok",3946,3946,0.7892,1
"JOINT_FOURFOLD","ZINQ","observed_prevalence","ok",5000,0,1,0
"JOINT_FOURFOLD","ANCOM-BC2","general_abundance","ok_after_sensitivity_exclusion",1054,1054,0.2108,1
"JOINT_FOURFOLD","edgeR","general_abundance","filterByExpr_excluded",1035,6,0.207,0.00579710144927536
"ABUND40_SAME_BALANCED","DASRA","structural_absence","ok",4966,0,0.9932,0
"ABUND40_SAME_BALANCED","edgeR","general_abundance","ok",4411,38,0.8822,0.00861482656993879
"ABUND40_SAME_BALANCED","DESeq2","general_abundance","ok",5000,5000,1,1
"ABUND40_SAME_BALANCED","corncob","general_abundance","ok",5000,0,1,0
"ABUND40_SAME_BALANCED","MaAsLin 3","detected_log_abundance","ok",5000,0,1,0
"ABUND40_SAME_BALANCED","metagenomeSeq","general_abundance","ok",4900,0,0.98,0
"ABUND40_SAME_BALANCED","DASRA","present_conditional_abundance","ok",5000,0,1,0
"ABUND40_SAME_BALANCED","LinDA","general_abundance","ok",5000,0,1,0
"ABUND40_SAME_BALANCED","ZINQ","detected_quantile_abundance","ok",5000,0,1,0
"ABUND40_SAME_BALANCED","MaAsLin 3","observed_prevalence","ok",5000,0,1,0
"ABUND40_SAME_BALANCED","ANCOM-BC2","general_abundance","ok",4493,4493,0.8986,1
"ABUND40_SAME_BALANCED","ZINQ","observed_prevalence","ok",5000,0,1,0
"ABUND40_SAME_BALANCED","DASRA","structural_absence","structural_absence_nonoptimal_nuisance_fit",22,0,0.0044,0
"ABUND40_SAME_BALANCED","ANCOM-BC2","general_abundance","ok_after_sensitivity_exclusion",507,507,0.1014,1
"ABUND40_SAME_BALANCED","edgeR","general_abundance","filterByExpr_excluded",589,12,0.1178,0.0203735144312394
"ABUND60_SAME_BALANCED","DASRA","structural_absence","ok",4972,0,0.9944,0
"ABUND60_SAME_BALANCED","edgeR","general_abundance","ok",4314,39,0.8628,0.0090403337969402
"ABUND60_SAME_BALANCED","DESeq2","general_abundance","ok",5000,5000,1,1
"ABUND60_SAME_BALANCED","corncob","general_abundance","ok",5000,0,1,0
"ABUND60_SAME_BALANCED","MaAsLin 3","detected_log_abundance","ok",5000,0,1,0
"ABUND60_SAME_BALANCED","metagenomeSeq","general_abundance","ok",4750,0,0.95,0
"ABUND60_SAME_BALANCED","DASRA","present_conditional_abundance","ok",5000,0,1,0
"ABUND60_SAME_BALANCED","LinDA","general_abundance","ok",5000,0,1,0
"ABUND60_SAME_BALANCED","ZINQ","detected_quantile_abundance","ok",5000,0,1,0
"ABUND60_SAME_BALANCED","MaAsLin 3","observed_prevalence","ok",5000,0,1,0
"ABUND60_SAME_BALANCED","ANCOM-BC2","general_abundance","ok",4561,4561,0.9122,1
"ABUND60_SAME_BALANCED","ZINQ","observed_prevalence","ok",5000,0,1,0
"ABUND60_SAME_BALANCED","edgeR","general_abundance","filterByExpr_excluded",686,11,0.1372,0.0160349854227405
"ABUND60_SAME_BALANCED","ANCOM-BC2","general_abundance","ok_after_sensitivity_exclusion",439,439,0.0878,1
"ABUND_BALANCED","DASRA","structural_absence","structural_absence_persistent_boundary",15,0,0.003,0
"JOINT_BALANCED","ANCOM-BC2","general_abundance","ok_after_sensitivity_exclusion",588,588,0.1176,1
"JOINT_FOURFOLD","DASRA","structural_absence","structural_absence_nonoptimal_nuisance_fit",35,0,0.007,0
"JOINT_FOURFOLD","DASRA","structural_absence","structural_absence_persistent_boundary",17,0,0.0034,0
"NULL_FOURFOLD","DASRA","structural_absence","structural_absence_nonoptimal_nuisance_fit",43,0,0.0086,0
"STRUCT_BALANCED","DASRA","structural_absence","structural_absence_nonoptimal_nuisance_fit",30,0,0.006,0
"STRUCT_FOURFOLD","DASRA","structural_absence","structural_absence_persistent_boundary",21,0,0.0042,0
"JOINT_BALANCED","DASRA","structural_absence","structural_absence_persistent_boundary",17,0,0.0034,0
"NULL_BALANCED","DASRA","structural_absence","structural_absence_persistent_boundary",21,0,0.0042,0
"NULL_FOURFOLD","DASRA","structural_absence","structural_absence_persistent_boundary",22,0,0.0044,0
"ABUND_FOURFOLD","DASRA","structural_absence","structural_absence_nonoptimal_nuisance_fit",30,0,0.006,0
"STRUCT_BALANCED","DASRA","structural_absence","structural_absence_persistent_boundary",20,0,0.004,0
"ABUND60_SAME_BALANCED","DASRA","structural_absence","structural_absence_nonoptimal_nuisance_fit",14,0,0.0028,0
"JOINT_BALANCED","DASRA","structural_absence","structural_absence_nonoptimal_nuisance_fit",27,0,0.0054,0
"ABUND60_SAME_BALANCED","DASRA","structural_absence","structural_absence_persistent_boundary",14,0,0.0028,0
"ABUND40_SAME_BALANCED","DASRA","structural_absence","structural_absence_persistent_boundary",12,0,0.0024,0
"JOINT_BALANCED","metagenomeSeq","general_abundance","error: Warning sample with one or zero features",200,0,0.04,0
"JOINT_FOURFOLD","metagenomeSeq","general_abundance","error: Warning sample with one or zero features",350,0,0.07,0
"ABUND60_SAME_BALANCED","metagenomeSeq","general_abundance","error: Warning sample with one or zero features",250,0,0.05,0
"NULL_FOURFOLD","metagenomeSeq","general_abundance","error: Warning sample with one or zero features",200,0,0.04,0
"ABUND_BALANCED","metagenomeSeq","general_abundance","error: Warning sample with one or zero features",100,0,0.02,0
"ABUND_FOURFOLD","metagenomeSeq","general_abundance","error: Warning sample with one or zero features",200,0,0.04,0
"ABUND40_SAME_BALANCED","metagenomeSeq","general_abundance","error: Warning sample with one or zero features",100,0,0.02,0
