"dataset","dataset_label","replicate","scenario","method","n_taxa","n_available","availability_rate","n_rejections","type1_error"
"NHANESOral_2011_2012","NHANES Oral 2011-2012",1,"balanced","DASRA",30,30,1,0,0
"NHANESOral_2011_2012","NHANES Oral 2011-2012",1,"balanced","ZINQ",30,30,1,0,0
"NHANESOral_2011_2012","NHANES Oral 2011-2012",1,"balanced","MaAsLin3",30,30,1,0,0
"NHANESOral_2011_2012","NHANES Oral 2011-2012",1,"fourfold","DASRA",30,30,1,1,0.0333333333333333
"NHANESOral_2011_2012","NHANES Oral 2011-2012",1,"fourfold","ZINQ",30,30,1,0,0
"NHANESOral_2011_2012","NHANES Oral 2011-2012",1,"fourfold","MaAsLin3",30,30,1,1,0.0333333333333333
"NHANESOral_2011_2012","NHANES Oral 2011-2012",2,"balanced","DASRA",30,30,1,0,0
"NHANESOral_2011_2012","NHANES Oral 2011-2012",2,"balanced","ZINQ",30,30,1,0,0
"NHANESOral_2011_2012","NHANES Oral 2011-2012",2,"balanced","MaAsLin3",30,30,1,0,0
"NHANESOral_2011_2012","NHANES Oral 2011-2012",2,"fourfold","DASRA",30,30,1,0,0
"NHANESOral_2011_2012","NHANES Oral 2011-2012",2,"fourfold","ZINQ",30,30,1,2,0.0666666666666667
"NHANESOral_2011_2012","NHANES Oral 2011-2012",2,"fourfold","MaAsLin3",30,30,1,0,0
"NHANESOral_2011_2012","NHANES Oral 2011-2012",3,"balanced","DASRA",30,30,1,0,0
"NHANESOral_2011_2012","NHANES Oral 2011-2012",3,"balanced","ZINQ",30,30,1,1,0.0333333333333333
"NHANESOral_2011_2012","NHANES Oral 2011-2012",3,"balanced","MaAsLin3",30,30,1,2,0.0666666666666667
"NHANESOral_2011_2012","NHANES Oral 2011-2012",3,"fourfold","DASRA",30,30,1,2,0.0666666666666667
"NHANESOral_2011_2012","NHANES Oral 2011-2012",3,"fourfold","ZINQ",30,30,1,1,0.0333333333333333
"NHANESOral_2011_2012","NHANES Oral 2011-2012",3,"fourfold","MaAsLin3",30,30,1,0,0
"NHANESOral_2011_2012","NHANES Oral 2011-2012",4,"balanced","DASRA",30,30,1,0,0
"NHANESOral_2011_2012","NHANES Oral 2011-2012",4,"balanced","ZINQ",30,30,1,3,0.1
"NHANESOral_2011_2012","NHANES Oral 2011-2012",4,"balanced","MaAsLin3",30,30,1,1,0.0333333333333333
"NHANESOral_2011_2012","NHANES Oral 2011-2012",4,"fourfold","DASRA",30,30,1,0,0
"NHANESOral_2011_2012","NHANES Oral 2011-2012",4,"fourfold","ZINQ",30,30,1,0,0
"NHANESOral_2011_2012","NHANES Oral 2011-2012",4,"fourfold","MaAsLin3",30,30,1,0,0
"NHANESOral_2011_2012","NHANES Oral 2011-2012",5,"balanced","DASRA",30,30,1,1,0.0333333333333333
"NHANESOral_2011_2012","NHANES Oral 2011-2012",5,"balanced","ZINQ",30,30,1,3,0.1
"NHANESOral_2011_2012","NHANES Oral 2011-2012",5,"balanced","MaAsLin3",30,30,1,1,0.0333333333333333
"NHANESOral_2011_2012","NHANES Oral 2011-2012",5,"fourfold","DASRA",30,30,1,0,0
"NHANESOral_2011_2012","NHANES Oral 2011-2012",5,"fourfold","ZINQ",30,30,1,1,0.0333333333333333
"NHANESOral_2011_2012","NHANES Oral 2011-2012",5,"fourfold","MaAsLin3",30,30,1,1,0.0333333333333333
"NHANESOral_2011_2012","NHANES Oral 2011-2012",6,"balanced","DASRA",30,30,1,2,0.0666666666666667
"NHANESOral_2011_2012","NHANES Oral 2011-2012",6,"balanced","ZINQ",30,30,1,1,0.0333333333333333
"NHANESOral_2011_2012","NHANES Oral 2011-2012",6,"balanced","MaAsLin3",30,30,1,1,0.0333333333333333
"NHANESOral_2011_2012","NHANES Oral 2011-2012",6,"fourfold","DASRA",30,30,1,2,0.0666666666666667
"NHANESOral_2011_2012","NHANES Oral 2011-2012",6,"fourfold","ZINQ",30,30,1,5,0.166666666666667
"NHANESOral_2011_2012","NHANES Oral 2011-2012",6,"fourfold","MaAsLin3",30,30,1,11,0.366666666666667
"NHANESOral_2011_2012","NHANES Oral 2011-2012",7,"balanced","DASRA",30,30,1,1,0.0333333333333333
"NHANESOral_2011_2012","NHANES Oral 2011-2012",7,"balanced","ZINQ",30,30,1,1,0.0333333333333333
"NHANESOral_2011_2012","NHANES Oral 2011-2012",7,"balanced","MaAsLin3",30,30,1,0,0
"NHANESOral_2011_2012","NHANES Oral 2011-2012",7,"fourfold","DASRA",30,30,1,1,0.0333333333333333
"NHANESOral_2011_2012","NHANES Oral 2011-2012",7,"fourfold","ZINQ",30,30,1,1,0.0333333333333333
"NHANESOral_2011_2012","NHANES Oral 2011-2012",7,"fourfold","MaAsLin3",30,30,1,0,0
"NHANESOral_2011_2012","NHANES Oral 2011-2012",8,"balanced","DASRA",30,30,1,0,0
"NHANESOral_2011_2012","NHANES Oral 2011-2012",8,"balanced","ZINQ",30,30,1,1,0.0333333333333333
"NHANESOral_2011_2012","NHANES Oral 2011-2012",8,"balanced","MaAsLin3",30,30,1,2,0.0666666666666667
"NHANESOral_2011_2012","NHANES Oral 2011-2012",8,"fourfold","DASRA",30,30,1,2,0.0666666666666667
"NHANESOral_2011_2012","NHANES Oral 2011-2012",8,"fourfold","ZINQ",30,30,1,0,0
"NHANESOral_2011_2012","NHANES Oral 2011-2012",8,"fourfold","MaAsLin3",30,30,1,0,0
"NHANESOral_2011_2012","NHANES Oral 2011-2012",9,"balanced","DASRA",30,30,1,0,0
"NHANESOral_2011_2012","NHANES Oral 2011-2012",9,"balanced","ZINQ",30,30,1,1,0.0333333333333333
"NHANESOral_2011_2012","NHANES Oral 2011-2012",9,"balanced","MaAsLin3",30,30,1,1,0.0333333333333333
"NHANESOral_2011_2012","NHANES Oral 2011-2012",9,"fourfold","DASRA",30,30,1,0,0
"NHANESOral_2011_2012","NHANES Oral 2011-2012",9,"fourfold","ZINQ",30,30,1,0,0
"NHANESOral_2011_2012","NHANES Oral 2011-2012",9,"fourfold","MaAsLin3",30,30,1,0,0
"NHANESOral_2011_2012","NHANES Oral 2011-2012",10,"balanced","DASRA",30,30,1,0,0
"NHANESOral_2011_2012","NHANES Oral 2011-2012",10,"balanced","ZINQ",30,30,1,1,0.0333333333333333
"NHANESOral_2011_2012","NHANES Oral 2011-2012",10,"balanced","MaAsLin3",30,30,1,1,0.0333333333333333
"NHANESOral_2011_2012","NHANES Oral 2011-2012",10,"fourfold","DASRA",30,30,1,0,0
"NHANESOral_2011_2012","NHANES Oral 2011-2012",10,"fourfold","ZINQ",30,30,1,0,0
"NHANESOral_2011_2012","NHANES Oral 2011-2012",10,"fourfold","MaAsLin3",30,30,1,1,0.0333333333333333
"NHANESOral_2011_2012","NHANES Oral 2011-2012",11,"balanced","DASRA",30,30,1,5,0.166666666666667
"NHANESOral_2011_2012","NHANES Oral 2011-2012",11,"balanced","ZINQ",30,30,1,1,0.0333333333333333
"NHANESOral_2011_2012","NHANES Oral 2011-2012",11,"balanced","MaAsLin3",30,30,1,4,0.133333333333333
"NHANESOral_2011_2012","NHANES Oral 2011-2012",11,"fourfold","DASRA",30,30,1,3,0.1
"NHANESOral_2011_2012","NHANES Oral 2011-2012",11,"fourfold","ZINQ",30,30,1,2,0.0666666666666667
"NHANESOral_2011_2012","NHANES Oral 2011-2012",11,"fourfold","MaAsLin3",30,30,1,1,0.0333333333333333
"NHANESOral_2011_2012","NHANES Oral 2011-2012",12,"balanced","DASRA",30,30,1,0,0
"NHANESOral_2011_2012","NHANES Oral 2011-2012",12,"balanced","ZINQ",30,30,1,0,0
"NHANESOral_2011_2012","NHANES Oral 2011-2012",12,"balanced","MaAsLin3",30,30,1,0,0
"NHANESOral_2011_2012","NHANES Oral 2011-2012",12,"fourfold","DASRA",30,30,1,0,0
"NHANESOral_2011_2012","NHANES Oral 2011-2012",12,"fourfold","ZINQ",30,30,1,3,0.1
"NHANESOral_2011_2012","NHANES Oral 2011-2012",12,"fourfold","MaAsLin3",30,30,1,1,0.0333333333333333
"NHANESOral_2011_2012","NHANES Oral 2011-2012",13,"balanced","DASRA",30,30,1,0,0
"NHANESOral_2011_2012","NHANES Oral 2011-2012",13,"balanced","ZINQ",30,30,1,2,0.0666666666666667
"NHANESOral_2011_2012","NHANES Oral 2011-2012",13,"balanced","MaAsLin3",30,30,1,0,0
"NHANESOral_2011_2012","NHANES Oral 2011-2012",13,"fourfold","DASRA",30,30,1,3,0.1
"NHANESOral_2011_2012","NHANES Oral 2011-2012",13,"fourfold","ZINQ",30,30,1,2,0.0666666666666667
"NHANESOral_2011_2012","NHANES Oral 2011-2012",13,"fourfold","MaAsLin3",30,30,1,4,0.133333333333333
"NHANESOral_2011_2012","NHANES Oral 2011-2012",14,"balanced","DASRA",30,30,1,0,0
"NHANESOral_2011_2012","NHANES Oral 2011-2012",14,"balanced","ZINQ",30,30,1,1,0.0333333333333333
"NHANESOral_2011_2012","NHANES Oral 2011-2012",14,"balanced","MaAsLin3",30,30,1,1,0.0333333333333333
"NHANESOral_2011_2012","NHANES Oral 2011-2012",14,"fourfold","DASRA",30,30,1,0,0
"NHANESOral_2011_2012","NHANES Oral 2011-2012",14,"fourfold","ZINQ",30,30,1,1,0.0333333333333333
"NHANESOral_2011_2012","NHANES Oral 2011-2012",14,"fourfold","MaAsLin3",30,30,1,1,0.0333333333333333
"NHANESOral_2011_2012","NHANES Oral 2011-2012",15,"balanced","DASRA",30,30,1,1,0.0333333333333333
"NHANESOral_2011_2012","NHANES Oral 2011-2012",15,"balanced","ZINQ",30,30,1,2,0.0666666666666667
"NHANESOral_2011_2012","NHANES Oral 2011-2012",15,"balanced","MaAsLin3",30,30,1,3,0.1
"NHANESOral_2011_2012","NHANES Oral 2011-2012",15,"fourfold","DASRA",30,30,1,0,0
"NHANESOral_2011_2012","NHANES Oral 2011-2012",15,"fourfold","ZINQ",30,30,1,3,0.1
"NHANESOral_2011_2012","NHANES Oral 2011-2012",15,"fourfold","MaAsLin3",30,30,1,2,0.0666666666666667
"NHANESOral_2011_2012","NHANES Oral 2011-2012",16,"balanced","DASRA",30,30,1,1,0.0333333333333333
"NHANESOral_2011_2012","NHANES Oral 2011-2012",16,"balanced","ZINQ",30,30,1,4,0.133333333333333
"NHANESOral_2011_2012","NHANES Oral 2011-2012",16,"balanced","MaAsLin3",30,30,1,0,0
"NHANESOral_2011_2012","NHANES Oral 2011-2012",16,"fourfold","DASRA",30,30,1,0,0
"NHANESOral_2011_2012","NHANES Oral 2011-2012",16,"fourfold","ZINQ",30,30,1,0,0
"NHANESOral_2011_2012","NHANES Oral 2011-2012",16,"fourfold","MaAsLin3",30,30,1,0,0
"NHANESOral_2011_2012","NHANES Oral 2011-2012",17,"balanced","DASRA",30,30,1,3,0.1
"NHANESOral_2011_2012","NHANES Oral 2011-2012",17,"balanced","ZINQ",30,30,1,3,0.1
"NHANESOral_2011_2012","NHANES Oral 2011-2012",17,"balanced","MaAsLin3",30,30,1,4,0.133333333333333
"NHANESOral_2011_2012","NHANES Oral 2011-2012",17,"fourfold","DASRA",30,30,1,0,0
"NHANESOral_2011_2012","NHANES Oral 2011-2012",17,"fourfold","ZINQ",30,30,1,1,0.0333333333333333
"NHANESOral_2011_2012","NHANES Oral 2011-2012",17,"fourfold","MaAsLin3",30,30,1,2,0.0666666666666667
"NHANESOral_2011_2012","NHANES Oral 2011-2012",18,"balanced","DASRA",30,30,1,1,0.0333333333333333
"NHANESOral_2011_2012","NHANES Oral 2011-2012",18,"balanced","ZINQ",30,30,1,0,0
"NHANESOral_2011_2012","NHANES Oral 2011-2012",18,"balanced","MaAsLin3",30,30,1,0,0
"NHANESOral_2011_2012","NHANES Oral 2011-2012",18,"fourfold","DASRA",30,30,1,0,0
"NHANESOral_2011_2012","NHANES Oral 2011-2012",18,"fourfold","ZINQ",30,30,1,1,0.0333333333333333
"NHANESOral_2011_2012","NHANES Oral 2011-2012",18,"fourfold","MaAsLin3",30,30,1,2,0.0666666666666667
"NHANESOral_2011_2012","NHANES Oral 2011-2012",19,"balanced","DASRA",30,30,1,0,0
"NHANESOral_2011_2012","NHANES Oral 2011-2012",19,"balanced","ZINQ",30,30,1,0,0
"NHANESOral_2011_2012","NHANES Oral 2011-2012",19,"balanced","MaAsLin3",30,30,1,1,0.0333333333333333
"NHANESOral_2011_2012","NHANES Oral 2011-2012",19,"fourfold","DASRA",30,30,1,1,0.0333333333333333
"NHANESOral_2011_2012","NHANES Oral 2011-2012",19,"fourfold","ZINQ",30,30,1,2,0.0666666666666667
"NHANESOral_2011_2012","NHANES Oral 2011-2012",19,"fourfold","MaAsLin3",30,30,1,1,0.0333333333333333
"NHANESOral_2011_2012","NHANES Oral 2011-2012",20,"balanced","DASRA",30,30,1,1,0.0333333333333333
"NHANESOral_2011_2012","NHANES Oral 2011-2012",20,"balanced","ZINQ",30,30,1,0,0
"NHANESOral_2011_2012","NHANES Oral 2011-2012",20,"balanced","MaAsLin3",30,30,1,1,0.0333333333333333
"NHANESOral_2011_2012","NHANES Oral 2011-2012",20,"fourfold","DASRA",30,30,1,0,0
"NHANESOral_2011_2012","NHANES Oral 2011-2012",20,"fourfold","ZINQ",30,30,1,0,0
"NHANESOral_2011_2012","NHANES Oral 2011-2012",20,"fourfold","MaAsLin3",30,30,1,0,0
"NHANESOral_2011_2012","NHANES Oral 2011-2012",21,"balanced","DASRA",30,30,1,0,0
"NHANESOral_2011_2012","NHANES Oral 2011-2012",21,"balanced","ZINQ",30,30,1,0,0
"NHANESOral_2011_2012","NHANES Oral 2011-2012",21,"balanced","MaAsLin3",30,30,1,0,0
"NHANESOral_2011_2012","NHANES Oral 2011-2012",21,"fourfold","DASRA",30,30,1,2,0.0666666666666667
"NHANESOral_2011_2012","NHANES Oral 2011-2012",21,"fourfold","ZINQ",30,30,1,2,0.0666666666666667
"NHANESOral_2011_2012","NHANES Oral 2011-2012",21,"fourfold","MaAsLin3",30,30,1,0,0
"NHANESOral_2011_2012","NHANES Oral 2011-2012",22,"balanced","DASRA",30,30,1,0,0
"NHANESOral_2011_2012","NHANES Oral 2011-2012",22,"balanced","ZINQ",30,30,1,0,0
"NHANESOral_2011_2012","NHANES Oral 2011-2012",22,"balanced","MaAsLin3",30,30,1,0,0
"NHANESOral_2011_2012","NHANES Oral 2011-2012",22,"fourfold","DASRA",30,30,1,1,0.0333333333333333
"NHANESOral_2011_2012","NHANES Oral 2011-2012",22,"fourfold","ZINQ",30,30,1,1,0.0333333333333333
"NHANESOral_2011_2012","NHANES Oral 2011-2012",22,"fourfold","MaAsLin3",30,30,1,0,0
"NHANESOral_2011_2012","NHANES Oral 2011-2012",23,"balanced","DASRA",30,30,1,1,0.0333333333333333
"NHANESOral_2011_2012","NHANES Oral 2011-2012",23,"balanced","ZINQ",30,30,1,0,0
"NHANESOral_2011_2012","NHANES Oral 2011-2012",23,"balanced","MaAsLin3",30,30,1,1,0.0333333333333333
"NHANESOral_2011_2012","NHANES Oral 2011-2012",23,"fourfold","DASRA",30,30,1,0,0
"NHANESOral_2011_2012","NHANES Oral 2011-2012",23,"fourfold","ZINQ",30,30,1,1,0.0333333333333333
"NHANESOral_2011_2012","NHANES Oral 2011-2012",23,"fourfold","MaAsLin3",30,30,1,0,0
"NHANESOral_2011_2012","NHANES Oral 2011-2012",24,"balanced","DASRA",30,30,1,0,0
"NHANESOral_2011_2012","NHANES Oral 2011-2012",24,"balanced","ZINQ",30,30,1,1,0.0333333333333333
"NHANESOral_2011_2012","NHANES Oral 2011-2012",24,"balanced","MaAsLin3",30,30,1,0,0
"NHANESOral_2011_2012","NHANES Oral 2011-2012",24,"fourfold","DASRA",30,30,1,0,0
"NHANESOral_2011_2012","NHANES Oral 2011-2012",24,"fourfold","ZINQ",30,30,1,3,0.1
"NHANESOral_2011_2012","NHANES Oral 2011-2012",24,"fourfold","MaAsLin3",30,30,1,2,0.0666666666666667
"NHANESOral_2011_2012","NHANES Oral 2011-2012",25,"balanced","DASRA",30,30,1,4,0.133333333333333
"NHANESOral_2011_2012","NHANES Oral 2011-2012",25,"balanced","ZINQ",30,30,1,3,0.1
"NHANESOral_2011_2012","NHANES Oral 2011-2012",25,"balanced","MaAsLin3",30,30,1,2,0.0666666666666667
"NHANESOral_2011_2012","NHANES Oral 2011-2012",25,"fourfold","DASRA",30,30,1,4,0.133333333333333
"NHANESOral_2011_2012","NHANES Oral 2011-2012",25,"fourfold","ZINQ",30,30,1,0,0
"NHANESOral_2011_2012","NHANES Oral 2011-2012",25,"fourfold","MaAsLin3",30,30,1,2,0.0666666666666667
"NHANESOral_2011_2012","NHANES Oral 2011-2012",26,"balanced","DASRA",30,30,1,2,0.0666666666666667
"NHANESOral_2011_2012","NHANES Oral 2011-2012",26,"balanced","ZINQ",30,30,1,5,0.166666666666667
"NHANESOral_2011_2012","NHANES Oral 2011-2012",26,"balanced","MaAsLin3",30,30,1,3,0.1
"NHANESOral_2011_2012","NHANES Oral 2011-2012",26,"fourfold","DASRA",30,30,1,1,0.0333333333333333
"NHANESOral_2011_2012","NHANES Oral 2011-2012",26,"fourfold","ZINQ",30,30,1,3,0.1
"NHANESOral_2011_2012","NHANES Oral 2011-2012",26,"fourfold","MaAsLin3",30,30,1,2,0.0666666666666667
"NHANESOral_2011_2012","NHANES Oral 2011-2012",27,"balanced","DASRA",30,30,1,0,0
"NHANESOral_2011_2012","NHANES Oral 2011-2012",27,"balanced","ZINQ",30,30,1,0,0
"NHANESOral_2011_2012","NHANES Oral 2011-2012",27,"balanced","MaAsLin3",30,30,1,1,0.0333333333333333
"NHANESOral_2011_2012","NHANES Oral 2011-2012",27,"fourfold","DASRA",30,30,1,3,0.1
"NHANESOral_2011_2012","NHANES Oral 2011-2012",27,"fourfold","ZINQ",30,30,1,0,0
"NHANESOral_2011_2012","NHANES Oral 2011-2012",27,"fourfold","MaAsLin3",30,30,1,2,0.0666666666666667
"NHANESOral_2011_2012","NHANES Oral 2011-2012",28,"balanced","DASRA",30,30,1,0,0
"NHANESOral_2011_2012","NHANES Oral 2011-2012",28,"balanced","ZINQ",30,30,1,1,0.0333333333333333
"NHANESOral_2011_2012","NHANES Oral 2011-2012",28,"balanced","MaAsLin3",30,30,1,0,0
"NHANESOral_2011_2012","NHANES Oral 2011-2012",28,"fourfold","DASRA",30,30,1,1,0.0333333333333333
"NHANESOral_2011_2012","NHANES Oral 2011-2012",28,"fourfold","ZINQ",30,30,1,2,0.0666666666666667
"NHANESOral_2011_2012","NHANES Oral 2011-2012",28,"fourfold","MaAsLin3",30,30,1,2,0.0666666666666667
"NHANESOral_2011_2012","NHANES Oral 2011-2012",29,"balanced","DASRA",30,30,1,2,0.0666666666666667
"NHANESOral_2011_2012","NHANES Oral 2011-2012",29,"balanced","ZINQ",30,30,1,3,0.1
"NHANESOral_2011_2012","NHANES Oral 2011-2012",29,"balanced","MaAsLin3",30,30,1,3,0.1
"NHANESOral_2011_2012","NHANES Oral 2011-2012",29,"fourfold","DASRA",30,30,1,5,0.166666666666667
"NHANESOral_2011_2012","NHANES Oral 2011-2012",29,"fourfold","ZINQ",30,30,1,0,0
"NHANESOral_2011_2012","NHANES Oral 2011-2012",29,"fourfold","MaAsLin3",30,30,1,3,0.1
"NHANESOral_2011_2012","NHANES Oral 2011-2012",30,"balanced","DASRA",30,30,1,0,0
"NHANESOral_2011_2012","NHANES Oral 2011-2012",30,"balanced","ZINQ",30,30,1,2,0.0666666666666667
"NHANESOral_2011_2012","NHANES Oral 2011-2012",30,"balanced","MaAsLin3",30,30,1,0,0
"NHANESOral_2011_2012","NHANES Oral 2011-2012",30,"fourfold","DASRA",30,30,1,2,0.0666666666666667
"NHANESOral_2011_2012","NHANES Oral 2011-2012",30,"fourfold","ZINQ",30,30,1,1,0.0333333333333333
"NHANESOral_2011_2012","NHANES Oral 2011-2012",30,"fourfold","MaAsLin3",30,30,1,2,0.0666666666666667
"NHANESOral_2011_2012","NHANES Oral 2011-2012",31,"balanced","DASRA",30,30,1,1,0.0333333333333333
"NHANESOral_2011_2012","NHANES Oral 2011-2012",31,"balanced","ZINQ",30,30,1,5,0.166666666666667
"NHANESOral_2011_2012","NHANES Oral 2011-2012",31,"balanced","MaAsLin3",30,30,1,0,0
"NHANESOral_2011_2012","NHANES Oral 2011-2012",31,"fourfold","DASRA",30,30,1,2,0.0666666666666667
"NHANESOral_2011_2012","NHANES Oral 2011-2012",31,"fourfold","ZINQ",30,30,1,2,0.0666666666666667
"NHANESOral_2011_2012","NHANES Oral 2011-2012",31,"fourfold","MaAsLin3",30,30,1,0,0
"NHANESOral_2011_2012","NHANES Oral 2011-2012",32,"balanced","DASRA",30,30,1,2,0.0666666666666667
"NHANESOral_2011_2012","NHANES Oral 2011-2012",32,"balanced","ZINQ",30,30,1,2,0.0666666666666667
"NHANESOral_2011_2012","NHANES Oral 2011-2012",32,"balanced","MaAsLin3",30,30,1,2,0.0666666666666667
"NHANESOral_2011_2012","NHANES Oral 2011-2012",32,"fourfold","DASRA",30,30,1,3,0.1
"NHANESOral_2011_2012","NHANES Oral 2011-2012",32,"fourfold","ZINQ",30,30,1,3,0.1
"NHANESOral_2011_2012","NHANES Oral 2011-2012",32,"fourfold","MaAsLin3",30,30,1,2,0.0666666666666667
"NHANESOral_2011_2012","NHANES Oral 2011-2012",33,"balanced","DASRA",30,30,1,0,0
"NHANESOral_2011_2012","NHANES Oral 2011-2012",33,"balanced","ZINQ",30,30,1,3,0.1
"NHANESOral_2011_2012","NHANES Oral 2011-2012",33,"balanced","MaAsLin3",30,30,1,1,0.0333333333333333
"NHANESOral_2011_2012","NHANES Oral 2011-2012",33,"fourfold","DASRA",30,30,1,0,0
"NHANESOral_2011_2012","NHANES Oral 2011-2012",33,"fourfold","ZINQ",30,30,1,4,0.133333333333333
"NHANESOral_2011_2012","NHANES Oral 2011-2012",33,"fourfold","MaAsLin3",30,30,1,2,0.0666666666666667
"NHANESOral_2011_2012","NHANES Oral 2011-2012",34,"balanced","DASRA",30,30,1,1,0.0333333333333333
"NHANESOral_2011_2012","NHANES Oral 2011-2012",34,"balanced","ZINQ",30,30,1,2,0.0666666666666667
"NHANESOral_2011_2012","NHANES Oral 2011-2012",34,"balanced","MaAsLin3",30,30,1,0,0
"NHANESOral_2011_2012","NHANES Oral 2011-2012",34,"fourfold","DASRA",30,30,1,1,0.0333333333333333
"NHANESOral_2011_2012","NHANES Oral 2011-2012",34,"fourfold","ZINQ",30,30,1,0,0
"NHANESOral_2011_2012","NHANES Oral 2011-2012",34,"fourfold","MaAsLin3",30,30,1,1,0.0333333333333333
"NHANESOral_2011_2012","NHANES Oral 2011-2012",35,"balanced","DASRA",30,30,1,0,0
"NHANESOral_2011_2012","NHANES Oral 2011-2012",35,"balanced","ZINQ",30,30,1,0,0
"NHANESOral_2011_2012","NHANES Oral 2011-2012",35,"balanced","MaAsLin3",30,30,1,1,0.0333333333333333
"NHANESOral_2011_2012","NHANES Oral 2011-2012",35,"fourfold","DASRA",30,30,1,1,0.0333333333333333
"NHANESOral_2011_2012","NHANES Oral 2011-2012",35,"fourfold","ZINQ",30,30,1,2,0.0666666666666667
"NHANESOral_2011_2012","NHANES Oral 2011-2012",35,"fourfold","MaAsLin3",30,30,1,0,0
"NHANESOral_2011_2012","NHANES Oral 2011-2012",36,"balanced","DASRA",30,30,1,3,0.1
"NHANESOral_2011_2012","NHANES Oral 2011-2012",36,"balanced","ZINQ",30,30,1,4,0.133333333333333
"NHANESOral_2011_2012","NHANES Oral 2011-2012",36,"balanced","MaAsLin3",30,30,1,3,0.1
"NHANESOral_2011_2012","NHANES Oral 2011-2012",36,"fourfold","DASRA",30,30,1,2,0.0666666666666667
"NHANESOral_2011_2012","NHANES Oral 2011-2012",36,"fourfold","ZINQ",30,30,1,3,0.1
"NHANESOral_2011_2012","NHANES Oral 2011-2012",36,"fourfold","MaAsLin3",30,30,1,3,0.1
"NHANESOral_2011_2012","NHANES Oral 2011-2012",37,"balanced","DASRA",30,30,1,0,0
"NHANESOral_2011_2012","NHANES Oral 2011-2012",37,"balanced","ZINQ",30,30,1,4,0.133333333333333
"NHANESOral_2011_2012","NHANES Oral 2011-2012",37,"balanced","MaAsLin3",30,30,1,2,0.0666666666666667
"NHANESOral_2011_2012","NHANES Oral 2011-2012",37,"fourfold","DASRA",30,30,1,0,0
"NHANESOral_2011_2012","NHANES Oral 2011-2012",37,"fourfold","ZINQ",30,30,1,0,0
"NHANESOral_2011_2012","NHANES Oral 2011-2012",37,"fourfold","MaAsLin3",30,30,1,2,0.0666666666666667
"NHANESOral_2011_2012","NHANES Oral 2011-2012",38,"balanced","DASRA",30,30,1,3,0.1
"NHANESOral_2011_2012","NHANES Oral 2011-2012",38,"balanced","ZINQ",30,30,1,3,0.1
"NHANESOral_2011_2012","NHANES Oral 2011-2012",38,"balanced","MaAsLin3",30,30,1,2,0.0666666666666667
"NHANESOral_2011_2012","NHANES Oral 2011-2012",38,"fourfold","DASRA",30,30,1,3,0.1
"NHANESOral_2011_2012","NHANES Oral 2011-2012",38,"fourfold","ZINQ",30,30,1,1,0.0333333333333333
"NHANESOral_2011_2012","NHANES Oral 2011-2012",38,"fourfold","MaAsLin3",30,30,1,3,0.1
"NHANESOral_2011_2012","NHANES Oral 2011-2012",39,"balanced","DASRA",30,30,1,2,0.0666666666666667
"NHANESOral_2011_2012","NHANES Oral 2011-2012",39,"balanced","ZINQ",30,30,1,0,0
"NHANESOral_2011_2012","NHANES Oral 2011-2012",39,"balanced","MaAsLin3",30,30,1,2,0.0666666666666667
"NHANESOral_2011_2012","NHANES Oral 2011-2012",39,"fourfold","DASRA",30,30,1,3,0.1
"NHANESOral_2011_2012","NHANES Oral 2011-2012",39,"fourfold","ZINQ",30,30,1,0,0
"NHANESOral_2011_2012","NHANES Oral 2011-2012",39,"fourfold","MaAsLin3",30,30,1,0,0
"NHANESOral_2011_2012","NHANES Oral 2011-2012",40,"balanced","DASRA",30,30,1,1,0.0333333333333333
"NHANESOral_2011_2012","NHANES Oral 2011-2012",40,"balanced","ZINQ",30,30,1,2,0.0666666666666667
"NHANESOral_2011_2012","NHANES Oral 2011-2012",40,"balanced","MaAsLin3",30,30,1,2,0.0666666666666667
"NHANESOral_2011_2012","NHANES Oral 2011-2012",40,"fourfold","DASRA",30,30,1,1,0.0333333333333333
"NHANESOral_2011_2012","NHANES Oral 2011-2012",40,"fourfold","ZINQ",30,30,1,0,0
"NHANESOral_2011_2012","NHANES Oral 2011-2012",40,"fourfold","MaAsLin3",30,30,1,4,0.133333333333333
"NHANESOral_2011_2012","NHANES Oral 2011-2012",41,"balanced","DASRA",30,30,1,1,0.0333333333333333
"NHANESOral_2011_2012","NHANES Oral 2011-2012",41,"balanced","ZINQ",30,30,1,1,0.0333333333333333
"NHANESOral_2011_2012","NHANES Oral 2011-2012",41,"balanced","MaAsLin3",30,30,1,1,0.0333333333333333
"NHANESOral_2011_2012","NHANES Oral 2011-2012",41,"fourfold","DASRA",30,30,1,1,0.0333333333333333
"NHANESOral_2011_2012","NHANES Oral 2011-2012",41,"fourfold","ZINQ",30,30,1,0,0
"NHANESOral_2011_2012","NHANES Oral 2011-2012",41,"fourfold","MaAsLin3",30,30,1,0,0
"NHANESOral_2011_2012","NHANES Oral 2011-2012",42,"balanced","DASRA",30,30,1,0,0
"NHANESOral_2011_2012","NHANES Oral 2011-2012",42,"balanced","ZINQ",30,30,1,1,0.0333333333333333
"NHANESOral_2011_2012","NHANES Oral 2011-2012",42,"balanced","MaAsLin3",30,30,1,1,0.0333333333333333
"NHANESOral_2011_2012","NHANES Oral 2011-2012",42,"fourfold","DASRA",30,30,1,1,0.0333333333333333
"NHANESOral_2011_2012","NHANES Oral 2011-2012",42,"fourfold","ZINQ",30,30,1,4,0.133333333333333
"NHANESOral_2011_2012","NHANES Oral 2011-2012",42,"fourfold","MaAsLin3",30,30,1,0,0
"NHANESOral_2011_2012","NHANES Oral 2011-2012",43,"balanced","DASRA",30,30,1,1,0.0333333333333333
"NHANESOral_2011_2012","NHANES Oral 2011-2012",43,"balanced","ZINQ",30,30,1,0,0
"NHANESOral_2011_2012","NHANES Oral 2011-2012",43,"balanced","MaAsLin3",30,30,1,2,0.0666666666666667
"NHANESOral_2011_2012","NHANES Oral 2011-2012",43,"fourfold","DASRA",30,30,1,2,0.0666666666666667
"NHANESOral_2011_2012","NHANES Oral 2011-2012",43,"fourfold","ZINQ",30,30,1,3,0.1
"NHANESOral_2011_2012","NHANES Oral 2011-2012",43,"fourfold","MaAsLin3",30,30,1,5,0.166666666666667
"NHANESOral_2011_2012","NHANES Oral 2011-2012",44,"balanced","DASRA",30,30,1,0,0
"NHANESOral_2011_2012","NHANES Oral 2011-2012",44,"balanced","ZINQ",30,30,1,0,0
"NHANESOral_2011_2012","NHANES Oral 2011-2012",44,"balanced","MaAsLin3",30,30,1,0,0
"NHANESOral_2011_2012","NHANES Oral 2011-2012",44,"fourfold","DASRA",30,30,1,0,0
"NHANESOral_2011_2012","NHANES Oral 2011-2012",44,"fourfold","ZINQ",30,30,1,0,0
"NHANESOral_2011_2012","NHANES Oral 2011-2012",44,"fourfold","MaAsLin3",30,30,1,0,0
"NHANESOral_2011_2012","NHANES Oral 2011-2012",45,"balanced","DASRA",30,30,1,0,0
"NHANESOral_2011_2012","NHANES Oral 2011-2012",45,"balanced","ZINQ",30,30,1,1,0.0333333333333333
"NHANESOral_2011_2012","NHANES Oral 2011-2012",45,"balanced","MaAsLin3",30,30,1,0,0
"NHANESOral_2011_2012","NHANES Oral 2011-2012",45,"fourfold","DASRA",30,30,1,0,0
"NHANESOral_2011_2012","NHANES Oral 2011-2012",45,"fourfold","ZINQ",30,30,1,0,0
"NHANESOral_2011_2012","NHANES Oral 2011-2012",45,"fourfold","MaAsLin3",30,30,1,0,0
"NHANESOral_2011_2012","NHANES Oral 2011-2012",46,"balanced","DASRA",30,30,1,2,0.0666666666666667
"NHANESOral_2011_2012","NHANES Oral 2011-2012",46,"balanced","ZINQ",30,30,1,1,0.0333333333333333
"NHANESOral_2011_2012","NHANES Oral 2011-2012",46,"balanced","MaAsLin3",30,30,1,2,0.0666666666666667
"NHANESOral_2011_2012","NHANES Oral 2011-2012",46,"fourfold","DASRA",30,30,1,1,0.0333333333333333
"NHANESOral_2011_2012","NHANES Oral 2011-2012",46,"fourfold","ZINQ",30,30,1,2,0.0666666666666667
"NHANESOral_2011_2012","NHANES Oral 2011-2012",46,"fourfold","MaAsLin3",30,30,1,3,0.1
"NHANESOral_2011_2012","NHANES Oral 2011-2012",47,"balanced","DASRA",30,30,1,1,0.0333333333333333
"NHANESOral_2011_2012","NHANES Oral 2011-2012",47,"balanced","ZINQ",30,30,1,2,0.0666666666666667
"NHANESOral_2011_2012","NHANES Oral 2011-2012",47,"balanced","MaAsLin3",30,30,1,2,0.0666666666666667
"NHANESOral_2011_2012","NHANES Oral 2011-2012",47,"fourfold","DASRA",30,30,1,2,0.0666666666666667
"NHANESOral_2011_2012","NHANES Oral 2011-2012",47,"fourfold","ZINQ",30,30,1,0,0
"NHANESOral_2011_2012","NHANES Oral 2011-2012",47,"fourfold","MaAsLin3",30,30,1,0,0
"NHANESOral_2011_2012","NHANES Oral 2011-2012",48,"balanced","DASRA",30,30,1,2,0.0666666666666667
"NHANESOral_2011_2012","NHANES Oral 2011-2012",48,"balanced","ZINQ",30,30,1,3,0.1
"NHANESOral_2011_2012","NHANES Oral 2011-2012",48,"balanced","MaAsLin3",30,30,1,1,0.0333333333333333
"NHANESOral_2011_2012","NHANES Oral 2011-2012",48,"fourfold","DASRA",30,30,1,0,0
"NHANESOral_2011_2012","NHANES Oral 2011-2012",48,"fourfold","ZINQ",30,30,1,0,0
"NHANESOral_2011_2012","NHANES Oral 2011-2012",48,"fourfold","MaAsLin3",30,30,1,0,0
"NHANESOral_2011_2012","NHANES Oral 2011-2012",49,"balanced","DASRA",30,30,1,1,0.0333333333333333
"NHANESOral_2011_2012","NHANES Oral 2011-2012",49,"balanced","ZINQ",30,30,1,0,0
"NHANESOral_2011_2012","NHANES Oral 2011-2012",49,"balanced","MaAsLin3",30,30,1,2,0.0666666666666667
"NHANESOral_2011_2012","NHANES Oral 2011-2012",49,"fourfold","DASRA",30,30,1,2,0.0666666666666667
"NHANESOral_2011_2012","NHANES Oral 2011-2012",49,"fourfold","ZINQ",30,30,1,0,0
"NHANESOral_2011_2012","NHANES Oral 2011-2012",49,"fourfold","MaAsLin3",30,30,1,1,0.0333333333333333
"NHANESOral_2011_2012","NHANES Oral 2011-2012",50,"balanced","DASRA",30,30,1,0,0
"NHANESOral_2011_2012","NHANES Oral 2011-2012",50,"balanced","ZINQ",30,30,1,0,0
"NHANESOral_2011_2012","NHANES Oral 2011-2012",50,"balanced","MaAsLin3",30,30,1,0,0
"NHANESOral_2011_2012","NHANES Oral 2011-2012",50,"fourfold","DASRA",30,30,1,1,0.0333333333333333
"NHANESOral_2011_2012","NHANES Oral 2011-2012",50,"fourfold","ZINQ",30,30,1,1,0.0333333333333333
"NHANESOral_2011_2012","NHANES Oral 2011-2012",50,"fourfold","MaAsLin3",30,30,1,0,0
"NHANESOral_2011_2012","NHANES Oral 2011-2012",51,"balanced","DASRA",30,30,1,3,0.1
"NHANESOral_2011_2012","NHANES Oral 2011-2012",51,"balanced","ZINQ",30,30,1,1,0.0333333333333333
"NHANESOral_2011_2012","NHANES Oral 2011-2012",51,"balanced","MaAsLin3",30,30,1,1,0.0333333333333333
"NHANESOral_2011_2012","NHANES Oral 2011-2012",51,"fourfold","DASRA",30,30,1,1,0.0333333333333333
"NHANESOral_2011_2012","NHANES Oral 2011-2012",51,"fourfold","ZINQ",30,30,1,1,0.0333333333333333
"NHANESOral_2011_2012","NHANES Oral 2011-2012",51,"fourfold","MaAsLin3",30,30,1,1,0.0333333333333333
"NHANESOral_2011_2012","NHANES Oral 2011-2012",52,"balanced","DASRA",30,30,1,1,0.0333333333333333
"NHANESOral_2011_2012","NHANES Oral 2011-2012",52,"balanced","ZINQ",30,30,1,4,0.133333333333333
"NHANESOral_2011_2012","NHANES Oral 2011-2012",52,"balanced","MaAsLin3",30,30,1,2,0.0666666666666667
"NHANESOral_2011_2012","NHANES Oral 2011-2012",52,"fourfold","DASRA",30,30,1,1,0.0333333333333333
"NHANESOral_2011_2012","NHANES Oral 2011-2012",52,"fourfold","ZINQ",30,30,1,0,0
"NHANESOral_2011_2012","NHANES Oral 2011-2012",52,"fourfold","MaAsLin3",30,30,1,1,0.0333333333333333
"NHANESOral_2011_2012","NHANES Oral 2011-2012",53,"balanced","DASRA",30,30,1,0,0
"NHANESOral_2011_2012","NHANES Oral 2011-2012",53,"balanced","ZINQ",30,30,1,1,0.0333333333333333
"NHANESOral_2011_2012","NHANES Oral 2011-2012",53,"balanced","MaAsLin3",30,30,1,1,0.0333333333333333
"NHANESOral_2011_2012","NHANES Oral 2011-2012",53,"fourfold","DASRA",30,30,1,0,0
"NHANESOral_2011_2012","NHANES Oral 2011-2012",53,"fourfold","ZINQ",30,30,1,1,0.0333333333333333
"NHANESOral_2011_2012","NHANES Oral 2011-2012",53,"fourfold","MaAsLin3",30,30,1,0,0
"NHANESOral_2011_2012","NHANES Oral 2011-2012",54,"balanced","DASRA",30,30,1,0,0
"NHANESOral_2011_2012","NHANES Oral 2011-2012",54,"balanced","ZINQ",30,30,1,0,0
"NHANESOral_2011_2012","NHANES Oral 2011-2012",54,"balanced","MaAsLin3",30,30,1,1,0.0333333333333333
"NHANESOral_2011_2012","NHANES Oral 2011-2012",54,"fourfold","DASRA",30,30,1,0,0
"NHANESOral_2011_2012","NHANES Oral 2011-2012",54,"fourfold","ZINQ",30,30,1,1,0.0333333333333333
"NHANESOral_2011_2012","NHANES Oral 2011-2012",54,"fourfold","MaAsLin3",30,30,1,0,0
"NHANESOral_2011_2012","NHANES Oral 2011-2012",55,"balanced","DASRA",30,30,1,0,0
"NHANESOral_2011_2012","NHANES Oral 2011-2012",55,"balanced","ZINQ",30,30,1,1,0.0333333333333333
"NHANESOral_2011_2012","NHANES Oral 2011-2012",55,"balanced","MaAsLin3",30,30,1,0,0
"NHANESOral_2011_2012","NHANES Oral 2011-2012",55,"fourfold","DASRA",30,30,1,0,0
"NHANESOral_2011_2012","NHANES Oral 2011-2012",55,"fourfold","ZINQ",30,30,1,0,0
"NHANESOral_2011_2012","NHANES Oral 2011-2012",55,"fourfold","MaAsLin3",30,30,1,0,0
"NHANESOral_2011_2012","NHANES Oral 2011-2012",56,"balanced","DASRA",30,30,1,0,0
"NHANESOral_2011_2012","NHANES Oral 2011-2012",56,"balanced","ZINQ",30,30,1,1,0.0333333333333333
"NHANESOral_2011_2012","NHANES Oral 2011-2012",56,"balanced","MaAsLin3",30,30,1,2,0.0666666666666667
"NHANESOral_2011_2012","NHANES Oral 2011-2012",56,"fourfold","DASRA",30,30,1,0,0
"NHANESOral_2011_2012","NHANES Oral 2011-2012",56,"fourfold","ZINQ",30,30,1,2,0.0666666666666667
"NHANESOral_2011_2012","NHANES Oral 2011-2012",56,"fourfold","MaAsLin3",30,30,1,5,0.166666666666667
"NHANESOral_2011_2012","NHANES Oral 2011-2012",57,"balanced","DASRA",30,30,1,0,0
"NHANESOral_2011_2012","NHANES Oral 2011-2012",57,"balanced","ZINQ",30,30,1,0,0
"NHANESOral_2011_2012","NHANES Oral 2011-2012",57,"balanced","MaAsLin3",30,30,1,0,0
"NHANESOral_2011_2012","NHANES Oral 2011-2012",57,"fourfold","DASRA",30,30,1,1,0.0333333333333333
"NHANESOral_2011_2012","NHANES Oral 2011-2012",57,"fourfold","ZINQ",30,30,1,3,0.1
"NHANESOral_2011_2012","NHANES Oral 2011-2012",57,"fourfold","MaAsLin3",30,30,1,3,0.1
"NHANESOral_2011_2012","NHANES Oral 2011-2012",58,"balanced","DASRA",30,30,1,0,0
"NHANESOral_2011_2012","NHANES Oral 2011-2012",58,"balanced","ZINQ",30,30,1,1,0.0333333333333333
"NHANESOral_2011_2012","NHANES Oral 2011-2012",58,"balanced","MaAsLin3",30,30,1,2,0.0666666666666667
"NHANESOral_2011_2012","NHANES Oral 2011-2012",58,"fourfold","DASRA",30,30,1,0,0
"NHANESOral_2011_2012","NHANES Oral 2011-2012",58,"fourfold","ZINQ",30,30,1,1,0.0333333333333333
"NHANESOral_2011_2012","NHANES Oral 2011-2012",58,"fourfold","MaAsLin3",30,30,1,2,0.0666666666666667
"NHANESOral_2011_2012","NHANES Oral 2011-2012",59,"balanced","DASRA",30,30,1,1,0.0333333333333333
"NHANESOral_2011_2012","NHANES Oral 2011-2012",59,"balanced","ZINQ",30,30,1,1,0.0333333333333333
"NHANESOral_2011_2012","NHANES Oral 2011-2012",59,"balanced","MaAsLin3",30,30,1,0,0
"NHANESOral_2011_2012","NHANES Oral 2011-2012",59,"fourfold","DASRA",30,30,1,0,0
"NHANESOral_2011_2012","NHANES Oral 2011-2012",59,"fourfold","ZINQ",30,30,1,4,0.133333333333333
"NHANESOral_2011_2012","NHANES Oral 2011-2012",59,"fourfold","MaAsLin3",30,30,1,2,0.0666666666666667
"NHANESOral_2011_2012","NHANES Oral 2011-2012",60,"balanced","DASRA",30,30,1,3,0.1
"NHANESOral_2011_2012","NHANES Oral 2011-2012",60,"balanced","ZINQ",30,30,1,4,0.133333333333333
"NHANESOral_2011_2012","NHANES Oral 2011-2012",60,"balanced","MaAsLin3",30,30,1,4,0.133333333333333
"NHANESOral_2011_2012","NHANES Oral 2011-2012",60,"fourfold","DASRA",30,30,1,0,0
"NHANESOral_2011_2012","NHANES Oral 2011-2012",60,"fourfold","ZINQ",30,30,1,3,0.1
"NHANESOral_2011_2012","NHANES Oral 2011-2012",60,"fourfold","MaAsLin3",30,30,1,2,0.0666666666666667
"NHANESOral_2011_2012","NHANES Oral 2011-2012",61,"balanced","DASRA",30,30,1,1,0.0333333333333333
"NHANESOral_2011_2012","NHANES Oral 2011-2012",61,"balanced","ZINQ",30,30,1,0,0
"NHANESOral_2011_2012","NHANES Oral 2011-2012",61,"balanced","MaAsLin3",30,30,1,0,0
"NHANESOral_2011_2012","NHANES Oral 2011-2012",61,"fourfold","DASRA",30,30,1,0,0
"NHANESOral_2011_2012","NHANES Oral 2011-2012",61,"fourfold","ZINQ",30,30,1,1,0.0333333333333333
"NHANESOral_2011_2012","NHANES Oral 2011-2012",61,"fourfold","MaAsLin3",30,30,1,2,0.0666666666666667
"NHANESOral_2011_2012","NHANES Oral 2011-2012",62,"balanced","DASRA",30,30,1,0,0
"NHANESOral_2011_2012","NHANES Oral 2011-2012",62,"balanced","ZINQ",30,30,1,3,0.1
"NHANESOral_2011_2012","NHANES Oral 2011-2012",62,"balanced","MaAsLin3",30,30,1,0,0
"NHANESOral_2011_2012","NHANES Oral 2011-2012",62,"fourfold","DASRA",30,30,1,0,0
"NHANESOral_2011_2012","NHANES Oral 2011-2012",62,"fourfold","ZINQ",30,30,1,0,0
"NHANESOral_2011_2012","NHANES Oral 2011-2012",62,"fourfold","MaAsLin3",30,30,1,0,0
"NHANESOral_2011_2012","NHANES Oral 2011-2012",63,"balanced","DASRA",30,30,1,0,0
"NHANESOral_2011_2012","NHANES Oral 2011-2012",63,"balanced","ZINQ",30,30,1,1,0.0333333333333333
"NHANESOral_2011_2012","NHANES Oral 2011-2012",63,"balanced","MaAsLin3",30,30,1,0,0
"NHANESOral_2011_2012","NHANES Oral 2011-2012",63,"fourfold","DASRA",30,30,1,0,0
"NHANESOral_2011_2012","NHANES Oral 2011-2012",63,"fourfold","ZINQ",30,30,1,0,0
"NHANESOral_2011_2012","NHANES Oral 2011-2012",63,"fourfold","MaAsLin3",30,30,1,0,0
"NHANESOral_2011_2012","NHANES Oral 2011-2012",64,"balanced","DASRA",30,30,1,1,0.0333333333333333
"NHANESOral_2011_2012","NHANES Oral 2011-2012",64,"balanced","ZINQ",30,30,1,5,0.166666666666667
"NHANESOral_2011_2012","NHANES Oral 2011-2012",64,"balanced","MaAsLin3",30,30,1,1,0.0333333333333333
"NHANESOral_2011_2012","NHANES Oral 2011-2012",64,"fourfold","DASRA",30,30,1,1,0.0333333333333333
"NHANESOral_2011_2012","NHANES Oral 2011-2012",64,"fourfold","ZINQ",30,30,1,1,0.0333333333333333
"NHANESOral_2011_2012","NHANES Oral 2011-2012",64,"fourfold","MaAsLin3",30,30,1,1,0.0333333333333333
"NHANESOral_2011_2012","NHANES Oral 2011-2012",65,"balanced","DASRA",30,30,1,0,0
"NHANESOral_2011_2012","NHANES Oral 2011-2012",65,"balanced","ZINQ",30,30,1,0,0
"NHANESOral_2011_2012","NHANES Oral 2011-2012",65,"balanced","MaAsLin3",30,30,1,0,0
"NHANESOral_2011_2012","NHANES Oral 2011-2012",65,"fourfold","DASRA",30,30,1,1,0.0333333333333333
"NHANESOral_2011_2012","NHANES Oral 2011-2012",65,"fourfold","ZINQ",30,30,1,0,0
"NHANESOral_2011_2012","NHANES Oral 2011-2012",65,"fourfold","MaAsLin3",30,30,1,1,0.0333333333333333
"NHANESOral_2011_2012","NHANES Oral 2011-2012",66,"balanced","DASRA",30,30,1,0,0
"NHANESOral_2011_2012","NHANES Oral 2011-2012",66,"balanced","ZINQ",30,30,1,0,0
"NHANESOral_2011_2012","NHANES Oral 2011-2012",66,"balanced","MaAsLin3",30,30,1,0,0
"NHANESOral_2011_2012","NHANES Oral 2011-2012",66,"fourfold","DASRA",30,30,1,0,0
"NHANESOral_2011_2012","NHANES Oral 2011-2012",66,"fourfold","ZINQ",30,30,1,1,0.0333333333333333
"NHANESOral_2011_2012","NHANES Oral 2011-2012",66,"fourfold","MaAsLin3",30,30,1,1,0.0333333333333333
"NHANESOral_2011_2012","NHANES Oral 2011-2012",67,"balanced","DASRA",30,30,1,0,0
"NHANESOral_2011_2012","NHANES Oral 2011-2012",67,"balanced","ZINQ",30,30,1,0,0
"NHANESOral_2011_2012","NHANES Oral 2011-2012",67,"balanced","MaAsLin3",30,30,1,1,0.0333333333333333
"NHANESOral_2011_2012","NHANES Oral 2011-2012",67,"fourfold","DASRA",30,30,1,0,0
"NHANESOral_2011_2012","NHANES Oral 2011-2012",67,"fourfold","ZINQ",30,30,1,1,0.0333333333333333
"NHANESOral_2011_2012","NHANES Oral 2011-2012",67,"fourfold","MaAsLin3",30,30,1,0,0
"NHANESOral_2011_2012","NHANES Oral 2011-2012",68,"balanced","DASRA",30,30,1,1,0.0333333333333333
"NHANESOral_2011_2012","NHANES Oral 2011-2012",68,"balanced","ZINQ",30,30,1,1,0.0333333333333333
"NHANESOral_2011_2012","NHANES Oral 2011-2012",68,"balanced","MaAsLin3",30,30,1,1,0.0333333333333333
"NHANESOral_2011_2012","NHANES Oral 2011-2012",68,"fourfold","DASRA",30,30,1,1,0.0333333333333333
"NHANESOral_2011_2012","NHANES Oral 2011-2012",68,"fourfold","ZINQ",30,30,1,1,0.0333333333333333
"NHANESOral_2011_2012","NHANES Oral 2011-2012",68,"fourfold","MaAsLin3",30,30,1,0,0
"NHANESOral_2011_2012","NHANES Oral 2011-2012",69,"balanced","DASRA",30,30,1,0,0
"NHANESOral_2011_2012","NHANES Oral 2011-2012",69,"balanced","ZINQ",30,30,1,0,0
"NHANESOral_2011_2012","NHANES Oral 2011-2012",69,"balanced","MaAsLin3",30,30,1,0,0
"NHANESOral_2011_2012","NHANES Oral 2011-2012",69,"fourfold","DASRA",30,30,1,0,0
"NHANESOral_2011_2012","NHANES Oral 2011-2012",69,"fourfold","ZINQ",30,30,1,1,0.0333333333333333
"NHANESOral_2011_2012","NHANES Oral 2011-2012",69,"fourfold","MaAsLin3",30,30,1,0,0
"NHANESOral_2011_2012","NHANES Oral 2011-2012",70,"balanced","DASRA",30,30,1,2,0.0666666666666667
"NHANESOral_2011_2012","NHANES Oral 2011-2012",70,"balanced","ZINQ",30,30,1,0,0
"NHANESOral_2011_2012","NHANES Oral 2011-2012",70,"balanced","MaAsLin3",30,30,1,0,0
"NHANESOral_2011_2012","NHANES Oral 2011-2012",70,"fourfold","DASRA",30,30,1,1,0.0333333333333333
"NHANESOral_2011_2012","NHANES Oral 2011-2012",70,"fourfold","ZINQ",30,30,1,0,0
"NHANESOral_2011_2012","NHANES Oral 2011-2012",70,"fourfold","MaAsLin3",30,30,1,0,0
"NHANESOral_2011_2012","NHANES Oral 2011-2012",71,"balanced","DASRA",30,30,1,1,0.0333333333333333
"NHANESOral_2011_2012","NHANES Oral 2011-2012",71,"balanced","ZINQ",30,30,1,0,0
"NHANESOral_2011_2012","NHANES Oral 2011-2012",71,"balanced","MaAsLin3",30,30,1,1,0.0333333333333333
"NHANESOral_2011_2012","NHANES Oral 2011-2012",71,"fourfold","DASRA",30,30,1,2,0.0666666666666667
"NHANESOral_2011_2012","NHANES Oral 2011-2012",71,"fourfold","ZINQ",30,30,1,1,0.0333333333333333
"NHANESOral_2011_2012","NHANES Oral 2011-2012",71,"fourfold","MaAsLin3",30,30,1,1,0.0333333333333333
"NHANESOral_2011_2012","NHANES Oral 2011-2012",72,"balanced","DASRA",30,30,1,2,0.0666666666666667
"NHANESOral_2011_2012","NHANES Oral 2011-2012",72,"balanced","ZINQ",30,30,1,3,0.1
"NHANESOral_2011_2012","NHANES Oral 2011-2012",72,"balanced","MaAsLin3",30,30,1,2,0.0666666666666667
"NHANESOral_2011_2012","NHANES Oral 2011-2012",72,"fourfold","DASRA",30,30,1,2,0.0666666666666667
"NHANESOral_2011_2012","NHANES Oral 2011-2012",72,"fourfold","ZINQ",30,30,1,2,0.0666666666666667
"NHANESOral_2011_2012","NHANES Oral 2011-2012",72,"fourfold","MaAsLin3",30,30,1,2,0.0666666666666667
"NHANESOral_2011_2012","NHANES Oral 2011-2012",73,"balanced","DASRA",30,30,1,4,0.133333333333333
"NHANESOral_2011_2012","NHANES Oral 2011-2012",73,"balanced","ZINQ",30,30,1,1,0.0333333333333333
"NHANESOral_2011_2012","NHANES Oral 2011-2012",73,"balanced","MaAsLin3",30,30,1,1,0.0333333333333333
"NHANESOral_2011_2012","NHANES Oral 2011-2012",73,"fourfold","DASRA",30,30,1,1,0.0333333333333333
"NHANESOral_2011_2012","NHANES Oral 2011-2012",73,"fourfold","ZINQ",30,30,1,0,0
"NHANESOral_2011_2012","NHANES Oral 2011-2012",73,"fourfold","MaAsLin3",30,30,1,1,0.0333333333333333
"NHANESOral_2011_2012","NHANES Oral 2011-2012",74,"balanced","DASRA",30,30,1,2,0.0666666666666667
"NHANESOral_2011_2012","NHANES Oral 2011-2012",74,"balanced","ZINQ",30,30,1,2,0.0666666666666667
"NHANESOral_2011_2012","NHANES Oral 2011-2012",74,"balanced","MaAsLin3",30,30,1,1,0.0333333333333333
"NHANESOral_2011_2012","NHANES Oral 2011-2012",74,"fourfold","DASRA",30,30,1,1,0.0333333333333333
"NHANESOral_2011_2012","NHANES Oral 2011-2012",74,"fourfold","ZINQ",30,30,1,1,0.0333333333333333
"NHANESOral_2011_2012","NHANES Oral 2011-2012",74,"fourfold","MaAsLin3",30,30,1,0,0
"NHANESOral_2011_2012","NHANES Oral 2011-2012",75,"balanced","DASRA",30,30,1,0,0
"NHANESOral_2011_2012","NHANES Oral 2011-2012",75,"balanced","ZINQ",30,30,1,1,0.0333333333333333
"NHANESOral_2011_2012","NHANES Oral 2011-2012",75,"balanced","MaAsLin3",30,30,1,0,0
"NHANESOral_2011_2012","NHANES Oral 2011-2012",75,"fourfold","DASRA",30,30,1,0,0
"NHANESOral_2011_2012","NHANES Oral 2011-2012",75,"fourfold","ZINQ",30,30,1,1,0.0333333333333333
"NHANESOral_2011_2012","NHANES Oral 2011-2012",75,"fourfold","MaAsLin3",30,30,1,1,0.0333333333333333
"NHANESOral_2011_2012","NHANES Oral 2011-2012",76,"balanced","DASRA",30,30,1,1,0.0333333333333333
"NHANESOral_2011_2012","NHANES Oral 2011-2012",76,"balanced","ZINQ",30,30,1,0,0
"NHANESOral_2011_2012","NHANES Oral 2011-2012",76,"balanced","MaAsLin3",30,30,1,3,0.1
"NHANESOral_2011_2012","NHANES Oral 2011-2012",76,"fourfold","DASRA",30,30,1,2,0.0666666666666667
"NHANESOral_2011_2012","NHANES Oral 2011-2012",76,"fourfold","ZINQ",30,30,1,1,0.0333333333333333
"NHANESOral_2011_2012","NHANES Oral 2011-2012",76,"fourfold","MaAsLin3",30,30,1,3,0.1
"NHANESOral_2011_2012","NHANES Oral 2011-2012",77,"balanced","DASRA",30,30,1,0,0
"NHANESOral_2011_2012","NHANES Oral 2011-2012",77,"balanced","ZINQ",30,30,1,0,0
"NHANESOral_2011_2012","NHANES Oral 2011-2012",77,"balanced","MaAsLin3",30,30,1,0,0
"NHANESOral_2011_2012","NHANES Oral 2011-2012",77,"fourfold","DASRA",30,30,1,0,0
"NHANESOral_2011_2012","NHANES Oral 2011-2012",77,"fourfold","ZINQ",30,30,1,1,0.0333333333333333
"NHANESOral_2011_2012","NHANES Oral 2011-2012",77,"fourfold","MaAsLin3",30,30,1,1,0.0333333333333333
"NHANESOral_2011_2012","NHANES Oral 2011-2012",78,"balanced","DASRA",30,30,1,0,0
"NHANESOral_2011_2012","NHANES Oral 2011-2012",78,"balanced","ZINQ",30,30,1,2,0.0666666666666667
"NHANESOral_2011_2012","NHANES Oral 2011-2012",78,"balanced","MaAsLin3",30,30,1,0,0
"NHANESOral_2011_2012","NHANES Oral 2011-2012",78,"fourfold","DASRA",30,30,1,0,0
"NHANESOral_2011_2012","NHANES Oral 2011-2012",78,"fourfold","ZINQ",30,30,1,5,0.166666666666667
"NHANESOral_2011_2012","NHANES Oral 2011-2012",78,"fourfold","MaAsLin3",30,30,1,6,0.2
"NHANESOral_2011_2012","NHANES Oral 2011-2012",79,"balanced","DASRA",30,30,1,0,0
"NHANESOral_2011_2012","NHANES Oral 2011-2012",79,"balanced","ZINQ",30,30,1,4,0.133333333333333
"NHANESOral_2011_2012","NHANES Oral 2011-2012",79,"balanced","MaAsLin3",30,30,1,1,0.0333333333333333
"NHANESOral_2011_2012","NHANES Oral 2011-2012",79,"fourfold","DASRA",30,30,1,0,0
"NHANESOral_2011_2012","NHANES Oral 2011-2012",79,"fourfold","ZINQ",30,30,1,2,0.0666666666666667
"NHANESOral_2011_2012","NHANES Oral 2011-2012",79,"fourfold","MaAsLin3",30,30,1,3,0.1
"NHANESOral_2011_2012","NHANES Oral 2011-2012",80,"balanced","DASRA",30,30,1,1,0.0333333333333333
"NHANESOral_2011_2012","NHANES Oral 2011-2012",80,"balanced","ZINQ",30,30,1,3,0.1
"NHANESOral_2011_2012","NHANES Oral 2011-2012",80,"balanced","MaAsLin3",30,30,1,2,0.0666666666666667
"NHANESOral_2011_2012","NHANES Oral 2011-2012",80,"fourfold","DASRA",30,30,1,1,0.0333333333333333
"NHANESOral_2011_2012","NHANES Oral 2011-2012",80,"fourfold","ZINQ",30,30,1,1,0.0333333333333333
"NHANESOral_2011_2012","NHANES Oral 2011-2012",80,"fourfold","MaAsLin3",30,30,1,0,0
"NHANESOral_2011_2012","NHANES Oral 2011-2012",81,"balanced","DASRA",30,30,1,1,0.0333333333333333
"NHANESOral_2011_2012","NHANES Oral 2011-2012",81,"balanced","ZINQ",30,30,1,3,0.1
"NHANESOral_2011_2012","NHANES Oral 2011-2012",81,"balanced","MaAsLin3",30,30,1,0,0
"NHANESOral_2011_2012","NHANES Oral 2011-2012",81,"fourfold","DASRA",30,30,1,1,0.0333333333333333
"NHANESOral_2011_2012","NHANES Oral 2011-2012",81,"fourfold","ZINQ",30,30,1,2,0.0666666666666667
"NHANESOral_2011_2012","NHANES Oral 2011-2012",81,"fourfold","MaAsLin3",30,30,1,0,0
"NHANESOral_2011_2012","NHANES Oral 2011-2012",82,"balanced","DASRA",30,30,1,1,0.0333333333333333
"NHANESOral_2011_2012","NHANES Oral 2011-2012",82,"balanced","ZINQ",30,30,1,0,0
"NHANESOral_2011_2012","NHANES Oral 2011-2012",82,"balanced","MaAsLin3",30,30,1,0,0
"NHANESOral_2011_2012","NHANES Oral 2011-2012",82,"fourfold","DASRA",30,30,1,0,0
"NHANESOral_2011_2012","NHANES Oral 2011-2012",82,"fourfold","ZINQ",30,30,1,1,0.0333333333333333
"NHANESOral_2011_2012","NHANES Oral 2011-2012",82,"fourfold","MaAsLin3",30,30,1,1,0.0333333333333333
"NHANESOral_2011_2012","NHANES Oral 2011-2012",83,"balanced","DASRA",30,30,1,2,0.0666666666666667
"NHANESOral_2011_2012","NHANES Oral 2011-2012",83,"balanced","ZINQ",30,30,1,3,0.1
"NHANESOral_2011_2012","NHANES Oral 2011-2012",83,"balanced","MaAsLin3",30,30,1,1,0.0333333333333333
"NHANESOral_2011_2012","NHANES Oral 2011-2012",83,"fourfold","DASRA",30,30,1,2,0.0666666666666667
"NHANESOral_2011_2012","NHANES Oral 2011-2012",83,"fourfold","ZINQ",30,30,1,5,0.166666666666667
"NHANESOral_2011_2012","NHANES Oral 2011-2012",83,"fourfold","MaAsLin3",30,30,1,3,0.1
"NHANESOral_2011_2012","NHANES Oral 2011-2012",84,"balanced","DASRA",30,30,1,2,0.0666666666666667
"NHANESOral_2011_2012","NHANES Oral 2011-2012",84,"balanced","ZINQ",30,30,1,0,0
"NHANESOral_2011_2012","NHANES Oral 2011-2012",84,"balanced","MaAsLin3",30,30,1,0,0
"NHANESOral_2011_2012","NHANES Oral 2011-2012",84,"fourfold","DASRA",30,30,1,2,0.0666666666666667
"NHANESOral_2011_2012","NHANES Oral 2011-2012",84,"fourfold","ZINQ",30,30,1,0,0
"NHANESOral_2011_2012","NHANES Oral 2011-2012",84,"fourfold","MaAsLin3",30,30,1,0,0
"NHANESOral_2011_2012","NHANES Oral 2011-2012",85,"balanced","DASRA",30,30,1,0,0
"NHANESOral_2011_2012","NHANES Oral 2011-2012",85,"balanced","ZINQ",30,30,1,2,0.0666666666666667
"NHANESOral_2011_2012","NHANES Oral 2011-2012",85,"balanced","MaAsLin3",30,30,1,1,0.0333333333333333
"NHANESOral_2011_2012","NHANES Oral 2011-2012",85,"fourfold","DASRA",30,30,1,0,0
"NHANESOral_2011_2012","NHANES Oral 2011-2012",85,"fourfold","ZINQ",30,30,1,2,0.0666666666666667
"NHANESOral_2011_2012","NHANES Oral 2011-2012",85,"fourfold","MaAsLin3",30,30,1,3,0.1
"NHANESOral_2011_2012","NHANES Oral 2011-2012",86,"balanced","DASRA",30,30,1,1,0.0333333333333333
"NHANESOral_2011_2012","NHANES Oral 2011-2012",86,"balanced","ZINQ",30,30,1,0,0
"NHANESOral_2011_2012","NHANES Oral 2011-2012",86,"balanced","MaAsLin3",30,30,1,1,0.0333333333333333
"NHANESOral_2011_2012","NHANES Oral 2011-2012",86,"fourfold","DASRA",30,30,1,0,0
"NHANESOral_2011_2012","NHANES Oral 2011-2012",86,"fourfold","ZINQ",30,30,1,3,0.1
"NHANESOral_2011_2012","NHANES Oral 2011-2012",86,"fourfold","MaAsLin3",30,30,1,3,0.1
"NHANESOral_2011_2012","NHANES Oral 2011-2012",87,"balanced","DASRA",30,30,1,5,0.166666666666667
"NHANESOral_2011_2012","NHANES Oral 2011-2012",87,"balanced","ZINQ",30,30,1,2,0.0666666666666667
"NHANESOral_2011_2012","NHANES Oral 2011-2012",87,"balanced","MaAsLin3",30,30,1,1,0.0333333333333333
"NHANESOral_2011_2012","NHANES Oral 2011-2012",87,"fourfold","DASRA",30,30,1,3,0.1
"NHANESOral_2011_2012","NHANES Oral 2011-2012",87,"fourfold","ZINQ",30,30,1,1,0.0333333333333333
"NHANESOral_2011_2012","NHANES Oral 2011-2012",87,"fourfold","MaAsLin3",30,30,1,0,0
"NHANESOral_2011_2012","NHANES Oral 2011-2012",88,"balanced","DASRA",30,30,1,1,0.0333333333333333
"NHANESOral_2011_2012","NHANES Oral 2011-2012",88,"balanced","ZINQ",30,30,1,2,0.0666666666666667
"NHANESOral_2011_2012","NHANES Oral 2011-2012",88,"balanced","MaAsLin3",30,30,1,0,0
"NHANESOral_2011_2012","NHANES Oral 2011-2012",88,"fourfold","DASRA",30,30,1,0,0
"NHANESOral_2011_2012","NHANES Oral 2011-2012",88,"fourfold","ZINQ",30,30,1,0,0
"NHANESOral_2011_2012","NHANES Oral 2011-2012",88,"fourfold","MaAsLin3",30,30,1,1,0.0333333333333333
"NHANESOral_2011_2012","NHANES Oral 2011-2012",89,"balanced","DASRA",30,30,1,0,0
"NHANESOral_2011_2012","NHANES Oral 2011-2012",89,"balanced","ZINQ",30,30,1,2,0.0666666666666667
"NHANESOral_2011_2012","NHANES Oral 2011-2012",89,"balanced","MaAsLin3",30,30,1,1,0.0333333333333333
"NHANESOral_2011_2012","NHANES Oral 2011-2012",89,"fourfold","DASRA",30,30,1,1,0.0333333333333333
"NHANESOral_2011_2012","NHANES Oral 2011-2012",89,"fourfold","ZINQ",30,30,1,7,0.233333333333333
"NHANESOral_2011_2012","NHANES Oral 2011-2012",89,"fourfold","MaAsLin3",30,30,1,5,0.166666666666667
"NHANESOral_2011_2012","NHANES Oral 2011-2012",90,"balanced","DASRA",30,30,1,0,0
"NHANESOral_2011_2012","NHANES Oral 2011-2012",90,"balanced","ZINQ",30,30,1,0,0
"NHANESOral_2011_2012","NHANES Oral 2011-2012",90,"balanced","MaAsLin3",30,30,1,1,0.0333333333333333
"NHANESOral_2011_2012","NHANES Oral 2011-2012",90,"fourfold","DASRA",30,30,1,1,0.0333333333333333
"NHANESOral_2011_2012","NHANES Oral 2011-2012",90,"fourfold","ZINQ",30,30,1,0,0
"NHANESOral_2011_2012","NHANES Oral 2011-2012",90,"fourfold","MaAsLin3",30,30,1,0,0
"NHANESOral_2011_2012","NHANES Oral 2011-2012",91,"balanced","DASRA",30,30,1,0,0
"NHANESOral_2011_2012","NHANES Oral 2011-2012",91,"balanced","ZINQ",30,30,1,2,0.0666666666666667
"NHANESOral_2011_2012","NHANES Oral 2011-2012",91,"balanced","MaAsLin3",30,30,1,0,0
"NHANESOral_2011_2012","NHANES Oral 2011-2012",91,"fourfold","DASRA",30,30,1,1,0.0333333333333333
"NHANESOral_2011_2012","NHANES Oral 2011-2012",91,"fourfold","ZINQ",30,30,1,0,0
"NHANESOral_2011_2012","NHANES Oral 2011-2012",91,"fourfold","MaAsLin3",30,30,1,0,0
"NHANESOral_2011_2012","NHANES Oral 2011-2012",92,"balanced","DASRA",30,30,1,1,0.0333333333333333
"NHANESOral_2011_2012","NHANES Oral 2011-2012",92,"balanced","ZINQ",30,30,1,2,0.0666666666666667
"NHANESOral_2011_2012","NHANES Oral 2011-2012",92,"balanced","MaAsLin3",30,30,1,1,0.0333333333333333
"NHANESOral_2011_2012","NHANES Oral 2011-2012",92,"fourfold","DASRA",30,30,1,1,0.0333333333333333
"NHANESOral_2011_2012","NHANES Oral 2011-2012",92,"fourfold","ZINQ",30,30,1,4,0.133333333333333
"NHANESOral_2011_2012","NHANES Oral 2011-2012",92,"fourfold","MaAsLin3",30,30,1,2,0.0666666666666667
"NHANESOral_2011_2012","NHANES Oral 2011-2012",93,"balanced","DASRA",30,30,1,0,0
"NHANESOral_2011_2012","NHANES Oral 2011-2012",93,"balanced","ZINQ",30,30,1,1,0.0333333333333333
"NHANESOral_2011_2012","NHANES Oral 2011-2012",93,"balanced","MaAsLin3",30,30,1,2,0.0666666666666667
"NHANESOral_2011_2012","NHANES Oral 2011-2012",93,"fourfold","DASRA",30,30,1,2,0.0666666666666667
"NHANESOral_2011_2012","NHANES Oral 2011-2012",93,"fourfold","ZINQ",30,30,1,3,0.1
"NHANESOral_2011_2012","NHANES Oral 2011-2012",93,"fourfold","MaAsLin3",30,30,1,3,0.1
"NHANESOral_2011_2012","NHANES Oral 2011-2012",94,"balanced","DASRA",30,30,1,2,0.0666666666666667
"NHANESOral_2011_2012","NHANES Oral 2011-2012",94,"balanced","ZINQ",30,30,1,3,0.1
"NHANESOral_2011_2012","NHANES Oral 2011-2012",94,"balanced","MaAsLin3",30,30,1,3,0.1
"NHANESOral_2011_2012","NHANES Oral 2011-2012",94,"fourfold","DASRA",30,30,1,2,0.0666666666666667
"NHANESOral_2011_2012","NHANES Oral 2011-2012",94,"fourfold","ZINQ",30,30,1,4,0.133333333333333
"NHANESOral_2011_2012","NHANES Oral 2011-2012",94,"fourfold","MaAsLin3",30,30,1,2,0.0666666666666667
"NHANESOral_2011_2012","NHANES Oral 2011-2012",95,"balanced","DASRA",30,30,1,1,0.0333333333333333
"NHANESOral_2011_2012","NHANES Oral 2011-2012",95,"balanced","ZINQ",30,30,1,0,0
"NHANESOral_2011_2012","NHANES Oral 2011-2012",95,"balanced","MaAsLin3",30,30,1,0,0
"NHANESOral_2011_2012","NHANES Oral 2011-2012",95,"fourfold","DASRA",30,30,1,0,0
"NHANESOral_2011_2012","NHANES Oral 2011-2012",95,"fourfold","ZINQ",30,30,1,1,0.0333333333333333
"NHANESOral_2011_2012","NHANES Oral 2011-2012",95,"fourfold","MaAsLin3",30,30,1,0,0
"NHANESOral_2011_2012","NHANES Oral 2011-2012",96,"balanced","DASRA",30,30,1,5,0.166666666666667
"NHANESOral_2011_2012","NHANES Oral 2011-2012",96,"balanced","ZINQ",30,30,1,2,0.0666666666666667
"NHANESOral_2011_2012","NHANES Oral 2011-2012",96,"balanced","MaAsLin3",30,30,1,1,0.0333333333333333
"NHANESOral_2011_2012","NHANES Oral 2011-2012",96,"fourfold","DASRA",30,30,1,1,0.0333333333333333
"NHANESOral_2011_2012","NHANES Oral 2011-2012",96,"fourfold","ZINQ",30,30,1,2,0.0666666666666667
"NHANESOral_2011_2012","NHANES Oral 2011-2012",96,"fourfold","MaAsLin3",30,30,1,3,0.1
"NHANESOral_2011_2012","NHANES Oral 2011-2012",97,"balanced","DASRA",30,30,1,0,0
"NHANESOral_2011_2012","NHANES Oral 2011-2012",97,"balanced","ZINQ",30,30,1,1,0.0333333333333333
"NHANESOral_2011_2012","NHANES Oral 2011-2012",97,"balanced","MaAsLin3",30,30,1,0,0
"NHANESOral_2011_2012","NHANES Oral 2011-2012",97,"fourfold","DASRA",30,30,1,0,0
"NHANESOral_2011_2012","NHANES Oral 2011-2012",97,"fourfold","ZINQ",30,30,1,1,0.0333333333333333
"NHANESOral_2011_2012","NHANES Oral 2011-2012",97,"fourfold","MaAsLin3",30,30,1,1,0.0333333333333333
"NHANESOral_2011_2012","NHANES Oral 2011-2012",98,"balanced","DASRA",30,30,1,3,0.1
"NHANESOral_2011_2012","NHANES Oral 2011-2012",98,"balanced","ZINQ",30,30,1,3,0.1
"NHANESOral_2011_2012","NHANES Oral 2011-2012",98,"balanced","MaAsLin3",30,30,1,3,0.1
"NHANESOral_2011_2012","NHANES Oral 2011-2012",98,"fourfold","DASRA",30,30,1,3,0.1
"NHANESOral_2011_2012","NHANES Oral 2011-2012",98,"fourfold","ZINQ",30,30,1,2,0.0666666666666667
"NHANESOral_2011_2012","NHANES Oral 2011-2012",98,"fourfold","MaAsLin3",30,30,1,2,0.0666666666666667
"NHANESOral_2011_2012","NHANES Oral 2011-2012",99,"balanced","DASRA",30,30,1,1,0.0333333333333333
"NHANESOral_2011_2012","NHANES Oral 2011-2012",99,"balanced","ZINQ",30,30,1,1,0.0333333333333333
"NHANESOral_2011_2012","NHANES Oral 2011-2012",99,"balanced","MaAsLin3",30,30,1,1,0.0333333333333333
"NHANESOral_2011_2012","NHANES Oral 2011-2012",99,"fourfold","DASRA",30,30,1,1,0.0333333333333333
"NHANESOral_2011_2012","NHANES Oral 2011-2012",99,"fourfold","ZINQ",30,30,1,2,0.0666666666666667
"NHANESOral_2011_2012","NHANES Oral 2011-2012",99,"fourfold","MaAsLin3",30,30,1,1,0.0333333333333333
"NHANESOral_2011_2012","NHANES Oral 2011-2012",100,"balanced","DASRA",30,30,1,0,0
"NHANESOral_2011_2012","NHANES Oral 2011-2012",100,"balanced","ZINQ",30,30,1,0,0
"NHANESOral_2011_2012","NHANES Oral 2011-2012",100,"balanced","MaAsLin3",30,30,1,0,0
"NHANESOral_2011_2012","NHANES Oral 2011-2012",100,"fourfold","DASRA",30,30,1,0,0
"NHANESOral_2011_2012","NHANES Oral 2011-2012",100,"fourfold","ZINQ",30,30,1,1,0.0333333333333333
"NHANESOral_2011_2012","NHANES Oral 2011-2012",100,"fourfold","MaAsLin3",30,30,1,2,0.0666666666666667
