"dataset","dataset_label","replicate","scenario","method","n_taxa","n_available","availability_rate","n_bh_rejections","familywise_type_i_error"
"MehtaRS_2018","Mehta 2018",1,"balanced","SACAT",30,30,1,0,0
"MehtaRS_2018","Mehta 2018",1,"balanced","ZINQ",30,30,1,0,0
"MehtaRS_2018","Mehta 2018",1,"balanced","MaAsLin3",30,29,0.966666666666667,0,0
"MehtaRS_2018","Mehta 2018",1,"fourfold","SACAT",30,30,1,0,0
"MehtaRS_2018","Mehta 2018",1,"fourfold","ZINQ",30,30,1,0,0
"MehtaRS_2018","Mehta 2018",1,"fourfold","MaAsLin3",30,29,0.966666666666667,0,0
"MehtaRS_2018","Mehta 2018",2,"balanced","SACAT",30,30,1,0,0
"MehtaRS_2018","Mehta 2018",2,"balanced","ZINQ",30,30,1,0,0
"MehtaRS_2018","Mehta 2018",2,"balanced","MaAsLin3",30,29,0.966666666666667,0,0
"MehtaRS_2018","Mehta 2018",2,"fourfold","SACAT",30,30,1,0,0
"MehtaRS_2018","Mehta 2018",2,"fourfold","ZINQ",30,30,1,0,0
"MehtaRS_2018","Mehta 2018",2,"fourfold","MaAsLin3",30,29,0.966666666666667,0,0
"MehtaRS_2018","Mehta 2018",3,"balanced","SACAT",30,30,1,0,0
"MehtaRS_2018","Mehta 2018",3,"balanced","ZINQ",30,30,1,0,0
"MehtaRS_2018","Mehta 2018",3,"balanced","MaAsLin3",30,29,0.966666666666667,0,0
"MehtaRS_2018","Mehta 2018",3,"fourfold","SACAT",30,30,1,0,0
"MehtaRS_2018","Mehta 2018",3,"fourfold","ZINQ",30,30,1,0,0
"MehtaRS_2018","Mehta 2018",3,"fourfold","MaAsLin3",30,29,0.966666666666667,0,0
"MehtaRS_2018","Mehta 2018",4,"balanced","SACAT",30,30,1,0,0
"MehtaRS_2018","Mehta 2018",4,"balanced","ZINQ",30,30,1,0,0
"MehtaRS_2018","Mehta 2018",4,"balanced","MaAsLin3",30,29,0.966666666666667,0,0
"MehtaRS_2018","Mehta 2018",4,"fourfold","SACAT",30,30,1,0,0
"MehtaRS_2018","Mehta 2018",4,"fourfold","ZINQ",30,30,1,0,0
"MehtaRS_2018","Mehta 2018",4,"fourfold","MaAsLin3",30,29,0.966666666666667,0,0
"MehtaRS_2018","Mehta 2018",5,"balanced","SACAT",30,30,1,0,0
"MehtaRS_2018","Mehta 2018",5,"balanced","ZINQ",30,30,1,0,0
"MehtaRS_2018","Mehta 2018",5,"balanced","MaAsLin3",30,29,0.966666666666667,0,0
"MehtaRS_2018","Mehta 2018",5,"fourfold","SACAT",30,30,1,0,0
"MehtaRS_2018","Mehta 2018",5,"fourfold","ZINQ",30,30,1,0,0
"MehtaRS_2018","Mehta 2018",5,"fourfold","MaAsLin3",30,29,0.966666666666667,0,0
"MehtaRS_2018","Mehta 2018",6,"balanced","SACAT",30,30,1,0,0
"MehtaRS_2018","Mehta 2018",6,"balanced","ZINQ",30,30,1,0,0
"MehtaRS_2018","Mehta 2018",6,"balanced","MaAsLin3",30,29,0.966666666666667,0,0
"MehtaRS_2018","Mehta 2018",6,"fourfold","SACAT",30,30,1,0,0
"MehtaRS_2018","Mehta 2018",6,"fourfold","ZINQ",30,30,1,0,0
"MehtaRS_2018","Mehta 2018",6,"fourfold","MaAsLin3",30,29,0.966666666666667,0,0
"MehtaRS_2018","Mehta 2018",7,"balanced","SACAT",30,30,1,0,0
"MehtaRS_2018","Mehta 2018",7,"balanced","ZINQ",30,30,1,0,0
"MehtaRS_2018","Mehta 2018",7,"balanced","MaAsLin3",30,29,0.966666666666667,0,0
"MehtaRS_2018","Mehta 2018",7,"fourfold","SACAT",30,30,1,0,0
"MehtaRS_2018","Mehta 2018",7,"fourfold","ZINQ",30,30,1,1,1
"MehtaRS_2018","Mehta 2018",7,"fourfold","MaAsLin3",30,29,0.966666666666667,0,0
"MehtaRS_2018","Mehta 2018",8,"balanced","SACAT",30,30,1,0,0
"MehtaRS_2018","Mehta 2018",8,"balanced","ZINQ",30,30,1,0,0
"MehtaRS_2018","Mehta 2018",8,"balanced","MaAsLin3",30,29,0.966666666666667,0,0
"MehtaRS_2018","Mehta 2018",8,"fourfold","SACAT",30,30,1,0,0
"MehtaRS_2018","Mehta 2018",8,"fourfold","ZINQ",30,30,1,0,0
"MehtaRS_2018","Mehta 2018",8,"fourfold","MaAsLin3",30,29,0.966666666666667,0,0
"MehtaRS_2018","Mehta 2018",9,"balanced","SACAT",30,30,1,0,0
"MehtaRS_2018","Mehta 2018",9,"balanced","ZINQ",30,30,1,0,0
"MehtaRS_2018","Mehta 2018",9,"balanced","MaAsLin3",30,29,0.966666666666667,0,0
"MehtaRS_2018","Mehta 2018",9,"fourfold","SACAT",30,30,1,0,0
"MehtaRS_2018","Mehta 2018",9,"fourfold","ZINQ",30,30,1,0,0
"MehtaRS_2018","Mehta 2018",9,"fourfold","MaAsLin3",30,29,0.966666666666667,0,0
"MehtaRS_2018","Mehta 2018",10,"balanced","SACAT",30,30,1,1,1
"MehtaRS_2018","Mehta 2018",10,"balanced","ZINQ",30,30,1,0,0
"MehtaRS_2018","Mehta 2018",10,"balanced","MaAsLin3",30,29,0.966666666666667,1,1
"MehtaRS_2018","Mehta 2018",10,"fourfold","SACAT",30,30,1,0,0
"MehtaRS_2018","Mehta 2018",10,"fourfold","ZINQ",30,30,1,0,0
"MehtaRS_2018","Mehta 2018",10,"fourfold","MaAsLin3",30,29,0.966666666666667,0,0
"MehtaRS_2018","Mehta 2018",11,"balanced","SACAT",30,30,1,0,0
"MehtaRS_2018","Mehta 2018",11,"balanced","ZINQ",30,30,1,0,0
"MehtaRS_2018","Mehta 2018",11,"balanced","MaAsLin3",30,29,0.966666666666667,0,0
"MehtaRS_2018","Mehta 2018",11,"fourfold","SACAT",30,30,1,0,0
"MehtaRS_2018","Mehta 2018",11,"fourfold","ZINQ",30,30,1,0,0
"MehtaRS_2018","Mehta 2018",11,"fourfold","MaAsLin3",30,29,0.966666666666667,0,0
"MehtaRS_2018","Mehta 2018",12,"balanced","SACAT",30,30,1,0,0
"MehtaRS_2018","Mehta 2018",12,"balanced","ZINQ",30,30,1,0,0
"MehtaRS_2018","Mehta 2018",12,"balanced","MaAsLin3",30,29,0.966666666666667,0,0
"MehtaRS_2018","Mehta 2018",12,"fourfold","SACAT",30,30,1,0,0
"MehtaRS_2018","Mehta 2018",12,"fourfold","ZINQ",30,30,1,0,0
"MehtaRS_2018","Mehta 2018",12,"fourfold","MaAsLin3",30,29,0.966666666666667,0,0
"MehtaRS_2018","Mehta 2018",13,"balanced","SACAT",30,30,1,0,0
"MehtaRS_2018","Mehta 2018",13,"balanced","ZINQ",30,30,1,0,0
"MehtaRS_2018","Mehta 2018",13,"balanced","MaAsLin3",30,29,0.966666666666667,0,0
"MehtaRS_2018","Mehta 2018",13,"fourfold","SACAT",30,30,1,0,0
"MehtaRS_2018","Mehta 2018",13,"fourfold","ZINQ",30,30,1,0,0
"MehtaRS_2018","Mehta 2018",13,"fourfold","MaAsLin3",30,29,0.966666666666667,0,0
"MehtaRS_2018","Mehta 2018",14,"balanced","SACAT",30,30,1,0,0
"MehtaRS_2018","Mehta 2018",14,"balanced","ZINQ",30,30,1,0,0
"MehtaRS_2018","Mehta 2018",14,"balanced","MaAsLin3",30,29,0.966666666666667,0,0
"MehtaRS_2018","Mehta 2018",14,"fourfold","SACAT",30,30,1,0,0
"MehtaRS_2018","Mehta 2018",14,"fourfold","ZINQ",30,30,1,0,0
"MehtaRS_2018","Mehta 2018",14,"fourfold","MaAsLin3",30,29,0.966666666666667,0,0
"MehtaRS_2018","Mehta 2018",15,"balanced","SACAT",30,30,1,0,0
"MehtaRS_2018","Mehta 2018",15,"balanced","ZINQ",30,30,1,0,0
"MehtaRS_2018","Mehta 2018",15,"balanced","MaAsLin3",30,29,0.966666666666667,0,0
"MehtaRS_2018","Mehta 2018",15,"fourfold","SACAT",30,30,1,0,0
"MehtaRS_2018","Mehta 2018",15,"fourfold","ZINQ",30,30,1,1,1
"MehtaRS_2018","Mehta 2018",15,"fourfold","MaAsLin3",30,29,0.966666666666667,0,0
"MehtaRS_2018","Mehta 2018",16,"balanced","SACAT",30,30,1,0,0
"MehtaRS_2018","Mehta 2018",16,"balanced","ZINQ",30,30,1,0,0
"MehtaRS_2018","Mehta 2018",16,"balanced","MaAsLin3",30,29,0.966666666666667,0,0
"MehtaRS_2018","Mehta 2018",16,"fourfold","SACAT",30,30,1,0,0
"MehtaRS_2018","Mehta 2018",16,"fourfold","ZINQ",30,30,1,0,0
"MehtaRS_2018","Mehta 2018",16,"fourfold","MaAsLin3",30,29,0.966666666666667,0,0
"MehtaRS_2018","Mehta 2018",17,"balanced","SACAT",30,30,1,0,0
"MehtaRS_2018","Mehta 2018",17,"balanced","ZINQ",30,30,1,0,0
"MehtaRS_2018","Mehta 2018",17,"balanced","MaAsLin3",30,29,0.966666666666667,0,0
"MehtaRS_2018","Mehta 2018",17,"fourfold","SACAT",30,30,1,0,0
"MehtaRS_2018","Mehta 2018",17,"fourfold","ZINQ",30,30,1,0,0
"MehtaRS_2018","Mehta 2018",17,"fourfold","MaAsLin3",30,29,0.966666666666667,0,0
"MehtaRS_2018","Mehta 2018",18,"balanced","SACAT",30,30,1,0,0
"MehtaRS_2018","Mehta 2018",18,"balanced","ZINQ",30,30,1,0,0
"MehtaRS_2018","Mehta 2018",18,"balanced","MaAsLin3",30,29,0.966666666666667,0,0
"MehtaRS_2018","Mehta 2018",18,"fourfold","SACAT",30,30,1,0,0
"MehtaRS_2018","Mehta 2018",18,"fourfold","ZINQ",30,30,1,0,0
"MehtaRS_2018","Mehta 2018",18,"fourfold","MaAsLin3",30,29,0.966666666666667,0,0
"MehtaRS_2018","Mehta 2018",19,"balanced","SACAT",30,30,1,0,0
"MehtaRS_2018","Mehta 2018",19,"balanced","ZINQ",30,30,1,0,0
"MehtaRS_2018","Mehta 2018",19,"balanced","MaAsLin3",30,29,0.966666666666667,0,0
"MehtaRS_2018","Mehta 2018",19,"fourfold","SACAT",30,30,1,0,0
"MehtaRS_2018","Mehta 2018",19,"fourfold","ZINQ",30,30,1,0,0
"MehtaRS_2018","Mehta 2018",19,"fourfold","MaAsLin3",30,29,0.966666666666667,0,0
"MehtaRS_2018","Mehta 2018",20,"balanced","SACAT",30,30,1,0,0
"MehtaRS_2018","Mehta 2018",20,"balanced","ZINQ",30,30,1,0,0
"MehtaRS_2018","Mehta 2018",20,"balanced","MaAsLin3",30,29,0.966666666666667,0,0
"MehtaRS_2018","Mehta 2018",20,"fourfold","SACAT",30,30,1,0,0
"MehtaRS_2018","Mehta 2018",20,"fourfold","ZINQ",30,30,1,0,0
"MehtaRS_2018","Mehta 2018",20,"fourfold","MaAsLin3",30,29,0.966666666666667,0,0
"MehtaRS_2018","Mehta 2018",21,"balanced","SACAT",30,30,1,0,0
"MehtaRS_2018","Mehta 2018",21,"balanced","ZINQ",30,30,1,0,0
"MehtaRS_2018","Mehta 2018",21,"balanced","MaAsLin3",30,29,0.966666666666667,0,0
"MehtaRS_2018","Mehta 2018",21,"fourfold","SACAT",30,30,1,0,0
"MehtaRS_2018","Mehta 2018",21,"fourfold","ZINQ",30,30,1,0,0
"MehtaRS_2018","Mehta 2018",21,"fourfold","MaAsLin3",30,29,0.966666666666667,0,0
"MehtaRS_2018","Mehta 2018",22,"balanced","SACAT",30,30,1,0,0
"MehtaRS_2018","Mehta 2018",22,"balanced","ZINQ",30,30,1,0,0
"MehtaRS_2018","Mehta 2018",22,"balanced","MaAsLin3",30,29,0.966666666666667,0,0
"MehtaRS_2018","Mehta 2018",22,"fourfold","SACAT",30,30,1,0,0
"MehtaRS_2018","Mehta 2018",22,"fourfold","ZINQ",30,30,1,0,0
"MehtaRS_2018","Mehta 2018",22,"fourfold","MaAsLin3",30,29,0.966666666666667,0,0
"MehtaRS_2018","Mehta 2018",23,"balanced","SACAT",30,30,1,0,0
"MehtaRS_2018","Mehta 2018",23,"balanced","ZINQ",30,30,1,0,0
"MehtaRS_2018","Mehta 2018",23,"balanced","MaAsLin3",30,29,0.966666666666667,0,0
"MehtaRS_2018","Mehta 2018",23,"fourfold","SACAT",30,30,1,0,0
"MehtaRS_2018","Mehta 2018",23,"fourfold","ZINQ",30,30,1,0,0
"MehtaRS_2018","Mehta 2018",23,"fourfold","MaAsLin3",30,29,0.966666666666667,0,0
"MehtaRS_2018","Mehta 2018",24,"balanced","SACAT",30,30,1,0,0
"MehtaRS_2018","Mehta 2018",24,"balanced","ZINQ",30,30,1,0,0
"MehtaRS_2018","Mehta 2018",24,"balanced","MaAsLin3",30,29,0.966666666666667,0,0
"MehtaRS_2018","Mehta 2018",24,"fourfold","SACAT",30,30,1,0,0
"MehtaRS_2018","Mehta 2018",24,"fourfold","ZINQ",30,30,1,0,0
"MehtaRS_2018","Mehta 2018",24,"fourfold","MaAsLin3",30,29,0.966666666666667,0,0
"MehtaRS_2018","Mehta 2018",25,"balanced","SACAT",30,30,1,0,0
"MehtaRS_2018","Mehta 2018",25,"balanced","ZINQ",30,30,1,0,0
"MehtaRS_2018","Mehta 2018",25,"balanced","MaAsLin3",30,29,0.966666666666667,0,0
"MehtaRS_2018","Mehta 2018",25,"fourfold","SACAT",30,30,1,0,0
"MehtaRS_2018","Mehta 2018",25,"fourfold","ZINQ",30,30,1,0,0
"MehtaRS_2018","Mehta 2018",25,"fourfold","MaAsLin3",30,29,0.966666666666667,0,0
"MehtaRS_2018","Mehta 2018",26,"balanced","SACAT",30,30,1,0,0
"MehtaRS_2018","Mehta 2018",26,"balanced","ZINQ",30,30,1,0,0
"MehtaRS_2018","Mehta 2018",26,"balanced","MaAsLin3",30,29,0.966666666666667,0,0
"MehtaRS_2018","Mehta 2018",26,"fourfold","SACAT",30,30,1,0,0
"MehtaRS_2018","Mehta 2018",26,"fourfold","ZINQ",30,30,1,1,1
"MehtaRS_2018","Mehta 2018",26,"fourfold","MaAsLin3",30,29,0.966666666666667,0,0
"MehtaRS_2018","Mehta 2018",27,"balanced","SACAT",30,30,1,0,0
"MehtaRS_2018","Mehta 2018",27,"balanced","ZINQ",30,30,1,0,0
"MehtaRS_2018","Mehta 2018",27,"balanced","MaAsLin3",30,29,0.966666666666667,0,0
"MehtaRS_2018","Mehta 2018",27,"fourfold","SACAT",30,30,1,0,0
"MehtaRS_2018","Mehta 2018",27,"fourfold","ZINQ",30,30,1,0,0
"MehtaRS_2018","Mehta 2018",27,"fourfold","MaAsLin3",30,29,0.966666666666667,0,0
"MehtaRS_2018","Mehta 2018",28,"balanced","SACAT",30,30,1,0,0
"MehtaRS_2018","Mehta 2018",28,"balanced","ZINQ",30,30,1,0,0
"MehtaRS_2018","Mehta 2018",28,"balanced","MaAsLin3",30,29,0.966666666666667,0,0
"MehtaRS_2018","Mehta 2018",28,"fourfold","SACAT",30,30,1,0,0
"MehtaRS_2018","Mehta 2018",28,"fourfold","ZINQ",30,30,1,0,0
"MehtaRS_2018","Mehta 2018",28,"fourfold","MaAsLin3",30,29,0.966666666666667,0,0
"MehtaRS_2018","Mehta 2018",29,"balanced","SACAT",30,30,1,0,0
"MehtaRS_2018","Mehta 2018",29,"balanced","ZINQ",30,30,1,0,0
"MehtaRS_2018","Mehta 2018",29,"balanced","MaAsLin3",30,29,0.966666666666667,0,0
"MehtaRS_2018","Mehta 2018",29,"fourfold","SACAT",30,30,1,0,0
"MehtaRS_2018","Mehta 2018",29,"fourfold","ZINQ",30,30,1,0,0
"MehtaRS_2018","Mehta 2018",29,"fourfold","MaAsLin3",30,29,0.966666666666667,0,0
"MehtaRS_2018","Mehta 2018",30,"balanced","SACAT",30,30,1,0,0
"MehtaRS_2018","Mehta 2018",30,"balanced","ZINQ",30,30,1,0,0
"MehtaRS_2018","Mehta 2018",30,"balanced","MaAsLin3",30,29,0.966666666666667,0,0
"MehtaRS_2018","Mehta 2018",30,"fourfold","SACAT",30,30,1,0,0
"MehtaRS_2018","Mehta 2018",30,"fourfold","ZINQ",30,30,1,0,0
"MehtaRS_2018","Mehta 2018",30,"fourfold","MaAsLin3",30,29,0.966666666666667,0,0
"MehtaRS_2018","Mehta 2018",31,"balanced","SACAT",30,30,1,0,0
"MehtaRS_2018","Mehta 2018",31,"balanced","ZINQ",30,30,1,0,0
"MehtaRS_2018","Mehta 2018",31,"balanced","MaAsLin3",30,29,0.966666666666667,0,0
"MehtaRS_2018","Mehta 2018",31,"fourfold","SACAT",30,30,1,0,0
"MehtaRS_2018","Mehta 2018",31,"fourfold","ZINQ",30,30,1,0,0
"MehtaRS_2018","Mehta 2018",31,"fourfold","MaAsLin3",30,29,0.966666666666667,0,0
"MehtaRS_2018","Mehta 2018",32,"balanced","SACAT",30,30,1,0,0
"MehtaRS_2018","Mehta 2018",32,"balanced","ZINQ",30,30,1,0,0
"MehtaRS_2018","Mehta 2018",32,"balanced","MaAsLin3",30,29,0.966666666666667,0,0
"MehtaRS_2018","Mehta 2018",32,"fourfold","SACAT",30,30,1,1,1
"MehtaRS_2018","Mehta 2018",32,"fourfold","ZINQ",30,30,1,0,0
"MehtaRS_2018","Mehta 2018",32,"fourfold","MaAsLin3",30,29,0.966666666666667,0,0
"MehtaRS_2018","Mehta 2018",33,"balanced","SACAT",30,30,1,0,0
"MehtaRS_2018","Mehta 2018",33,"balanced","ZINQ",30,30,1,0,0
"MehtaRS_2018","Mehta 2018",33,"balanced","MaAsLin3",30,29,0.966666666666667,0,0
"MehtaRS_2018","Mehta 2018",33,"fourfold","SACAT",30,30,1,0,0
"MehtaRS_2018","Mehta 2018",33,"fourfold","ZINQ",30,30,1,0,0
"MehtaRS_2018","Mehta 2018",33,"fourfold","MaAsLin3",30,29,0.966666666666667,0,0
"MehtaRS_2018","Mehta 2018",34,"balanced","SACAT",30,30,1,0,0
"MehtaRS_2018","Mehta 2018",34,"balanced","ZINQ",30,30,1,0,0
"MehtaRS_2018","Mehta 2018",34,"balanced","MaAsLin3",30,29,0.966666666666667,0,0
"MehtaRS_2018","Mehta 2018",34,"fourfold","SACAT",30,30,1,0,0
"MehtaRS_2018","Mehta 2018",34,"fourfold","ZINQ",30,30,1,0,0
"MehtaRS_2018","Mehta 2018",34,"fourfold","MaAsLin3",30,29,0.966666666666667,0,0
"MehtaRS_2018","Mehta 2018",35,"balanced","SACAT",30,30,1,0,0
"MehtaRS_2018","Mehta 2018",35,"balanced","ZINQ",30,30,1,0,0
"MehtaRS_2018","Mehta 2018",35,"balanced","MaAsLin3",30,29,0.966666666666667,0,0
"MehtaRS_2018","Mehta 2018",35,"fourfold","SACAT",30,30,1,0,0
"MehtaRS_2018","Mehta 2018",35,"fourfold","ZINQ",30,30,1,0,0
"MehtaRS_2018","Mehta 2018",35,"fourfold","MaAsLin3",30,29,0.966666666666667,0,0
"MehtaRS_2018","Mehta 2018",36,"balanced","SACAT",30,30,1,0,0
"MehtaRS_2018","Mehta 2018",36,"balanced","ZINQ",30,30,1,0,0
"MehtaRS_2018","Mehta 2018",36,"balanced","MaAsLin3",30,29,0.966666666666667,0,0
"MehtaRS_2018","Mehta 2018",36,"fourfold","SACAT",30,30,1,0,0
"MehtaRS_2018","Mehta 2018",36,"fourfold","ZINQ",30,30,1,0,0
"MehtaRS_2018","Mehta 2018",36,"fourfold","MaAsLin3",30,29,0.966666666666667,0,0
"MehtaRS_2018","Mehta 2018",37,"balanced","SACAT",30,30,1,0,0
"MehtaRS_2018","Mehta 2018",37,"balanced","ZINQ",30,30,1,0,0
"MehtaRS_2018","Mehta 2018",37,"balanced","MaAsLin3",30,29,0.966666666666667,0,0
"MehtaRS_2018","Mehta 2018",37,"fourfold","SACAT",30,30,1,0,0
"MehtaRS_2018","Mehta 2018",37,"fourfold","ZINQ",30,30,1,0,0
"MehtaRS_2018","Mehta 2018",37,"fourfold","MaAsLin3",30,29,0.966666666666667,0,0
"MehtaRS_2018","Mehta 2018",38,"balanced","SACAT",30,30,1,0,0
"MehtaRS_2018","Mehta 2018",38,"balanced","ZINQ",30,30,1,0,0
"MehtaRS_2018","Mehta 2018",38,"balanced","MaAsLin3",30,29,0.966666666666667,0,0
"MehtaRS_2018","Mehta 2018",38,"fourfold","SACAT",30,30,1,0,0
"MehtaRS_2018","Mehta 2018",38,"fourfold","ZINQ",30,30,1,0,0
"MehtaRS_2018","Mehta 2018",38,"fourfold","MaAsLin3",30,29,0.966666666666667,0,0
"MehtaRS_2018","Mehta 2018",39,"balanced","SACAT",30,30,1,0,0
"MehtaRS_2018","Mehta 2018",39,"balanced","ZINQ",30,30,1,0,0
"MehtaRS_2018","Mehta 2018",39,"balanced","MaAsLin3",30,29,0.966666666666667,0,0
"MehtaRS_2018","Mehta 2018",39,"fourfold","SACAT",30,30,1,0,0
"MehtaRS_2018","Mehta 2018",39,"fourfold","ZINQ",30,30,1,0,0
"MehtaRS_2018","Mehta 2018",39,"fourfold","MaAsLin3",30,29,0.966666666666667,0,0
"MehtaRS_2018","Mehta 2018",40,"balanced","SACAT",30,30,1,0,0
"MehtaRS_2018","Mehta 2018",40,"balanced","ZINQ",30,30,1,0,0
"MehtaRS_2018","Mehta 2018",40,"balanced","MaAsLin3",30,29,0.966666666666667,0,0
"MehtaRS_2018","Mehta 2018",40,"fourfold","SACAT",30,30,1,0,0
"MehtaRS_2018","Mehta 2018",40,"fourfold","ZINQ",30,30,1,0,0
"MehtaRS_2018","Mehta 2018",40,"fourfold","MaAsLin3",30,29,0.966666666666667,0,0
"MehtaRS_2018","Mehta 2018",41,"balanced","SACAT",30,30,1,0,0
"MehtaRS_2018","Mehta 2018",41,"balanced","ZINQ",30,30,1,0,0
"MehtaRS_2018","Mehta 2018",41,"balanced","MaAsLin3",30,29,0.966666666666667,0,0
"MehtaRS_2018","Mehta 2018",41,"fourfold","SACAT",30,30,1,0,0
"MehtaRS_2018","Mehta 2018",41,"fourfold","ZINQ",30,30,1,0,0
"MehtaRS_2018","Mehta 2018",41,"fourfold","MaAsLin3",30,29,0.966666666666667,0,0
"MehtaRS_2018","Mehta 2018",42,"balanced","SACAT",30,30,1,0,0
"MehtaRS_2018","Mehta 2018",42,"balanced","ZINQ",30,30,1,0,0
"MehtaRS_2018","Mehta 2018",42,"balanced","MaAsLin3",30,29,0.966666666666667,0,0
"MehtaRS_2018","Mehta 2018",42,"fourfold","SACAT",30,30,1,0,0
"MehtaRS_2018","Mehta 2018",42,"fourfold","ZINQ",30,30,1,0,0
"MehtaRS_2018","Mehta 2018",42,"fourfold","MaAsLin3",30,29,0.966666666666667,0,0
"MehtaRS_2018","Mehta 2018",43,"balanced","SACAT",30,30,1,0,0
"MehtaRS_2018","Mehta 2018",43,"balanced","ZINQ",30,30,1,0,0
"MehtaRS_2018","Mehta 2018",43,"balanced","MaAsLin3",30,29,0.966666666666667,0,0
"MehtaRS_2018","Mehta 2018",43,"fourfold","SACAT",30,30,1,0,0
"MehtaRS_2018","Mehta 2018",43,"fourfold","ZINQ",30,30,1,0,0
"MehtaRS_2018","Mehta 2018",43,"fourfold","MaAsLin3",30,29,0.966666666666667,0,0
"MehtaRS_2018","Mehta 2018",44,"balanced","SACAT",30,30,1,0,0
"MehtaRS_2018","Mehta 2018",44,"balanced","ZINQ",30,30,1,0,0
"MehtaRS_2018","Mehta 2018",44,"balanced","MaAsLin3",30,29,0.966666666666667,0,0
"MehtaRS_2018","Mehta 2018",44,"fourfold","SACAT",30,30,1,0,0
"MehtaRS_2018","Mehta 2018",44,"fourfold","ZINQ",30,30,1,0,0
"MehtaRS_2018","Mehta 2018",44,"fourfold","MaAsLin3",30,29,0.966666666666667,0,0
"MehtaRS_2018","Mehta 2018",45,"balanced","SACAT",30,30,1,0,0
"MehtaRS_2018","Mehta 2018",45,"balanced","ZINQ",30,30,1,0,0
"MehtaRS_2018","Mehta 2018",45,"balanced","MaAsLin3",30,29,0.966666666666667,0,0
"MehtaRS_2018","Mehta 2018",45,"fourfold","SACAT",30,30,1,0,0
"MehtaRS_2018","Mehta 2018",45,"fourfold","ZINQ",30,30,1,1,1
"MehtaRS_2018","Mehta 2018",45,"fourfold","MaAsLin3",30,29,0.966666666666667,0,0
"MehtaRS_2018","Mehta 2018",46,"balanced","SACAT",30,30,1,0,0
"MehtaRS_2018","Mehta 2018",46,"balanced","ZINQ",30,30,1,0,0
"MehtaRS_2018","Mehta 2018",46,"balanced","MaAsLin3",30,29,0.966666666666667,0,0
"MehtaRS_2018","Mehta 2018",46,"fourfold","SACAT",30,30,1,0,0
"MehtaRS_2018","Mehta 2018",46,"fourfold","ZINQ",30,30,1,0,0
"MehtaRS_2018","Mehta 2018",46,"fourfold","MaAsLin3",30,29,0.966666666666667,0,0
"MehtaRS_2018","Mehta 2018",47,"balanced","SACAT",30,30,1,0,0
"MehtaRS_2018","Mehta 2018",47,"balanced","ZINQ",30,30,1,0,0
"MehtaRS_2018","Mehta 2018",47,"balanced","MaAsLin3",30,29,0.966666666666667,0,0
"MehtaRS_2018","Mehta 2018",47,"fourfold","SACAT",30,30,1,0,0
"MehtaRS_2018","Mehta 2018",47,"fourfold","ZINQ",30,30,1,0,0
"MehtaRS_2018","Mehta 2018",47,"fourfold","MaAsLin3",30,29,0.966666666666667,0,0
"MehtaRS_2018","Mehta 2018",48,"balanced","SACAT",30,30,1,0,0
"MehtaRS_2018","Mehta 2018",48,"balanced","ZINQ",30,30,1,0,0
"MehtaRS_2018","Mehta 2018",48,"balanced","MaAsLin3",30,29,0.966666666666667,0,0
"MehtaRS_2018","Mehta 2018",48,"fourfold","SACAT",30,30,1,0,0
"MehtaRS_2018","Mehta 2018",48,"fourfold","ZINQ",30,30,1,0,0
"MehtaRS_2018","Mehta 2018",48,"fourfold","MaAsLin3",30,29,0.966666666666667,0,0
"MehtaRS_2018","Mehta 2018",49,"balanced","SACAT",30,30,1,0,0
"MehtaRS_2018","Mehta 2018",49,"balanced","ZINQ",30,30,1,0,0
"MehtaRS_2018","Mehta 2018",49,"balanced","MaAsLin3",30,29,0.966666666666667,0,0
"MehtaRS_2018","Mehta 2018",49,"fourfold","SACAT",30,30,1,0,0
"MehtaRS_2018","Mehta 2018",49,"fourfold","ZINQ",30,30,1,0,0
"MehtaRS_2018","Mehta 2018",49,"fourfold","MaAsLin3",30,29,0.966666666666667,0,0
"MehtaRS_2018","Mehta 2018",50,"balanced","SACAT",30,30,1,0,0
"MehtaRS_2018","Mehta 2018",50,"balanced","ZINQ",30,30,1,0,0
"MehtaRS_2018","Mehta 2018",50,"balanced","MaAsLin3",30,29,0.966666666666667,0,0
"MehtaRS_2018","Mehta 2018",50,"fourfold","SACAT",30,30,1,0,0
"MehtaRS_2018","Mehta 2018",50,"fourfold","ZINQ",30,30,1,0,0
"MehtaRS_2018","Mehta 2018",50,"fourfold","MaAsLin3",30,29,0.966666666666667,0,0
"MehtaRS_2018","Mehta 2018",51,"balanced","SACAT",30,30,1,0,0
"MehtaRS_2018","Mehta 2018",51,"balanced","ZINQ",30,30,1,0,0
"MehtaRS_2018","Mehta 2018",51,"balanced","MaAsLin3",30,29,0.966666666666667,0,0
"MehtaRS_2018","Mehta 2018",51,"fourfold","SACAT",30,30,1,0,0
"MehtaRS_2018","Mehta 2018",51,"fourfold","ZINQ",30,30,1,0,0
"MehtaRS_2018","Mehta 2018",51,"fourfold","MaAsLin3",30,29,0.966666666666667,0,0
"MehtaRS_2018","Mehta 2018",52,"balanced","SACAT",30,30,1,0,0
"MehtaRS_2018","Mehta 2018",52,"balanced","ZINQ",30,30,1,0,0
"MehtaRS_2018","Mehta 2018",52,"balanced","MaAsLin3",30,29,0.966666666666667,0,0
"MehtaRS_2018","Mehta 2018",52,"fourfold","SACAT",30,30,1,0,0
"MehtaRS_2018","Mehta 2018",52,"fourfold","ZINQ",30,30,1,0,0
"MehtaRS_2018","Mehta 2018",52,"fourfold","MaAsLin3",30,29,0.966666666666667,0,0
"MehtaRS_2018","Mehta 2018",53,"balanced","SACAT",30,30,1,0,0
"MehtaRS_2018","Mehta 2018",53,"balanced","ZINQ",30,30,1,0,0
"MehtaRS_2018","Mehta 2018",53,"balanced","MaAsLin3",30,29,0.966666666666667,0,0
"MehtaRS_2018","Mehta 2018",53,"fourfold","SACAT",30,30,1,0,0
"MehtaRS_2018","Mehta 2018",53,"fourfold","ZINQ",30,30,1,0,0
"MehtaRS_2018","Mehta 2018",53,"fourfold","MaAsLin3",30,29,0.966666666666667,0,0
"MehtaRS_2018","Mehta 2018",54,"balanced","SACAT",30,30,1,0,0
"MehtaRS_2018","Mehta 2018",54,"balanced","ZINQ",30,30,1,0,0
"MehtaRS_2018","Mehta 2018",54,"balanced","MaAsLin3",30,29,0.966666666666667,0,0
"MehtaRS_2018","Mehta 2018",54,"fourfold","SACAT",30,30,1,0,0
"MehtaRS_2018","Mehta 2018",54,"fourfold","ZINQ",30,30,1,0,0
"MehtaRS_2018","Mehta 2018",54,"fourfold","MaAsLin3",30,29,0.966666666666667,0,0
"MehtaRS_2018","Mehta 2018",55,"balanced","SACAT",30,30,1,0,0
"MehtaRS_2018","Mehta 2018",55,"balanced","ZINQ",30,30,1,0,0
"MehtaRS_2018","Mehta 2018",55,"balanced","MaAsLin3",30,29,0.966666666666667,0,0
"MehtaRS_2018","Mehta 2018",55,"fourfold","SACAT",30,30,1,0,0
"MehtaRS_2018","Mehta 2018",55,"fourfold","ZINQ",30,30,1,0,0
"MehtaRS_2018","Mehta 2018",55,"fourfold","MaAsLin3",30,29,0.966666666666667,0,0
"MehtaRS_2018","Mehta 2018",56,"balanced","SACAT",30,30,1,0,0
"MehtaRS_2018","Mehta 2018",56,"balanced","ZINQ",30,30,1,0,0
"MehtaRS_2018","Mehta 2018",56,"balanced","MaAsLin3",30,29,0.966666666666667,0,0
"MehtaRS_2018","Mehta 2018",56,"fourfold","SACAT",30,30,1,0,0
"MehtaRS_2018","Mehta 2018",56,"fourfold","ZINQ",30,30,1,0,0
"MehtaRS_2018","Mehta 2018",56,"fourfold","MaAsLin3",30,29,0.966666666666667,0,0
"MehtaRS_2018","Mehta 2018",57,"balanced","SACAT",30,30,1,0,0
"MehtaRS_2018","Mehta 2018",57,"balanced","ZINQ",30,30,1,0,0
"MehtaRS_2018","Mehta 2018",57,"balanced","MaAsLin3",30,29,0.966666666666667,0,0
"MehtaRS_2018","Mehta 2018",57,"fourfold","SACAT",30,30,1,0,0
"MehtaRS_2018","Mehta 2018",57,"fourfold","ZINQ",30,30,1,0,0
"MehtaRS_2018","Mehta 2018",57,"fourfold","MaAsLin3",30,29,0.966666666666667,0,0
"MehtaRS_2018","Mehta 2018",58,"balanced","SACAT",30,30,1,0,0
"MehtaRS_2018","Mehta 2018",58,"balanced","ZINQ",30,30,1,0,0
"MehtaRS_2018","Mehta 2018",58,"balanced","MaAsLin3",30,29,0.966666666666667,0,0
"MehtaRS_2018","Mehta 2018",58,"fourfold","SACAT",30,30,1,0,0
"MehtaRS_2018","Mehta 2018",58,"fourfold","ZINQ",30,30,1,0,0
"MehtaRS_2018","Mehta 2018",58,"fourfold","MaAsLin3",30,29,0.966666666666667,0,0
"MehtaRS_2018","Mehta 2018",59,"balanced","SACAT",30,30,1,0,0
"MehtaRS_2018","Mehta 2018",59,"balanced","ZINQ",30,30,1,0,0
"MehtaRS_2018","Mehta 2018",59,"balanced","MaAsLin3",30,29,0.966666666666667,0,0
"MehtaRS_2018","Mehta 2018",59,"fourfold","SACAT",30,30,1,0,0
"MehtaRS_2018","Mehta 2018",59,"fourfold","ZINQ",30,30,1,0,0
"MehtaRS_2018","Mehta 2018",59,"fourfold","MaAsLin3",30,29,0.966666666666667,0,0
"MehtaRS_2018","Mehta 2018",60,"balanced","SACAT",30,30,1,0,0
"MehtaRS_2018","Mehta 2018",60,"balanced","ZINQ",30,30,1,0,0
"MehtaRS_2018","Mehta 2018",60,"balanced","MaAsLin3",30,29,0.966666666666667,0,0
"MehtaRS_2018","Mehta 2018",60,"fourfold","SACAT",30,30,1,0,0
"MehtaRS_2018","Mehta 2018",60,"fourfold","ZINQ",30,30,1,0,0
"MehtaRS_2018","Mehta 2018",60,"fourfold","MaAsLin3",30,29,0.966666666666667,0,0
"MehtaRS_2018","Mehta 2018",61,"balanced","SACAT",30,30,1,0,0
"MehtaRS_2018","Mehta 2018",61,"balanced","ZINQ",30,30,1,2,1
"MehtaRS_2018","Mehta 2018",61,"balanced","MaAsLin3",30,29,0.966666666666667,0,0
"MehtaRS_2018","Mehta 2018",61,"fourfold","SACAT",30,30,1,0,0
"MehtaRS_2018","Mehta 2018",61,"fourfold","ZINQ",30,30,1,0,0
"MehtaRS_2018","Mehta 2018",61,"fourfold","MaAsLin3",30,29,0.966666666666667,0,0
"MehtaRS_2018","Mehta 2018",62,"balanced","SACAT",30,30,1,0,0
"MehtaRS_2018","Mehta 2018",62,"balanced","ZINQ",30,30,1,0,0
"MehtaRS_2018","Mehta 2018",62,"balanced","MaAsLin3",30,29,0.966666666666667,0,0
"MehtaRS_2018","Mehta 2018",62,"fourfold","SACAT",30,30,1,0,0
"MehtaRS_2018","Mehta 2018",62,"fourfold","ZINQ",30,30,1,0,0
"MehtaRS_2018","Mehta 2018",62,"fourfold","MaAsLin3",30,29,0.966666666666667,0,0
"MehtaRS_2018","Mehta 2018",63,"balanced","SACAT",30,30,1,0,0
"MehtaRS_2018","Mehta 2018",63,"balanced","ZINQ",30,30,1,0,0
"MehtaRS_2018","Mehta 2018",63,"balanced","MaAsLin3",30,29,0.966666666666667,0,0
"MehtaRS_2018","Mehta 2018",63,"fourfold","SACAT",30,30,1,0,0
"MehtaRS_2018","Mehta 2018",63,"fourfold","ZINQ",30,30,1,0,0
"MehtaRS_2018","Mehta 2018",63,"fourfold","MaAsLin3",30,29,0.966666666666667,0,0
"MehtaRS_2018","Mehta 2018",64,"balanced","SACAT",30,30,1,0,0
"MehtaRS_2018","Mehta 2018",64,"balanced","ZINQ",30,30,1,0,0
"MehtaRS_2018","Mehta 2018",64,"balanced","MaAsLin3",30,29,0.966666666666667,0,0
"MehtaRS_2018","Mehta 2018",64,"fourfold","SACAT",30,30,1,0,0
"MehtaRS_2018","Mehta 2018",64,"fourfold","ZINQ",30,30,1,0,0
"MehtaRS_2018","Mehta 2018",64,"fourfold","MaAsLin3",30,29,0.966666666666667,0,0
"MehtaRS_2018","Mehta 2018",65,"balanced","SACAT",30,30,1,0,0
"MehtaRS_2018","Mehta 2018",65,"balanced","ZINQ",30,30,1,0,0
"MehtaRS_2018","Mehta 2018",65,"balanced","MaAsLin3",30,29,0.966666666666667,0,0
"MehtaRS_2018","Mehta 2018",65,"fourfold","SACAT",30,30,1,0,0
"MehtaRS_2018","Mehta 2018",65,"fourfold","ZINQ",30,30,1,0,0
"MehtaRS_2018","Mehta 2018",65,"fourfold","MaAsLin3",30,29,0.966666666666667,0,0
"MehtaRS_2018","Mehta 2018",66,"balanced","SACAT",30,30,1,0,0
"MehtaRS_2018","Mehta 2018",66,"balanced","ZINQ",30,30,1,0,0
"MehtaRS_2018","Mehta 2018",66,"balanced","MaAsLin3",30,29,0.966666666666667,0,0
"MehtaRS_2018","Mehta 2018",66,"fourfold","SACAT",30,30,1,0,0
"MehtaRS_2018","Mehta 2018",66,"fourfold","ZINQ",30,30,1,0,0
"MehtaRS_2018","Mehta 2018",66,"fourfold","MaAsLin3",30,29,0.966666666666667,0,0
"MehtaRS_2018","Mehta 2018",67,"balanced","SACAT",30,30,1,0,0
"MehtaRS_2018","Mehta 2018",67,"balanced","ZINQ",30,30,1,0,0
"MehtaRS_2018","Mehta 2018",67,"balanced","MaAsLin3",30,29,0.966666666666667,0,0
"MehtaRS_2018","Mehta 2018",67,"fourfold","SACAT",30,30,1,0,0
"MehtaRS_2018","Mehta 2018",67,"fourfold","ZINQ",30,30,1,0,0
"MehtaRS_2018","Mehta 2018",67,"fourfold","MaAsLin3",30,29,0.966666666666667,0,0
"MehtaRS_2018","Mehta 2018",68,"balanced","SACAT",30,30,1,0,0
"MehtaRS_2018","Mehta 2018",68,"balanced","ZINQ",30,30,1,0,0
"MehtaRS_2018","Mehta 2018",68,"balanced","MaAsLin3",30,29,0.966666666666667,0,0
"MehtaRS_2018","Mehta 2018",68,"fourfold","SACAT",30,30,1,0,0
"MehtaRS_2018","Mehta 2018",68,"fourfold","ZINQ",30,30,1,0,0
"MehtaRS_2018","Mehta 2018",68,"fourfold","MaAsLin3",30,29,0.966666666666667,0,0
"MehtaRS_2018","Mehta 2018",69,"balanced","SACAT",30,30,1,0,0
"MehtaRS_2018","Mehta 2018",69,"balanced","ZINQ",30,30,1,0,0
"MehtaRS_2018","Mehta 2018",69,"balanced","MaAsLin3",30,29,0.966666666666667,0,0
"MehtaRS_2018","Mehta 2018",69,"fourfold","SACAT",30,30,1,0,0
"MehtaRS_2018","Mehta 2018",69,"fourfold","ZINQ",30,30,1,0,0
"MehtaRS_2018","Mehta 2018",69,"fourfold","MaAsLin3",30,29,0.966666666666667,0,0
"MehtaRS_2018","Mehta 2018",70,"balanced","SACAT",30,30,1,0,0
"MehtaRS_2018","Mehta 2018",70,"balanced","ZINQ",30,30,1,0,0
"MehtaRS_2018","Mehta 2018",70,"balanced","MaAsLin3",30,29,0.966666666666667,1,1
"MehtaRS_2018","Mehta 2018",70,"fourfold","SACAT",30,30,1,1,1
"MehtaRS_2018","Mehta 2018",70,"fourfold","ZINQ",30,30,1,0,0
"MehtaRS_2018","Mehta 2018",70,"fourfold","MaAsLin3",30,29,0.966666666666667,0,0
"MehtaRS_2018","Mehta 2018",71,"balanced","SACAT",30,30,1,0,0
"MehtaRS_2018","Mehta 2018",71,"balanced","ZINQ",30,30,1,0,0
"MehtaRS_2018","Mehta 2018",71,"balanced","MaAsLin3",30,29,0.966666666666667,0,0
"MehtaRS_2018","Mehta 2018",71,"fourfold","SACAT",30,30,1,0,0
"MehtaRS_2018","Mehta 2018",71,"fourfold","ZINQ",30,30,1,0,0
"MehtaRS_2018","Mehta 2018",71,"fourfold","MaAsLin3",30,29,0.966666666666667,0,0
"MehtaRS_2018","Mehta 2018",72,"balanced","SACAT",30,30,1,0,0
"MehtaRS_2018","Mehta 2018",72,"balanced","ZINQ",30,30,1,0,0
"MehtaRS_2018","Mehta 2018",72,"balanced","MaAsLin3",30,29,0.966666666666667,0,0
"MehtaRS_2018","Mehta 2018",72,"fourfold","SACAT",30,30,1,0,0
"MehtaRS_2018","Mehta 2018",72,"fourfold","ZINQ",30,30,1,0,0
"MehtaRS_2018","Mehta 2018",72,"fourfold","MaAsLin3",30,29,0.966666666666667,0,0
"MehtaRS_2018","Mehta 2018",73,"balanced","SACAT",30,30,1,1,1
"MehtaRS_2018","Mehta 2018",73,"balanced","ZINQ",30,30,1,0,0
"MehtaRS_2018","Mehta 2018",73,"balanced","MaAsLin3",30,29,0.966666666666667,0,0
"MehtaRS_2018","Mehta 2018",73,"fourfold","SACAT",30,30,1,0,0
"MehtaRS_2018","Mehta 2018",73,"fourfold","ZINQ",30,30,1,0,0
"MehtaRS_2018","Mehta 2018",73,"fourfold","MaAsLin3",30,29,0.966666666666667,0,0
"MehtaRS_2018","Mehta 2018",74,"balanced","SACAT",30,30,1,0,0
"MehtaRS_2018","Mehta 2018",74,"balanced","ZINQ",30,30,1,0,0
"MehtaRS_2018","Mehta 2018",74,"balanced","MaAsLin3",30,29,0.966666666666667,0,0
"MehtaRS_2018","Mehta 2018",74,"fourfold","SACAT",30,30,1,0,0
"MehtaRS_2018","Mehta 2018",74,"fourfold","ZINQ",30,30,1,0,0
"MehtaRS_2018","Mehta 2018",74,"fourfold","MaAsLin3",30,29,0.966666666666667,0,0
"MehtaRS_2018","Mehta 2018",75,"balanced","SACAT",30,30,1,0,0
"MehtaRS_2018","Mehta 2018",75,"balanced","ZINQ",30,30,1,0,0
"MehtaRS_2018","Mehta 2018",75,"balanced","MaAsLin3",30,29,0.966666666666667,0,0
"MehtaRS_2018","Mehta 2018",75,"fourfold","SACAT",30,30,1,0,0
"MehtaRS_2018","Mehta 2018",75,"fourfold","ZINQ",30,30,1,0,0
"MehtaRS_2018","Mehta 2018",75,"fourfold","MaAsLin3",30,29,0.966666666666667,0,0
"MehtaRS_2018","Mehta 2018",76,"balanced","SACAT",30,30,1,0,0
"MehtaRS_2018","Mehta 2018",76,"balanced","ZINQ",30,30,1,0,0
"MehtaRS_2018","Mehta 2018",76,"balanced","MaAsLin3",30,29,0.966666666666667,0,0
"MehtaRS_2018","Mehta 2018",76,"fourfold","SACAT",30,30,1,0,0
"MehtaRS_2018","Mehta 2018",76,"fourfold","ZINQ",30,30,1,0,0
"MehtaRS_2018","Mehta 2018",76,"fourfold","MaAsLin3",30,29,0.966666666666667,0,0
"MehtaRS_2018","Mehta 2018",77,"balanced","SACAT",30,30,1,0,0
"MehtaRS_2018","Mehta 2018",77,"balanced","ZINQ",30,30,1,0,0
"MehtaRS_2018","Mehta 2018",77,"balanced","MaAsLin3",30,29,0.966666666666667,0,0
"MehtaRS_2018","Mehta 2018",77,"fourfold","SACAT",30,30,1,0,0
"MehtaRS_2018","Mehta 2018",77,"fourfold","ZINQ",30,30,1,0,0
"MehtaRS_2018","Mehta 2018",77,"fourfold","MaAsLin3",30,29,0.966666666666667,0,0
"MehtaRS_2018","Mehta 2018",78,"balanced","SACAT",30,30,1,0,0
"MehtaRS_2018","Mehta 2018",78,"balanced","ZINQ",30,30,1,0,0
"MehtaRS_2018","Mehta 2018",78,"balanced","MaAsLin3",30,29,0.966666666666667,0,0
"MehtaRS_2018","Mehta 2018",78,"fourfold","SACAT",30,30,1,0,0
"MehtaRS_2018","Mehta 2018",78,"fourfold","ZINQ",30,30,1,0,0
"MehtaRS_2018","Mehta 2018",78,"fourfold","MaAsLin3",30,29,0.966666666666667,0,0
"MehtaRS_2018","Mehta 2018",79,"balanced","SACAT",30,30,1,0,0
"MehtaRS_2018","Mehta 2018",79,"balanced","ZINQ",30,30,1,0,0
"MehtaRS_2018","Mehta 2018",79,"balanced","MaAsLin3",30,29,0.966666666666667,0,0
"MehtaRS_2018","Mehta 2018",79,"fourfold","SACAT",30,30,1,0,0
"MehtaRS_2018","Mehta 2018",79,"fourfold","ZINQ",30,30,1,0,0
"MehtaRS_2018","Mehta 2018",79,"fourfold","MaAsLin3",30,29,0.966666666666667,0,0
"MehtaRS_2018","Mehta 2018",80,"balanced","SACAT",30,30,1,0,0
"MehtaRS_2018","Mehta 2018",80,"balanced","ZINQ",30,30,1,0,0
"MehtaRS_2018","Mehta 2018",80,"balanced","MaAsLin3",30,29,0.966666666666667,0,0
"MehtaRS_2018","Mehta 2018",80,"fourfold","SACAT",30,30,1,0,0
"MehtaRS_2018","Mehta 2018",80,"fourfold","ZINQ",30,30,1,0,0
"MehtaRS_2018","Mehta 2018",80,"fourfold","MaAsLin3",30,29,0.966666666666667,0,0
"MehtaRS_2018","Mehta 2018",81,"balanced","SACAT",30,30,1,0,0
"MehtaRS_2018","Mehta 2018",81,"balanced","ZINQ",30,30,1,0,0
"MehtaRS_2018","Mehta 2018",81,"balanced","MaAsLin3",30,29,0.966666666666667,0,0
"MehtaRS_2018","Mehta 2018",81,"fourfold","SACAT",30,30,1,0,0
"MehtaRS_2018","Mehta 2018",81,"fourfold","ZINQ",30,30,1,0,0
"MehtaRS_2018","Mehta 2018",81,"fourfold","MaAsLin3",30,29,0.966666666666667,0,0
"MehtaRS_2018","Mehta 2018",82,"balanced","SACAT",30,30,1,0,0
"MehtaRS_2018","Mehta 2018",82,"balanced","ZINQ",30,30,1,0,0
"MehtaRS_2018","Mehta 2018",82,"balanced","MaAsLin3",30,29,0.966666666666667,0,0
"MehtaRS_2018","Mehta 2018",82,"fourfold","SACAT",30,30,1,0,0
"MehtaRS_2018","Mehta 2018",82,"fourfold","ZINQ",30,30,1,0,0
"MehtaRS_2018","Mehta 2018",82,"fourfold","MaAsLin3",30,29,0.966666666666667,0,0
"MehtaRS_2018","Mehta 2018",83,"balanced","SACAT",30,30,1,0,0
"MehtaRS_2018","Mehta 2018",83,"balanced","ZINQ",30,30,1,0,0
"MehtaRS_2018","Mehta 2018",83,"balanced","MaAsLin3",30,29,0.966666666666667,0,0
"MehtaRS_2018","Mehta 2018",83,"fourfold","SACAT",30,30,1,0,0
"MehtaRS_2018","Mehta 2018",83,"fourfold","ZINQ",30,30,1,0,0
"MehtaRS_2018","Mehta 2018",83,"fourfold","MaAsLin3",30,29,0.966666666666667,0,0
"MehtaRS_2018","Mehta 2018",84,"balanced","SACAT",30,30,1,0,0
"MehtaRS_2018","Mehta 2018",84,"balanced","ZINQ",30,30,1,0,0
"MehtaRS_2018","Mehta 2018",84,"balanced","MaAsLin3",30,29,0.966666666666667,0,0
"MehtaRS_2018","Mehta 2018",84,"fourfold","SACAT",30,30,1,0,0
"MehtaRS_2018","Mehta 2018",84,"fourfold","ZINQ",30,30,1,1,1
"MehtaRS_2018","Mehta 2018",84,"fourfold","MaAsLin3",30,29,0.966666666666667,0,0
"MehtaRS_2018","Mehta 2018",85,"balanced","SACAT",30,30,1,0,0
"MehtaRS_2018","Mehta 2018",85,"balanced","ZINQ",30,30,1,0,0
"MehtaRS_2018","Mehta 2018",85,"balanced","MaAsLin3",30,29,0.966666666666667,0,0
"MehtaRS_2018","Mehta 2018",85,"fourfold","SACAT",30,30,1,0,0
"MehtaRS_2018","Mehta 2018",85,"fourfold","ZINQ",30,30,1,0,0
"MehtaRS_2018","Mehta 2018",85,"fourfold","MaAsLin3",30,29,0.966666666666667,0,0
"MehtaRS_2018","Mehta 2018",86,"balanced","SACAT",30,30,1,0,0
"MehtaRS_2018","Mehta 2018",86,"balanced","ZINQ",30,30,1,0,0
"MehtaRS_2018","Mehta 2018",86,"balanced","MaAsLin3",30,29,0.966666666666667,0,0
"MehtaRS_2018","Mehta 2018",86,"fourfold","SACAT",30,30,1,0,0
"MehtaRS_2018","Mehta 2018",86,"fourfold","ZINQ",30,30,1,0,0
"MehtaRS_2018","Mehta 2018",86,"fourfold","MaAsLin3",30,29,0.966666666666667,0,0
"MehtaRS_2018","Mehta 2018",87,"balanced","SACAT",30,30,1,0,0
"MehtaRS_2018","Mehta 2018",87,"balanced","ZINQ",30,30,1,0,0
"MehtaRS_2018","Mehta 2018",87,"balanced","MaAsLin3",30,29,0.966666666666667,0,0
"MehtaRS_2018","Mehta 2018",87,"fourfold","SACAT",30,30,1,0,0
"MehtaRS_2018","Mehta 2018",87,"fourfold","ZINQ",30,30,1,0,0
"MehtaRS_2018","Mehta 2018",87,"fourfold","MaAsLin3",30,29,0.966666666666667,0,0
"MehtaRS_2018","Mehta 2018",88,"balanced","SACAT",30,30,1,0,0
"MehtaRS_2018","Mehta 2018",88,"balanced","ZINQ",30,30,1,0,0
"MehtaRS_2018","Mehta 2018",88,"balanced","MaAsLin3",30,29,0.966666666666667,0,0
"MehtaRS_2018","Mehta 2018",88,"fourfold","SACAT",30,30,1,0,0
"MehtaRS_2018","Mehta 2018",88,"fourfold","ZINQ",30,30,1,0,0
"MehtaRS_2018","Mehta 2018",88,"fourfold","MaAsLin3",30,29,0.966666666666667,0,0
"MehtaRS_2018","Mehta 2018",89,"balanced","SACAT",30,30,1,0,0
"MehtaRS_2018","Mehta 2018",89,"balanced","ZINQ",30,30,1,0,0
"MehtaRS_2018","Mehta 2018",89,"balanced","MaAsLin3",30,29,0.966666666666667,0,0
"MehtaRS_2018","Mehta 2018",89,"fourfold","SACAT",30,30,1,0,0
"MehtaRS_2018","Mehta 2018",89,"fourfold","ZINQ",30,30,1,0,0
"MehtaRS_2018","Mehta 2018",89,"fourfold","MaAsLin3",30,29,0.966666666666667,0,0
"MehtaRS_2018","Mehta 2018",90,"balanced","SACAT",30,30,1,0,0
"MehtaRS_2018","Mehta 2018",90,"balanced","ZINQ",30,30,1,0,0
"MehtaRS_2018","Mehta 2018",90,"balanced","MaAsLin3",30,29,0.966666666666667,0,0
"MehtaRS_2018","Mehta 2018",90,"fourfold","SACAT",30,30,1,0,0
"MehtaRS_2018","Mehta 2018",90,"fourfold","ZINQ",30,30,1,0,0
"MehtaRS_2018","Mehta 2018",90,"fourfold","MaAsLin3",30,29,0.966666666666667,0,0
"MehtaRS_2018","Mehta 2018",91,"balanced","SACAT",30,30,1,0,0
"MehtaRS_2018","Mehta 2018",91,"balanced","ZINQ",30,30,1,0,0
"MehtaRS_2018","Mehta 2018",91,"balanced","MaAsLin3",30,29,0.966666666666667,0,0
"MehtaRS_2018","Mehta 2018",91,"fourfold","SACAT",30,30,1,0,0
"MehtaRS_2018","Mehta 2018",91,"fourfold","ZINQ",30,30,1,0,0
"MehtaRS_2018","Mehta 2018",91,"fourfold","MaAsLin3",30,29,0.966666666666667,0,0
"MehtaRS_2018","Mehta 2018",92,"balanced","SACAT",30,30,1,0,0
"MehtaRS_2018","Mehta 2018",92,"balanced","ZINQ",30,30,1,0,0
"MehtaRS_2018","Mehta 2018",92,"balanced","MaAsLin3",30,29,0.966666666666667,0,0
"MehtaRS_2018","Mehta 2018",92,"fourfold","SACAT",30,30,1,0,0
"MehtaRS_2018","Mehta 2018",92,"fourfold","ZINQ",30,30,1,0,0
"MehtaRS_2018","Mehta 2018",92,"fourfold","MaAsLin3",30,29,0.966666666666667,0,0
"MehtaRS_2018","Mehta 2018",93,"balanced","SACAT",30,30,1,0,0
"MehtaRS_2018","Mehta 2018",93,"balanced","ZINQ",30,30,1,0,0
"MehtaRS_2018","Mehta 2018",93,"balanced","MaAsLin3",30,29,0.966666666666667,0,0
"MehtaRS_2018","Mehta 2018",93,"fourfold","SACAT",30,30,1,0,0
"MehtaRS_2018","Mehta 2018",93,"fourfold","ZINQ",30,30,1,0,0
"MehtaRS_2018","Mehta 2018",93,"fourfold","MaAsLin3",30,29,0.966666666666667,0,0
"MehtaRS_2018","Mehta 2018",94,"balanced","SACAT",30,30,1,0,0
"MehtaRS_2018","Mehta 2018",94,"balanced","ZINQ",30,30,1,0,0
"MehtaRS_2018","Mehta 2018",94,"balanced","MaAsLin3",30,29,0.966666666666667,0,0
"MehtaRS_2018","Mehta 2018",94,"fourfold","SACAT",30,30,1,0,0
"MehtaRS_2018","Mehta 2018",94,"fourfold","ZINQ",30,30,1,0,0
"MehtaRS_2018","Mehta 2018",94,"fourfold","MaAsLin3",30,29,0.966666666666667,0,0
"MehtaRS_2018","Mehta 2018",95,"balanced","SACAT",30,30,1,0,0
"MehtaRS_2018","Mehta 2018",95,"balanced","ZINQ",30,30,1,0,0
"MehtaRS_2018","Mehta 2018",95,"balanced","MaAsLin3",30,29,0.966666666666667,0,0
"MehtaRS_2018","Mehta 2018",95,"fourfold","SACAT",30,30,1,0,0
"MehtaRS_2018","Mehta 2018",95,"fourfold","ZINQ",30,30,1,0,0
"MehtaRS_2018","Mehta 2018",95,"fourfold","MaAsLin3",30,29,0.966666666666667,0,0
"MehtaRS_2018","Mehta 2018",96,"balanced","SACAT",30,30,1,0,0
"MehtaRS_2018","Mehta 2018",96,"balanced","ZINQ",30,30,1,0,0
"MehtaRS_2018","Mehta 2018",96,"balanced","MaAsLin3",30,29,0.966666666666667,0,0
"MehtaRS_2018","Mehta 2018",96,"fourfold","SACAT",30,30,1,0,0
"MehtaRS_2018","Mehta 2018",96,"fourfold","ZINQ",30,30,1,0,0
"MehtaRS_2018","Mehta 2018",96,"fourfold","MaAsLin3",30,29,0.966666666666667,0,0
"MehtaRS_2018","Mehta 2018",97,"balanced","SACAT",30,30,1,0,0
"MehtaRS_2018","Mehta 2018",97,"balanced","ZINQ",30,30,1,0,0
"MehtaRS_2018","Mehta 2018",97,"balanced","MaAsLin3",30,29,0.966666666666667,0,0
"MehtaRS_2018","Mehta 2018",97,"fourfold","SACAT",30,30,1,0,0
"MehtaRS_2018","Mehta 2018",97,"fourfold","ZINQ",30,30,1,0,0
"MehtaRS_2018","Mehta 2018",97,"fourfold","MaAsLin3",30,29,0.966666666666667,0,0
"MehtaRS_2018","Mehta 2018",98,"balanced","SACAT",30,30,1,0,0
"MehtaRS_2018","Mehta 2018",98,"balanced","ZINQ",30,30,1,0,0
"MehtaRS_2018","Mehta 2018",98,"balanced","MaAsLin3",30,29,0.966666666666667,0,0
"MehtaRS_2018","Mehta 2018",98,"fourfold","SACAT",30,30,1,0,0
"MehtaRS_2018","Mehta 2018",98,"fourfold","ZINQ",30,30,1,0,0
"MehtaRS_2018","Mehta 2018",98,"fourfold","MaAsLin3",30,29,0.966666666666667,0,0
"MehtaRS_2018","Mehta 2018",99,"balanced","SACAT",30,30,1,0,0
"MehtaRS_2018","Mehta 2018",99,"balanced","ZINQ",30,30,1,0,0
"MehtaRS_2018","Mehta 2018",99,"balanced","MaAsLin3",30,29,0.966666666666667,0,0
"MehtaRS_2018","Mehta 2018",99,"fourfold","SACAT",30,30,1,0,0
"MehtaRS_2018","Mehta 2018",99,"fourfold","ZINQ",30,30,1,0,0
"MehtaRS_2018","Mehta 2018",99,"fourfold","MaAsLin3",30,29,0.966666666666667,0,0
"MehtaRS_2018","Mehta 2018",100,"balanced","SACAT",30,30,1,0,0
"MehtaRS_2018","Mehta 2018",100,"balanced","ZINQ",30,30,1,0,0
"MehtaRS_2018","Mehta 2018",100,"balanced","MaAsLin3",30,29,0.966666666666667,0,0
"MehtaRS_2018","Mehta 2018",100,"fourfold","SACAT",30,30,1,0,0
"MehtaRS_2018","Mehta 2018",100,"fourfold","ZINQ",30,30,1,0,0
"MehtaRS_2018","Mehta 2018",100,"fourfold","MaAsLin3",30,29,0.966666666666667,0,0
