"dataset","dataset_label","replicate","scenario","n_H","n_Case","median_depth_H","median_depth_Case","depth_ratio_Case_to_H","minimum_depth","maximum_depth","group_seed","count_seed"
"HMPV35Throat","HMP V35 throat",1,"balanced",100,100,3910,4017,1.02736572890026,1022,11123,23901176,24001276
"HMPV35Throat","HMP V35 throat",1,"fourfold",100,100,1547.5,6009,3.88303715670436,535,15953,23901176,24101279
"HMPV35Throat","HMP V35 throat",2,"balanced",100,100,3860,4183,1.08367875647668,1054,18907,23902185,24002285
"HMPV35Throat","HMP V35 throat",2,"fourfold",100,100,1468,5983.5,4.07595367847411,386,16646,23902185,24102288
"HMPV35Throat","HMP V35 throat",3,"balanced",100,100,3820,3498,0.915706806282722,1577,13473,23903194,24003294
"HMPV35Throat","HMP V35 throat",3,"fourfold",100,100,1577,6460,4.09638554216868,575,18839,23903194,24103297
"HMPV35Throat","HMP V35 throat",4,"balanced",100,100,4200,3894.5,0.927261904761905,1123,13016,23904203,24004303
"HMPV35Throat","HMP V35 throat",4,"fourfold",100,100,1581.5,5738.5,3.6285172304774,467,14597,23904203,24104306
"HMPV35Throat","HMP V35 throat",5,"balanced",100,100,3943,4240.5,1.0754501648491,1060,14358,23905212,24005312
"HMPV35Throat","HMP V35 throat",5,"fourfold",100,100,1588.5,6227.5,3.92036512433113,471,19906,23905212,24105315
"HMPV35Throat","HMP V35 throat",6,"balanced",100,100,4004,4341,1.08416583416583,1268,13644,23906221,24006321
"HMPV35Throat","HMP V35 throat",6,"fourfold",100,100,1504,5677.5,3.7749335106383,313,20849,23906221,24106324
"HMPV35Throat","HMP V35 throat",7,"balanced",100,100,4052,4154.5,1.02529615004936,1192,17963,23907230,24007330
"HMPV35Throat","HMP V35 throat",7,"fourfold",100,100,1594.5,6745,4.23016619629978,584,16266,23907230,24107333
"HMPV35Throat","HMP V35 throat",8,"balanced",100,100,3672.5,4007.5,1.09121851599728,1406,15741,23908239,24008339
"HMPV35Throat","HMP V35 throat",8,"fourfold",100,100,1567,6521,4.16145500957243,366,15931,23908239,24108342
"HMPV35Throat","HMP V35 throat",9,"balanced",100,100,4145,4159,1.00337756332931,1248,15668,23909248,24009348
"HMPV35Throat","HMP V35 throat",9,"fourfold",100,100,1457.5,5795,3.97598627787307,518,30000,23909248,24109351
"HMPV35Throat","HMP V35 throat",10,"balanced",100,100,3831.5,4031.5,1.05219887772413,1077,12099,23910257,24010357
"HMPV35Throat","HMP V35 throat",10,"fourfold",100,100,1542,5987.5,3.88294422827497,478,15534,23910257,24110360
"HMPV35Throat","HMP V35 throat",11,"balanced",100,100,3890.5,3862.5,0.9928029816219,1085,18324,23911266,24011366
"HMPV35Throat","HMP V35 throat",11,"fourfold",100,100,1491.5,6193,4.15219577606436,476,15563,23911266,24111369
"HMPV35Throat","HMP V35 throat",12,"balanced",100,100,3837.5,3913.5,1.01980456026059,986,12006,23912275,24012375
"HMPV35Throat","HMP V35 throat",12,"fourfold",100,100,1598,6374,3.98873591989987,419,17111,23912275,24112378
"HMPV35Throat","HMP V35 throat",13,"balanced",100,100,4085,3741.5,0.915911872705018,1093,14361,23913284,24013384
"HMPV35Throat","HMP V35 throat",13,"fourfold",100,100,1444.5,6284.5,4.35064035998615,300,22626,23913284,24113387
"HMPV35Throat","HMP V35 throat",14,"balanced",100,100,3894,4200,1.07858243451464,1318,12154,23914293,24014393
"HMPV35Throat","HMP V35 throat",14,"fourfold",100,100,1534,6643,4.33050847457627,364,25146,23914293,24114396
"HMPV35Throat","HMP V35 throat",15,"balanced",100,100,4153,3872,0.93233806886588,1576,13702,23915302,24015402
"HMPV35Throat","HMP V35 throat",15,"fourfold",100,100,1469.5,6448.5,4.38822728819326,587,14091,23915302,24115405
"HMPV35Throat","HMP V35 throat",16,"balanced",100,100,4221.5,3949,0.935449484780291,858,18435,23916311,24016411
"HMPV35Throat","HMP V35 throat",16,"fourfold",100,100,1419,5994,4.22410147991543,496,16598,23916311,24116414
"HMPV35Throat","HMP V35 throat",17,"balanced",100,100,3831,3860.5,1.00770033933699,1409,20493,23917320,24017420
"HMPV35Throat","HMP V35 throat",17,"fourfold",100,100,1592,5674,3.56407035175879,450,17267,23917320,24117423
"HMPV35Throat","HMP V35 throat",18,"balanced",100,100,4052,3863.5,0.95347976307996,1051,16438,23918329,24018429
"HMPV35Throat","HMP V35 throat",18,"fourfold",100,100,1545.5,5941.5,3.84438692979618,460,24126,23918329,24118432
"HMPV35Throat","HMP V35 throat",19,"balanced",100,100,4117.5,4093.5,0.994171220400729,1066,13542,23919338,24019438
"HMPV35Throat","HMP V35 throat",19,"fourfold",100,100,1547,6319,4.0846800258565,344,15718,23919338,24119441
"HMPV35Throat","HMP V35 throat",20,"balanced",100,100,4094,4279.5,1.04531021006351,1097,12352,23920347,24020447
"HMPV35Throat","HMP V35 throat",20,"fourfold",100,100,1473,5082,3.45010183299389,495,16162,23920347,24120450
"HMPV35Throat","HMP V35 throat",21,"balanced",100,100,3748.5,3725,0.993730825663599,1045,11023,23921356,24021456
"HMPV35Throat","HMP V35 throat",21,"fourfold",100,100,1441,6280,4.35808466342817,647,24123,23921356,24121459
"HMPV35Throat","HMP V35 throat",22,"balanced",100,100,4173,3847.5,0.921998562185478,1016,13661,23922365,24022465
"HMPV35Throat","HMP V35 throat",22,"fourfold",100,100,1392,5764,4.14080459770115,404,16058,23922365,24122468
"HMPV35Throat","HMP V35 throat",23,"balanced",100,100,4387.5,4272.5,0.973789173789174,1282,10089,23923374,24023474
"HMPV35Throat","HMP V35 throat",23,"fourfold",100,100,1508,6213,4.12002652519894,388,17450,23923374,24123477
"HMPV35Throat","HMP V35 throat",24,"balanced",100,100,3911.5,4087.5,1.04499552601304,1338,11975,23924383,24024483
"HMPV35Throat","HMP V35 throat",24,"fourfold",100,100,1427,6105.5,4.27855641205326,393,13153,23924383,24124486
"HMPV35Throat","HMP V35 throat",25,"balanced",100,100,3697.5,4021.5,1.08762677484787,1081,14999,23925392,24025492
"HMPV35Throat","HMP V35 throat",25,"fourfold",100,100,1482.5,5919,3.99258010118044,472,13951,23925392,24125495
"HMPV35Throat","HMP V35 throat",26,"balanced",100,100,4645.5,4211.5,0.906576256592401,1260,11343,23926401,24026501
"HMPV35Throat","HMP V35 throat",26,"fourfold",100,100,1434,5706,3.97907949790795,413,16052,23926401,24126504
"HMPV35Throat","HMP V35 throat",27,"balanced",100,100,4118.5,4309.5,1.04637610780624,1273,14294,23927410,24027510
"HMPV35Throat","HMP V35 throat",27,"fourfold",100,100,1562,5747,3.67925736235595,362,14988,23927410,24127513
"HMPV35Throat","HMP V35 throat",28,"balanced",100,100,3864.5,4122.5,1.06676154741881,1200,18425,23928419,24028519
"HMPV35Throat","HMP V35 throat",28,"fourfold",100,100,1447.5,5876,4.0594127806563,545,14264,23928419,24128522
"HMPV35Throat","HMP V35 throat",29,"balanced",100,100,3825.5,4029.5,1.05332636256698,1248,12004,23929428,24029528
"HMPV35Throat","HMP V35 throat",29,"fourfold",100,100,1420,6077,4.27957746478873,531,24927,23929428,24129531
"HMPV35Throat","HMP V35 throat",30,"balanced",100,100,3698,4071,1.10086533261222,1146,17398,23930437,24030537
"HMPV35Throat","HMP V35 throat",30,"fourfold",100,100,1448.5,6287.5,4.34069727304108,475,16835,23930437,24130540
"HMPV35Throat","HMP V35 throat",31,"balanced",100,100,3965,4071.5,1.02686002522068,879,19312,23931446,24031546
"HMPV35Throat","HMP V35 throat",31,"fourfold",100,100,1523.5,5834.5,3.82966852641943,556,17649,23931446,24131549
"HMPV35Throat","HMP V35 throat",32,"balanced",100,100,4046,3717.5,0.918808699950568,1207,15982,23932455,24032555
"HMPV35Throat","HMP V35 throat",32,"fourfold",100,100,1530.5,6546,4.27703364913427,479,14782,23932455,24132558
"HMPV35Throat","HMP V35 throat",33,"balanced",100,100,3896.5,3811,0.978057230848197,1334,16375,23933464,24033564
"HMPV35Throat","HMP V35 throat",33,"fourfold",100,100,1485.5,6602,4.44429485021878,305,27740,23933464,24133567
"HMPV35Throat","HMP V35 throat",34,"balanced",100,100,4041.5,4015,0.993443028578498,981,13273,23934473,24034573
"HMPV35Throat","HMP V35 throat",34,"fourfold",100,100,1564,6357,4.06457800511509,399,24210,23934473,24134576
"HMPV35Throat","HMP V35 throat",35,"balanced",100,100,4037,3745.5,0.927792915531335,1425,12805,23935482,24035582
"HMPV35Throat","HMP V35 throat",35,"fourfold",100,100,1404,6046,4.30626780626781,409,23400,23935482,24135585
"HMPV35Throat","HMP V35 throat",36,"balanced",100,100,3651.5,4023.5,1.10187594139395,1241,13771,23936491,24036591
"HMPV35Throat","HMP V35 throat",36,"fourfold",100,100,1425.5,5762.5,4.04244124868467,391,18332,23936491,24136594
"HMPV35Throat","HMP V35 throat",37,"balanced",100,100,3931.5,3823.5,0.972529568866845,905,12962,23937500,24037600
"HMPV35Throat","HMP V35 throat",37,"fourfold",100,100,1571,5933,3.77657542966264,562,18780,23937500,24137603
"HMPV35Throat","HMP V35 throat",38,"balanced",100,100,3943,3983.5,1.01027136697946,972,16810,23938509,24038609
"HMPV35Throat","HMP V35 throat",38,"fourfold",100,100,1538,6114.5,3.97561768530559,504,16810,23938509,24138612
"HMPV35Throat","HMP V35 throat",39,"balanced",100,100,3379.5,4215.5,1.24737387187454,1392,15613,23939518,24039618
"HMPV35Throat","HMP V35 throat",39,"fourfold",100,100,1627.5,5921,3.63809523809524,578,16859,23939518,24139621
"HMPV35Throat","HMP V35 throat",40,"balanced",100,100,3633,4151.5,1.14271951555189,1213,13736,23940527,24040627
"HMPV35Throat","HMP V35 throat",40,"fourfold",100,100,1540.5,5949,3.86173320350536,527,15664,23940527,24140630
"HMPV35Throat","HMP V35 throat",41,"balanced",100,100,3806.5,3977.5,1.04492315775647,1000,11915,23941536,24041636
"HMPV35Throat","HMP V35 throat",41,"fourfold",100,100,1485,5951,4.00740740740741,475,21423,23941536,24141639
"HMPV35Throat","HMP V35 throat",42,"balanced",100,100,4160,4086.5,0.982331730769231,1197,14868,23942545,24042645
"HMPV35Throat","HMP V35 throat",42,"fourfold",100,100,1416,5973.5,4.21857344632768,536,17665,23942545,24142648
"HMPV35Throat","HMP V35 throat",43,"balanced",100,100,4007,4064,1.01422510606439,1419,13432,23943554,24043654
"HMPV35Throat","HMP V35 throat",43,"fourfold",100,100,1406.5,6151.5,4.37362246711696,397,20870,23943554,24143657
"HMPV35Throat","HMP V35 throat",44,"balanced",100,100,3946.5,4450,1.12758140124161,635,21194,23944563,24044663
"HMPV35Throat","HMP V35 throat",44,"fourfold",100,100,1721,6016,3.49564206856479,366,18074,23944563,24144666
"HMPV35Throat","HMP V35 throat",45,"balanced",100,100,3854.5,4012,1.04086133091192,1269,11851,23945572,24045672
"HMPV35Throat","HMP V35 throat",45,"fourfold",100,100,1584,5628.5,3.55334595959596,625,19923,23945572,24145675
"HMPV35Throat","HMP V35 throat",46,"balanced",100,100,3790,4092.5,1.07981530343008,944,10667,23946581,24046681
"HMPV35Throat","HMP V35 throat",46,"fourfold",100,100,1466.5,5902,4.02454824411865,550,17894,23946581,24146684
"HMPV35Throat","HMP V35 throat",47,"balanced",100,100,3987.5,3279,0.822319749216301,1399,11561,23947590,24047690
"HMPV35Throat","HMP V35 throat",47,"fourfold",100,100,1585,6217.5,3.92271293375394,570,14980,23947590,24147693
"HMPV35Throat","HMP V35 throat",48,"balanced",100,100,4128,3815,0.924176356589147,1404,12034,23948599,24048699
"HMPV35Throat","HMP V35 throat",48,"fourfold",100,100,1352,6339,4.68860946745562,536,16529,23948599,24148702
"HMPV35Throat","HMP V35 throat",49,"balanced",100,100,4035.5,4018,0.995663486556808,887,9894,23949608,24049708
"HMPV35Throat","HMP V35 throat",49,"fourfold",100,100,1412.5,5794,4.10194690265487,377,16406,23949608,24149711
"HMPV35Throat","HMP V35 throat",50,"balanced",100,100,3903.5,4005.5,1.02613039579864,1050,12515,23950617,24050717
"HMPV35Throat","HMP V35 throat",50,"fourfold",100,100,1455,6309,4.3360824742268,485,19224,23950617,24150720
"HMPV35Throat","HMP V35 throat",51,"balanced",100,100,4377.5,3715,0.848657909765848,1587,12687,23951626,24051726
"HMPV35Throat","HMP V35 throat",51,"fourfold",100,100,1498,5158.5,3.4435914552737,643,13922,23951626,24151729
"HMPV35Throat","HMP V35 throat",52,"balanced",100,100,4278.5,4211,0.984223442795372,1122,11498,23952635,24052735
"HMPV35Throat","HMP V35 throat",52,"fourfold",100,100,1485.5,5696,3.83439919219118,303,21300,23952635,24152738
"HMPV35Throat","HMP V35 throat",53,"balanced",100,100,4096,3888,0.94921875,1437,13942,23953644,24053744
"HMPV35Throat","HMP V35 throat",53,"fourfold",100,100,1474,5428,3.68249660786974,493,15327,23953644,24153747
"HMPV35Throat","HMP V35 throat",54,"balanced",100,100,4247.5,3957.5,0.931724543849323,1004,12707,23954653,24054753
"HMPV35Throat","HMP V35 throat",54,"fourfold",100,100,1607,5877.5,3.65743621655258,524,18795,23954653,24154756
"HMPV35Throat","HMP V35 throat",55,"balanced",100,100,4116,3882.5,0.943270165208941,1214,12246,23955662,24055762
"HMPV35Throat","HMP V35 throat",55,"fourfold",100,100,1435,5827,4.06062717770035,456,13919,23955662,24155765
"HMPV35Throat","HMP V35 throat",56,"balanced",100,100,4147.5,4101,0.98878842676311,986,13483,23956671,24056771
"HMPV35Throat","HMP V35 throat",56,"fourfold",100,100,1620.5,5951,3.67232335698858,469,20879,23956671,24156774
"HMPV35Throat","HMP V35 throat",57,"balanced",100,100,4526,3800.5,0.839703932832523,1202,14632,23957680,24057780
"HMPV35Throat","HMP V35 throat",57,"fourfold",100,100,1511,6028.5,3.98974189278623,406,13525,23957680,24157783
"HMPV35Throat","HMP V35 throat",58,"balanced",100,100,4214,4003,0.949928808732795,1050,13211,23958689,24058789
"HMPV35Throat","HMP V35 throat",58,"fourfold",100,100,1458.5,6179.5,4.23688721288996,592,16439,23958689,24158792
"HMPV35Throat","HMP V35 throat",59,"balanced",100,100,4197,4148,0.988324994043364,1404,15347,23959698,24059798
"HMPV35Throat","HMP V35 throat",59,"fourfold",100,100,1490.5,5476.5,3.67427037906743,439,18104,23959698,24159801
"HMPV35Throat","HMP V35 throat",60,"balanced",100,100,4417,4221,0.955625990491284,1432,13189,23960707,24060807
"HMPV35Throat","HMP V35 throat",60,"fourfold",100,100,1512,5706.5,3.77414021164021,458,21208,23960707,24160810
"HMPV35Throat","HMP V35 throat",61,"balanced",100,100,3959,3893,0.983329123516039,1331,12963,23961716,24061816
"HMPV35Throat","HMP V35 throat",61,"fourfold",100,100,1338,6174.5,4.61472346786248,515,17798,23961716,24161819
"HMPV35Throat","HMP V35 throat",62,"balanced",100,100,4457.5,3993,0.895793606281548,984,13201,23962725,24062825
"HMPV35Throat","HMP V35 throat",62,"fourfold",100,100,1459.5,6148,4.21240150736554,422,14394,23962725,24162828
"HMPV35Throat","HMP V35 throat",63,"balanced",100,100,4063.5,3763.5,0.926172019195275,1238,14119,23963734,24063834
"HMPV35Throat","HMP V35 throat",63,"fourfold",100,100,1471,6137,4.17199184228416,443,19638,23963734,24163837
"HMPV35Throat","HMP V35 throat",64,"balanced",100,100,4598.5,3748,0.815048385343047,1240,14112,23964743,24064843
"HMPV35Throat","HMP V35 throat",64,"fourfold",100,100,1497,6552.5,4.37708750835003,483,20354,23964743,24164846
"HMPV35Throat","HMP V35 throat",65,"balanced",100,100,4369,3905,0.893797207598993,1166,12906,23965752,24065852
"HMPV35Throat","HMP V35 throat",65,"fourfold",100,100,1413,5630.5,3.98478414720453,624,20529,23965752,24165855
"HMPV35Throat","HMP V35 throat",66,"balanced",100,100,4338.5,4103,0.945718566324767,1430,16328,23966761,24066861
"HMPV35Throat","HMP V35 throat",66,"fourfold",100,100,1531.5,5690,3.71531178583088,495,14930,23966761,24166864
"HMPV35Throat","HMP V35 throat",67,"balanced",100,100,3795.5,4094,1.07864576472138,1441,11879,23967770,24067870
"HMPV35Throat","HMP V35 throat",67,"fourfold",100,100,1493.5,5993,4.01272179444258,612,20773,23967770,24167873
"HMPV35Throat","HMP V35 throat",68,"balanced",100,100,3933.5,4150.5,1.05516715393416,1331,10752,23968779,24068879
"HMPV35Throat","HMP V35 throat",68,"fourfold",100,100,1416.5,5378.5,3.79703494528768,396,16017,23968779,24168882
"HMPV35Throat","HMP V35 throat",69,"balanced",100,100,4213.5,3401.5,0.807286104188917,761,11280,23969788,24069888
"HMPV35Throat","HMP V35 throat",69,"fourfold",100,100,1747,6435.5,3.68374356038924,639,15188,23969788,24169891
"HMPV35Throat","HMP V35 throat",70,"balanced",100,100,4155,4165,1.00240673886883,1305,11309,23970797,24070897
"HMPV35Throat","HMP V35 throat",70,"fourfold",100,100,1386,6238,4.5007215007215,430,16010,23970797,24170900
"HMPV35Throat","HMP V35 throat",71,"balanced",100,100,4335,4006,0.924106113033449,1052,21226,23971806,24071906
"HMPV35Throat","HMP V35 throat",71,"fourfold",100,100,1426,6320,4.43197755960729,365,22686,23971806,24171909
"HMPV35Throat","HMP V35 throat",72,"balanced",100,100,3656,4161.5,1.1382658643326,793,13692,23972815,24072915
"HMPV35Throat","HMP V35 throat",72,"fourfold",100,100,1331,6429.5,4.83057851239669,441,25708,23972815,24172918
"HMPV35Throat","HMP V35 throat",73,"balanced",100,100,4104.5,4173,1.01668899987818,1172,11415,23973824,24073924
"HMPV35Throat","HMP V35 throat",73,"fourfold",100,100,1433.5,6461.5,4.50749912800837,461,20122,23973824,24173927
"HMPV35Throat","HMP V35 throat",74,"balanced",100,100,4006,4107,1.02521218172741,937,14358,23974833,24074933
"HMPV35Throat","HMP V35 throat",74,"fourfold",100,100,1621.5,5790.5,3.57107616404564,549,21942,23974833,24174936
"HMPV35Throat","HMP V35 throat",75,"balanced",100,100,4059.5,4009.5,0.987683212218254,967,12779,23975842,24075942
"HMPV35Throat","HMP V35 throat",75,"fourfold",100,100,1595.5,6031,3.7800062676277,548,20080,23975842,24175945
"HMPV35Throat","HMP V35 throat",76,"balanced",100,100,3863.5,4115,1.06509641516759,716,11741,23976851,24076951
"HMPV35Throat","HMP V35 throat",76,"fourfold",100,100,1431.5,6168.5,4.3091163115613,486,20438,23976851,24176954
"HMPV35Throat","HMP V35 throat",77,"balanced",100,100,3585,4245,1.18410041841004,1142,14467,23977860,24077960
"HMPV35Throat","HMP V35 throat",77,"fourfold",100,100,1480,5499,3.71554054054054,465,12158,23977860,24177963
"HMPV35Throat","HMP V35 throat",78,"balanced",100,100,3997,4218.5,1.05541656242182,1327,16188,23978869,24078969
"HMPV35Throat","HMP V35 throat",78,"fourfold",100,100,1458.5,6596,4.52245457661981,380,17517,23978869,24178972
"HMPV35Throat","HMP V35 throat",79,"balanced",100,100,3607.5,4181.5,1.15911295911296,1147,11359,23979878,24079978
"HMPV35Throat","HMP V35 throat",79,"fourfold",100,100,1541,5568.5,3.61356262167424,454,22684,23979878,24179981
"HMPV35Throat","HMP V35 throat",80,"balanced",100,100,3722.5,4292,1.15298858294157,1133,15560,23980887,24080987
"HMPV35Throat","HMP V35 throat",80,"fourfold",100,100,1390,6110.5,4.39604316546763,557,22831,23980887,24180990
"HMPV35Throat","HMP V35 throat",81,"balanced",100,100,3819,4211.5,1.10277559570568,1404,13884,23981896,24081996
"HMPV35Throat","HMP V35 throat",81,"fourfold",100,100,1474.5,6440.5,4.36792132926416,649,15672,23981896,24181999
"HMPV35Throat","HMP V35 throat",82,"balanced",100,100,3601.5,4168,1.15729557128974,1293,13673,23982905,24083005
"HMPV35Throat","HMP V35 throat",82,"fourfold",100,100,1567,6351.5,4.05328653477983,487,19408,23982905,24183008
"HMPV35Throat","HMP V35 throat",83,"balanced",100,100,3610,4137,1.14598337950138,1590,13577,23983914,24084014
"HMPV35Throat","HMP V35 throat",83,"fourfold",100,100,1434,6162,4.29707112970711,410,16771,23983914,24184017
"HMPV35Throat","HMP V35 throat",84,"balanced",100,100,4184.5,4067,0.971920181622655,1318,12668,23984923,24085023
"HMPV35Throat","HMP V35 throat",84,"fourfold",100,100,1572,5781.5,3.6777989821883,474,22938,23984923,24185026
"HMPV35Throat","HMP V35 throat",85,"balanced",100,100,3926.5,4331,1.10301795492169,1505,22550,23985932,24086032
"HMPV35Throat","HMP V35 throat",85,"fourfold",100,100,1437,5557.5,3.86743215031315,446,13795,23985932,24186035
"HMPV35Throat","HMP V35 throat",86,"balanced",100,100,3546.5,4046.5,1.14098406880023,914,14617,23986941,24087041
"HMPV35Throat","HMP V35 throat",86,"fourfold",100,100,1465.5,6644.5,4.53394745820539,514,17848,23986941,24187044
"HMPV35Throat","HMP V35 throat",87,"balanced",100,100,3794.5,4126.5,1.0874950586375,1336,11992,23987950,24088050
"HMPV35Throat","HMP V35 throat",87,"fourfold",100,100,1508.5,5423,3.5949618826649,370,15123,23987950,24188053
"HMPV35Throat","HMP V35 throat",88,"balanced",100,100,4192,3922,0.935591603053435,1394,10934,23988959,24089059
"HMPV35Throat","HMP V35 throat",88,"fourfold",100,100,1597,5825.5,3.6477770820288,596,19424,23988959,24189062
"HMPV35Throat","HMP V35 throat",89,"balanced",100,100,3840.5,4090.5,1.06509569066528,1381,14267,23989968,24090068
"HMPV35Throat","HMP V35 throat",89,"fourfold",100,100,1298.5,6527.5,5.02695417789757,446,22726,23989968,24190071
"HMPV35Throat","HMP V35 throat",90,"balanced",100,100,4188,3999,0.95487106017192,1631,12929,23990977,24091077
"HMPV35Throat","HMP V35 throat",90,"fourfold",100,100,1565.5,6666,4.25806451612903,429,19210,23990977,24191080
"HMPV35Throat","HMP V35 throat",91,"balanced",100,100,4215,3993.5,0.947449584816133,932,13407,23991986,24092086
"HMPV35Throat","HMP V35 throat",91,"fourfold",100,100,1444.5,5149.5,3.56490134994808,440,14977,23991986,24192089
"HMPV35Throat","HMP V35 throat",92,"balanced",100,100,3934,4135.5,1.05122013218099,1057,20009,23992995,24093095
"HMPV35Throat","HMP V35 throat",92,"fourfold",100,100,1434,5490.5,3.82880055788006,426,14844,23992995,24193098
"HMPV35Throat","HMP V35 throat",93,"balanced",100,100,4262.5,3953,0.927390029325513,1201,17692,23994004,24094104
"HMPV35Throat","HMP V35 throat",93,"fourfold",100,100,1347,5553,4.12249443207127,456,20078,23994004,24194107
"HMPV35Throat","HMP V35 throat",94,"balanced",100,100,4353,3899,0.895704112106593,1265,15414,23995013,24095113
"HMPV35Throat","HMP V35 throat",94,"fourfold",100,100,1536,5915,3.85091145833333,343,17578,23995013,24195116
"HMPV35Throat","HMP V35 throat",95,"balanced",100,100,4034.5,4343,1.07646548519023,1207,28422,23996022,24096122
"HMPV35Throat","HMP V35 throat",95,"fourfold",100,100,1366,5392,3.94729136163982,484,16394,23996022,24196125
"HMPV35Throat","HMP V35 throat",96,"balanced",100,100,4272,4048,0.947565543071161,1416,15327,23997031,24097131
"HMPV35Throat","HMP V35 throat",96,"fourfold",100,100,1547.5,5505.5,3.55767366720517,468,19747,23997031,24197134
"HMPV35Throat","HMP V35 throat",97,"balanced",100,100,3682.5,3881.5,1.0540393754243,960,12460,23998040,24098140
"HMPV35Throat","HMP V35 throat",97,"fourfold",100,100,1622,6022,3.71270036991369,569,15099,23998040,24198143
"HMPV35Throat","HMP V35 throat",98,"balanced",100,100,4287.5,4229.5,0.986472303206997,965,24754,23999049,24099149
"HMPV35Throat","HMP V35 throat",98,"fourfold",100,100,1548.5,7115,4.5947691314175,567,22372,23999049,24199152
"HMPV35Throat","HMP V35 throat",99,"balanced",100,100,4211.5,3687,0.875460049863469,963,12896,24000058,24100158
"HMPV35Throat","HMP V35 throat",99,"fourfold",100,100,1520,6601.5,4.34309210526316,632,21872,24000058,24200161
"HMPV35Throat","HMP V35 throat",100,"balanced",100,100,4211,3822.5,0.90774162906673,1338,12787,24001067,24101167
"HMPV35Throat","HMP V35 throat",100,"fourfold",100,100,1466,5918,4.03683492496589,396,14405,24001067,24201170
