"dataset","taxon","minimum_positive_H","minimum_positive_Case","minimum_positive_both","mean_positive_H","mean_positive_Case","mean_positive_both","replicates_at_least_20","replicates_at_least_18","replicates_below_18"
"NogueraJulianHIV","Bacteroides",93,97,93,96.52,98.86,96.46,100,100,0
"NogueraJulianHIV","Prevotella",77,82,77,83.75,89.13,83.44,100,100,0
"NogueraJulianHIV","Faecalibacterium",96,96,96,97.57,98.7,97.36,100,100,0
"NogueraJulianHIV","Clostridium_XlVa",98,99,98,99.53,99.43,98.99,100,100,0
"NogueraJulianHIV","Blautia",98,99,98,99.45,99.5,98.96,100,100,0
"NogueraJulianHIV","Alistipes",69,76,69,75.22,83.17,74.93,100,100,0
"NogueraJulianHIV","Lachnospiracea_incertae_sedis",94,97,94,97.87,98.79,97.54,100,100,0
"NogueraJulianHIV","Succinivibrio",29,33,29,37.92,43.47,36.91,100,100,0
"NogueraJulianHIV","Parabacteroides",77,84,77,84.5,89.86,84.11,100,100,0
"NogueraJulianHIV","Ruminococcus",82,83,82,88.03,89.51,86.69,100,100,0
"NogueraJulianHIV","Alloprevotella",44,47,44,52.82,55.63,50.99,100,100,0
"NogueraJulianHIV","Flavonifractor",85,89,85,91.24,94.05,90.76,100,100,0
"NogueraJulianHIV","Gemmiger",86,93,86,93.55,97.58,93.46,100,100,0
"NogueraJulianHIV","Roseburia",85,89,85,90.1,93.41,89.85,100,100,0
"NogueraJulianHIV","Clostridium_XI",67,76,67,75.65,83.05,75.4,100,100,0
"NogueraJulianHIV","Barnesiella",56,66,56,65.25,73.18,65.08,100,100,0
"NogueraJulianHIV","Catenibacterium",49,52,49,57.64,61.79,56.28,100,100,0
"NogueraJulianHIV","Dialister",61,65,61,69.49,72.83,68.42,100,100,0
"NogueraJulianHIV","Clostridium_IV",74,87,74,84.66,92.84,84.6,100,100,0
"NogueraJulianHIV","Dorea",82,91,82,90.01,94.78,89.92,100,100,0
"NogueraJulianHIV","Odoribacter",63,74,63,72.27,80.78,72.23,100,100,0
"NogueraJulianHIV","Paraprevotella",59,64,59,65.87,73.47,65.58,100,100,0
"NogueraJulianHIV","Streptococcus",47,64,47,57.23,73.34,57.23,100,100,0
"NogueraJulianHIV","Bifidobacterium",55,64,55,63.74,74.22,63.49,100,100,0
"NogueraJulianHIV","Erysipelotrichaceae_incertae_sedis",65,75,65,72.75,80.58,72.37,100,100,0
"NogueraJulianHIV","Megasphaera",30,33,30,38.33,41.96,36.87,100,100,0
"NogueraJulianHIV","Lachnospira",52,61,52,60.2,68.75,59.93,100,100,0
"NogueraJulianHIV","Sutterella",33,43,33,43.42,50.43,42.99,100,100,0
"NogueraJulianHIV","Ruminococcus2",70,84,70,79.07,88.84,79.07,100,100,0
"NogueraJulianHIV","Clostridium_sensu_stricto",48,62,48,57.47,70.32,57.42,100,100,0
"BaxterE_2016","Blautia",99,99,99,99.84,99.99,99.83,100,100,0
"BaxterE_2016","Bacteroides",97,99,97,99.57,99.98,99.55,100,100,0
"BaxterE_2016","Faecalibacterium",96,97,96,98.2,99.01,97.93,100,100,0
"BaxterE_2016","Unclassified_Lachnospiraceae",97,99,97,99.77,99.99,99.76,100,100,0
"BaxterE_2016","Lachnospiracea_incertae_sedis",98,99,98,99.62,99.98,99.6,100,100,0
"BaxterE_2016","Roseburia",90,96,90,96.8,98.47,96.57,100,100,0
"BaxterE_2016","Anaerostipes",93,97,93,96.71,98.77,96.62,100,100,0
"BaxterE_2016","Alistipes",83,88,83,88.7,93.39,88.53,100,100,0
"BaxterE_2016","Ruminococcus",77,85,77,84.63,90.36,84.48,100,100,0
"BaxterE_2016","Unclassified_Ruminococcaceae",94,95,94,96.64,98.55,96.43,100,100,0
"BaxterE_2016","Akkermansia",71,80,71,78.66,86.71,78.52,100,100,0
"BaxterE_2016","Ruminococcus2",89,96,89,95.72,98.61,95.63,100,100,0
"BaxterE_2016","Clostridium_IV",90,97,90,96.66,99.24,96.59,100,100,0
"BaxterE_2016","Clostridium_XlVa",97,99,97,99.26,99.99,99.26,100,100,0
"BaxterE_2016","Dorea",90,93,90,94.01,96.36,93.73,100,100,0
"BaxterE_2016","Prevotella",22,31,22,31.29,40.18,30.93,100,100,0
"BaxterE_2016","Unclassified_Clostridiales",80,89,80,87.67,93.39,87.47,100,100,0
"BaxterE_2016","Oscillibacter",76,86,76,84.09,91.99,83.99,100,100,0
"BaxterE_2016","Coprococcus",77,81,77,84.18,87.49,83.57,100,100,0
"BaxterE_2016","Gemmiger",66,73,66,74.67,80.18,74.06,100,100,0
"BaxterE_2016","Clostridium_XI",68,81,68,76.86,86.71,76.83,100,100,0
"BaxterE_2016","Clostridium_sensu_stricto",57,70,57,65.88,76.92,65.82,100,100,0
"BaxterE_2016","Bifidobacterium",59,68,59,68.58,75.13,68.28,100,100,0
"BaxterE_2016","Collinsella",50,53,50,56.65,62.1,55.84,100,100,0
"BaxterE_2016","Phascolarctobacterium",49,58,49,59.2,67.69,58.76,100,100,0
"BaxterE_2016","Escherichia/Shigella",48,70,48,63.59,79.85,63.59,100,100,0
"BaxterE_2016","Streptococcus",65,81,65,75.59,88.77,75.59,100,100,0
"BaxterE_2016","Methanobrevibacter",27,34,27,36.72,44.61,36.15,100,100,0
"BaxterE_2016","Parabacteroides",51,66,51,65.25,73.82,64.75,100,100,0
"BaxterE_2016","Clostridium_XVIII",69,87,69,80.49,92.4,80.49,100,100,0
"HMPV35Throat","Streptococcus",98,99,98,99.49,99.5,98.99,100,100,0
"HMPV35Throat","Prevotella",96,98,96,98.76,98.97,98.25,100,100,0
"HMPV35Throat","Veillonella",97,97,97,98.57,98.9,98.1,100,100,0
"HMPV35Throat","Neisseria",87,92,87,93.18,95.65,92.84,100,100,0
"HMPV35Throat","Haemophilus",94,95,94,97.27,97.49,96.57,100,100,0
"HMPV35Throat","Actinomyces",97,97,97,98.56,98.95,98.09,100,100,0
"HMPV35Throat","Leptotrichia",91,93,91,94.54,96.5,94.07,100,100,0
"HMPV35Throat","Porphyromonas",84,88,84,89.74,92.78,89.37,100,100,0
"HMPV35Throat","Fusobacterium",91,94,91,96.19,97.29,95.69,100,100,0
"HMPV35Throat","Gemella",90,96,90,95.92,98.22,95.76,100,100,0
"HMPV35Throat","Oribacterium",90,93,90,94.56,96.51,94.21,100,100,0
"HMPV35Throat","Granulicatella",92,96,92,96.62,98.44,96.4,100,100,0
"HMPV35Throat","Capnocytophaga",63,79,63,74.63,85.99,74.6,100,100,0
"HMPV35Throat","Moryella",84,89,84,89.13,92.95,88.83,100,100,0
"HMPV35Throat","Campylobacter",70,75,70,76.78,82.35,76.22,100,100,0
"HMPV35Throat","Selenomonas",73,80,73,79.69,87.52,79.51,100,100,0
"HMPV35Throat","Actinobacillus",50,63,50,60.04,70.7,59.77,100,100,0
"HMPV35Throat","Rothia",67,77,67,74.91,81.93,74.71,100,100,0
"HMPV35Throat","Atopobium",76,86,76,83.19,90.99,83.11,100,100,0
"HMPV35Throat","Corynebacterium",32,51,32,42.49,59.35,42.46,100,100,0
"HMPV35Throat","Catonella",70,85,70,80.01,89.3,79.93,100,100,0
"HMPV35Throat","Eubacterium",59,73,59,69.19,80.69,69.12,100,100,0
"HMPV35Throat","Peptostreptococcus",57,68,57,65.87,76.21,65.82,100,100,0
"HMPV35Throat","Bacteroides",24,41,24,36.4,47.78,36.3,100,100,0
"HMPV35Throat","Megasphaera",51,69,51,61.61,75.52,61.6,100,100,0
"HMPV35Throat","Treponema",35,49,35,47.3,58.85,47.14,100,100,0
"HMPV35Throat","Lautropia",36,49,36,43.89,57.06,43.89,100,100,0
"HMPV35Throat","Tannerella",30,43,30,40.35,51.63,40.19,100,100,0
"HMPV35Throat","Mogibacterium",48,65,48,58.26,74.1,58.17,100,100,0
"HMPV35Throat","Aggregatibacter",32,51,32,41.84,58.19,41.84,100,100,0
"Qiita13631ASD","Bacteroides",100,100,100,100,100,100,100,100,0
"Qiita13631ASD","Faecalibacterium",100,100,100,100,100,100,100,100,0
"Qiita13631ASD","Prevotella",93,98,93,97.56,99.82,97.56,100,100,0
"Qiita13631ASD","Ruminococcus",98,100,98,99.68,100,99.68,100,100,0
"Qiita13631ASD","Lachnospira",99,100,99,99.94,100,99.94,100,100,0
"Qiita13631ASD","Parabacteroides",99,99,99,99.86,99.99,99.85,100,100,0
"Qiita13631ASD","Dialister",97,99,97,98.86,99.97,98.84,100,100,0
"Qiita13631ASD","Megamonas",89,97,89,94.94,99.62,94.94,100,100,0
"Qiita13631ASD","Sutterella",97,100,97,99.73,100,99.73,100,100,0
"Qiita13631ASD","Roseburia",97,99,97,99.47,99.99,99.46,100,100,0
"Qiita13631ASD","[Ruminococcus]",98,99,98,99.79,99.99,99.79,100,100,0
"Qiita13631ASD","Oscillospira",99,99,99,99.82,99.96,99.78,100,100,0
"Qiita13631ASD","Phascolarctobacterium",92,98,92,95.96,99.82,95.95,100,100,0
"Qiita13631ASD","Bifidobacterium",81,96,81,88.28,98.7,88.28,100,100,0
"Qiita13631ASD","Clostridium",96,100,96,98.86,100,98.86,100,100,0
"Qiita13631ASD","Coprococcus",94,99,94,98.22,99.95,98.22,100,100,0
"Qiita13631ASD","Veillonella",86,96,86,92.57,99.52,92.57,100,100,0
"Qiita13631ASD","Blautia",93,99,93,98.21,99.94,98.2,100,100,0
"Qiita13631ASD","Dorea",93,99,93,98.24,99.97,98.24,100,100,0
"Qiita13631ASD","Haemophilus",75,95,75,85.47,98.41,85.47,100,100,0
"Qiita13631ASD","Akkermansia",46,76,46,57.97,84.82,57.97,100,100,0
"Qiita13631ASD","Megasphaera",60,82,60,70.32,90.16,70.32,100,100,0
"Qiita13631ASD","Anaerostipes",78,95,78,88.21,98.3,88.21,100,100,0
"Qiita13631ASD","Streptococcus",80,96,80,88.08,99.2,88.08,100,100,0
"Qiita13631ASD","Paraprevotella",52,78,52,64.84,86.57,64.84,100,100,0
"Qiita13631ASD","Fusobacterium",26,47,26,34.1,58.84,34.1,100,100,0
"Qiita13631ASD","Bilophila",71,95,71,80.98,97.99,80.98,100,100,0
"Qiita13631ASD","[Prevotella]",28,49,28,40.36,57.03,40.36,100,100,0
"Qiita13631ASD","Lachnobacterium",43,71,43,54.13,77.9,54.13,100,100,0
"Qiita13631ASD","Collinsella",39,70,39,49.52,81.13,49.52,100,100,0
"ArtPrize_2015_Forehead","Staphylococcus",99,99,99,99.84,99.99,99.83,100,100,0
"ArtPrize_2015_Forehead","Corynebacterium",100,100,100,100,100,100,100,100,0
"ArtPrize_2015_Forehead","Streptococcus",94,98,94,97.41,99.37,97.3,100,100,0
"ArtPrize_2015_Forehead","Acinetobacter",90,96,90,94.7,98.71,94.66,100,100,0
"ArtPrize_2015_Forehead","Enhydrobacter",80,90,80,86.34,94.09,86.19,100,100,0
"ArtPrize_2015_Forehead","Prevotella",85,93,85,92.51,96.76,92.4,100,100,0
"ArtPrize_2015_Forehead","Anaerococcus",86,95,86,92.44,97.92,92.44,100,100,0
"ArtPrize_2015_Forehead","Veillonella",85,93,85,92.22,97.57,92.18,100,100,0
"ArtPrize_2015_Forehead","Micrococcus",76,89,76,84.1,93.72,84.07,100,100,0
"ArtPrize_2015_Forehead","Haemophilus",79,88,79,85.71,92.88,85.64,100,100,0
"ArtPrize_2015_Forehead","Chryseobacterium",58,76,58,67.91,83.5,67.91,100,100,0
"ArtPrize_2015_Forehead","Peptoniphilus",74,85,74,80.83,91.05,80.79,100,100,0
"ArtPrize_2015_Forehead","Neisseria",65,78,65,74.03,84.59,74.01,100,100,0
"ArtPrize_2015_Forehead","Finegoldia",73,86,73,80.39,91.44,80.39,100,100,0
"ArtPrize_2015_Forehead","Dietzia",38,58,38,47.47,65.97,47.47,100,100,0
"ArtPrize_2015_Forehead","Fusobacterium",71,83,71,78.25,89.43,78.25,100,100,0
"ArtPrize_2015_Forehead","Lactococcus",44,67,44,56.35,74.25,56.35,100,100,0
"ArtPrize_2015_Forehead","Sphingomonas",71,86,71,80.08,92.82,80.08,100,100,0
"ArtPrize_2015_Forehead","Lactobacillus",52,71,52,62,77.25,62,100,100,0
"ArtPrize_2015_Forehead","Leptotrichia",59,71,59,69.76,82.69,69.66,100,100,0
"ArtPrize_2015_Forehead","Gardnerella",16,30,16,27.58,38.15,27.46,99,99,1
"ArtPrize_2015_Forehead","Paracoccus",63,81,63,71.31,87.74,71.31,100,100,0
"ArtPrize_2015_Forehead","Porphyromonas",60,76,60,69.79,82.91,69.79,100,100,0
"ArtPrize_2015_Forehead","Rothia",70,86,70,76.74,91.03,76.74,100,100,0
"ArtPrize_2015_Forehead","Halomonas",67,90,67,78.17,95.02,78.17,100,100,0
"ArtPrize_2015_Forehead","Kocuria",52,73,52,61.36,79.67,61.36,100,100,0
"ArtPrize_2015_Forehead","Propionibacterium",73,88,73,80.85,92.75,80.85,100,100,0
"ArtPrize_2015_Forehead","Granulicatella",60,79,60,71.86,85.94,71.86,100,100,0
"ArtPrize_2015_Forehead","Actinomyces",51,66,51,61.44,74.92,61.43,100,100,0
"ArtPrize_2015_Forehead","Pseudomonas",50,70,50,60.38,79.33,60.38,100,100,0
"MehtaRS_2018","Bacteroides",100,100,100,100,100,100,100,100,0
"MehtaRS_2018","Phocaeicola",94,94,94,96.96,97.44,96.21,100,100,0
"MehtaRS_2018","Faecalibacterium",94,94,94,97.2,96.76,95.94,100,100,0
"MehtaRS_2018","Alistipes",88,91,88,93.53,94.94,92.69,100,100,0
"MehtaRS_2018","Roseburia",93,96,93,97.25,98.11,96.69,100,100,0
"MehtaRS_2018","Prevotella",24,28,24,30.96,35.92,30.17,100,100,0
"MehtaRS_2018","Lachnospiraceae_unclassified",82,87,82,89.65,91.93,88.85,100,100,0
"MehtaRS_2018","Ruminococcus",70,73,70,79.75,80.89,77.82,100,100,0
"MehtaRS_2018","Ruminococcaceae_unclassified",69,78,69,76.67,84.85,76.56,100,100,0
"MehtaRS_2018","Parabacteroides",91,92,91,95.12,95.34,94.06,100,100,0
"MehtaRS_2018","Lachnospira",80,82,80,87.28,87.7,85.75,100,100,0
"MehtaRS_2018","Fusicatenibacter",86,88,86,92.62,92.95,91.24,100,100,0
"MehtaRS_2018","Bifidobacterium",56,58,56,63.9,66.53,62.41,100,100,0
"MehtaRS_2018","Akkermansia",44,52,44,53.63,59.34,52.8,100,100,0
"MehtaRS_2018","Mediterraneibacter",88,93,88,92.31,96.17,92.17,100,100,0
"MehtaRS_2018","Eubacterium",83,87,83,89.04,93.3,88.78,100,100,0
"MehtaRS_2018","Blautia",87,95,87,92.86,97.88,92.85,100,100,0
"MehtaRS_2018","Collinsella",78,81,78,85.17,86.74,83.99,100,100,0
"MehtaRS_2018","Coprococcus",73,77,73,80.29,84.16,79.45,100,100,0
"MehtaRS_2018","Dorea",89,94,89,94.96,96.51,94.53,100,100,0
"MehtaRS_2018","Firmicutes_unclassified",79,87,79,86.87,92.05,86.65,100,100,0
"MehtaRS_2018","Anaerostipes",80,89,80,87.93,93.59,87.77,100,100,0
"MehtaRS_2018","Oscillibacter",63,69,63,73.57,75.56,72.31,100,100,0
"MehtaRS_2018","Streptococcus",48,62,48,58.95,69.78,58.88,100,100,0
"MehtaRS_2018","Barnesiella",38,40,38,47.5,48.92,44.86,100,100,0
"MehtaRS_2018","Butyrivibrio",11,12,11,18.39,18.79,16.24,0,28,72
"MehtaRS_2018","Clostridium",75,85,75,82.14,91.07,82.09,100,100,0
"MehtaRS_2018","Escherichia",14,22,14,23.81,30.01,23.38,92,97,3
"MehtaRS_2018","Odoribacter",70,72,70,76.82,79.05,75.29,100,100,0
"MehtaRS_2018","Anaerobutyricum",73,83,73,84.47,90.71,84.26,100,100,0
"AsnicarF_2021","Bacteroides",98,100,98,99.75,100,99.75,100,100,0
"AsnicarF_2021","Phocaeicola",95,96,95,97.9,98.57,97.33,100,100,0
"AsnicarF_2021","Faecalibacterium",98,99,98,99.4,99.57,98.98,100,100,0
"AsnicarF_2021","Prevotella",29,35,29,38.5,43.79,37.59,100,100,0
"AsnicarF_2021","Alistipes",92,95,92,95.26,97.33,95.04,100,100,0
"AsnicarF_2021","Ruminococcus",84,87,84,89.5,91.36,88.55,100,100,0
"AsnicarF_2021","Fusicatenibacter",97,97,97,98.82,99.5,98.59,100,100,0
"AsnicarF_2021","Bifidobacterium",85,87,85,90.78,92.56,89.97,100,100,0
"AsnicarF_2021","Roseburia",95,97,95,97.37,98.75,97.2,100,100,0
"AsnicarF_2021","Lachnospiraceae_unclassified",78,86,78,86.38,90.51,85.93,100,100,0
"AsnicarF_2021","Coprococcus",94,95,94,97.37,97.47,96.53,100,100,0
"AsnicarF_2021","Lachnospira",92,94,92,95.76,97.12,95.26,100,100,0
"AsnicarF_2021","Parabacteroides",93,94,93,96.42,96.97,95.55,100,100,0
"AsnicarF_2021","Akkermansia",45,49,45,54.17,59.12,53.06,100,100,0
"AsnicarF_2021","Blautia",95,99,95,99.12,99.94,99.09,100,100,0
"AsnicarF_2021","Collinsella",88,89,88,91.51,92.38,90.59,100,100,0
"AsnicarF_2021","Mediterraneibacter",94,96,94,97.7,98.85,97.51,100,100,0
"AsnicarF_2021","Barnesiella",73,75,73,78.92,81.75,78.09,100,100,0
"AsnicarF_2021","Dorea",97,99,97,99.25,99.56,98.91,100,100,0
"AsnicarF_2021","Anaerostipes",94,97,94,97.74,99.41,97.61,100,100,0
"AsnicarF_2021","Eubacterium",89,94,89,94.24,97.71,94.14,100,100,0
"AsnicarF_2021","Oscillibacter",83,87,83,88.77,92.15,88.29,100,100,0
"AsnicarF_2021","Anaerobutyricum",96,98,96,98.35,99.5,98.13,100,100,0
"AsnicarF_2021","Clostridium",70,82,70,78.53,89.03,78.48,100,100,0
"AsnicarF_2021","Firmicutes_unclassified",81,91,81,87.15,94.7,87.09,100,100,0
"AsnicarF_2021","Ruminococcaceae_unclassified",55,71,55,63.69,78.55,63.69,100,100,0
"AsnicarF_2021","Butyrivibrio",7,10,7,15.96,16.65,14.23,0,0,100
"AsnicarF_2021","Odoribacter",86,91,86,91.7,94.74,91.24,100,100,0
"AsnicarF_2021","Phascolarctobacterium",43,51,43,55.29,61.15,54.68,100,100,0
"AsnicarF_2021","Agathobaculum",82,92,82,89.19,96.12,89.15,100,100,0
"LeChatelierE_2013","Bacteroides",99,100,99,99.98,100,99.98,100,100,0
"LeChatelierE_2013","Prevotella",45,48,45,51.71,56.36,50.53,100,100,0
"LeChatelierE_2013","Phocaeicola",95,94,94,97.12,97.48,96.42,100,100,0
"LeChatelierE_2013","Roseburia",98,100,98,99.83,100,99.83,100,100,0
"LeChatelierE_2013","Alistipes",90,93,90,94.39,96.16,93.89,100,100,0
"LeChatelierE_2013","Faecalibacterium",96,96,96,98.11,98.33,97.52,100,100,0
"LeChatelierE_2013","Lachnospira",79,83,79,85.85,88.02,84.99,100,100,0
"LeChatelierE_2013","Butyrivibrio",30,29,29,35.92,36.91,33.85,100,100,0
"LeChatelierE_2013","Parabacteroides",87,88,87,91.07,91.83,90.03,100,100,0
"LeChatelierE_2013","Ruminococcus",85,88,85,90.27,92.9,89.6,100,100,0
"LeChatelierE_2013","Lachnospiraceae_unclassified",76,82,76,83.71,89.49,83.43,100,100,0
"LeChatelierE_2013","Eubacterium",90,97,90,95.68,98.85,95.62,100,100,0
"LeChatelierE_2013","Coprococcus",92,96,92,96.23,97.96,95.93,100,100,0
"LeChatelierE_2013","Barnesiella",74,76,74,80.75,82.49,79.34,100,100,0
"LeChatelierE_2013","Firmicutes_unclassified",82,88,82,88.72,93.53,88.47,100,100,0
"LeChatelierE_2013","Ruminococcaceae_unclassified",67,77,67,74.49,86.36,74.45,100,100,0
"LeChatelierE_2013","Phascolarctobacterium",52,56,52,60.87,63.51,59.67,100,100,0
"LeChatelierE_2013","Bifidobacterium",73,83,73,82.64,89.2,82.45,100,100,0
"LeChatelierE_2013","Clostridium",71,80,71,80.34,87.74,80.08,100,100,0
"LeChatelierE_2013","Fusicatenibacter",85,95,85,92.77,97.62,92.76,100,100,0
"LeChatelierE_2013","Akkermansia",43,54,43,53.85,61.71,53.43,100,100,0
"LeChatelierE_2013","Oscillibacter",77,84,77,83.68,88.42,83.33,100,100,0
"LeChatelierE_2013","Mediterraneibacter",90,95,90,94.28,97.88,94.2,100,100,0
"LeChatelierE_2013","Anaerostipes",83,93,83,89,96.66,89,100,100,0
"LeChatelierE_2013","Odoribacter",88,90,88,92.36,93.86,91.71,100,100,0
"LeChatelierE_2013","Dorea",90,97,90,96.54,99.4,96.53,100,100,0
"LeChatelierE_2013","Collinsella",76,85,76,84.19,90.85,83.91,100,100,0
"LeChatelierE_2013","Paraprevotella",32,34,32,40.86,41.86,38.63,100,100,0
"LeChatelierE_2013","Dialister",28,34,28,36.18,40.22,35.16,100,100,0
"LeChatelierE_2013","Escherichia",23,34,23,30.98,41.92,30.94,100,100,0
"ORIGINS_2022_Healthy_Plaque","Streptococcus",100,100,100,100,100,100,100,100,0
"ORIGINS_2022_Healthy_Plaque","Fusobacterium",99,100,99,99.94,100,99.94,100,100,0
"ORIGINS_2022_Healthy_Plaque","Corynebacterium",97,99,97,99.36,99.9,99.3,100,100,0
"ORIGINS_2022_Healthy_Plaque","Leptotrichia",98,99,98,99.89,99.99,99.88,100,100,0
"ORIGINS_2022_Healthy_Plaque","Rothia",97,99,97,99.19,99.97,99.16,100,100,0
"ORIGINS_2022_Healthy_Plaque","Actinomyces",99,100,99,99.92,100,99.92,100,100,0
"ORIGINS_2022_Healthy_Plaque","Prevotella",94,99,94,98.44,99.8,98.37,100,100,0
"ORIGINS_2022_Healthy_Plaque","Porphyromonas",92,95,92,95.65,97.85,95.45,100,100,0
"ORIGINS_2022_Healthy_Plaque","Neisseria",85,92,85,91.17,95.74,91.07,100,100,0
"ORIGINS_2022_Healthy_Plaque","Veillonella",94,98,94,97.46,99.79,97.44,100,100,0
"ORIGINS_2022_Healthy_Plaque","Haemophilus",83,92,83,90.31,97.09,90.29,100,100,0
"ORIGINS_2022_Healthy_Plaque","Capnocytophaga",96,98,96,98.51,99.43,98.34,100,100,0
"ORIGINS_2022_Healthy_Plaque","Campylobacter",96,98,96,98.42,99.85,98.4,100,100,0
"ORIGINS_2022_Healthy_Plaque","Aggregatibacter",81,90,81,87.85,94.92,87.83,100,100,0
"ORIGINS_2022_Healthy_Plaque","Selenomonas",89,94,89,93.37,98.53,93.37,100,100,0
"ORIGINS_2022_Healthy_Plaque","Lautropia",78,86,78,83.61,92.51,83.58,100,100,0
"ORIGINS_2022_Healthy_Plaque","Treponema",64,78,64,75.18,86.69,75.1,100,100,0
"ORIGINS_2022_Healthy_Plaque","Paludibacter",57,72,57,68.12,79.63,68.12,100,100,0
"ORIGINS_2022_Healthy_Plaque","Cardiobacterium",85,93,85,91.41,96.24,91.41,100,100,0
"ORIGINS_2022_Healthy_Plaque","Granulicatella",91,97,91,95.89,99.25,95.87,100,100,0
"ORIGINS_2022_Healthy_Plaque","[Prevotella]",62,75,62,70.98,85.33,70.94,100,100,0
"ORIGINS_2022_Healthy_Plaque","Parvimonas",76,91,76,84.29,95.33,84.29,100,100,0
"ORIGINS_2022_Healthy_Plaque","Gemella",82,92,82,88.09,95.82,88.07,100,100,0
"ORIGINS_2022_Healthy_Plaque","Dialister",63,80,63,72.41,86.58,72.41,100,100,0
"ORIGINS_2022_Healthy_Plaque","Tannerella",72,85,72,79.35,90.22,79.35,100,100,0
"ORIGINS_2022_Healthy_Plaque","Kingella",73,88,73,80.13,93.55,80.13,100,100,0
"ORIGINS_2022_Healthy_Plaque","Filifactor",52,74,52,65.08,81.96,65.05,100,100,0
"ORIGINS_2022_Healthy_Plaque","Eikenella",70,89,70,78.1,93.82,78.1,100,100,0
"ORIGINS_2022_Healthy_Plaque","Oribacterium",45,63,45,55.02,72.21,55.02,100,100,0
"ORIGINS_2022_Healthy_Plaque","TG5",32,45,32,41.92,56.35,41.88,100,100,0
"NHANESOral_2011_2012","Streptococcus",98,98,98,99.06,98.94,98.5,100,100,0
"NHANESOral_2011_2012","Rothia",97,97,97,98.46,98.54,97.78,100,100,0
"NHANESOral_2011_2012","Prevotella_7",96,97,96,98.35,98.45,97.58,100,100,0
"NHANESOral_2011_2012","Veillonella",94,95,94,97.46,97.47,96.53,100,100,0
"NHANESOral_2011_2012","Haemophilus",94,95,94,97.14,97.43,96.4,100,100,0
"NHANESOral_2011_2012","Gemella",95,96,95,97.84,97.9,97.08,100,100,0
"NHANESOral_2011_2012","Fusobacterium",93,96,93,96.98,97.8,96.41,100,100,0
"NHANESOral_2011_2012","Granulicatella",93,93,93,96.21,96.57,95.32,100,100,0
"NHANESOral_2011_2012","Neisseria",84,89,84,90.54,92.73,89.86,100,100,0
"NHANESOral_2011_2012","Actinomyces",95,96,95,97.78,97.96,97.08,100,100,0
"NHANESOral_2011_2012","Prevotella",92,93,92,95.79,96.73,95.15,100,100,0
"NHANESOral_2011_2012","Alloprevotella",89,92,89,93.77,95.79,93.31,100,100,0
"NHANESOral_2011_2012","Leptotrichia",88,93,88,94.33,96.35,93.86,100,100,0
"NHANESOral_2011_2012","Porphyromonas",87,92,87,92.94,95.58,92.54,100,100,0
"NHANESOral_2011_2012","Atopobium",80,87,80,87.28,93.07,87.08,100,100,0
"NHANESOral_2011_2012","Bergeyella",69,84,69,78.43,90.72,78.4,100,100,0
"NHANESOral_2011_2012","Megasphaera",67,77,67,76.72,84.39,76.45,100,100,0
"NHANESOral_2011_2012","Parvimonas",70,81,70,79.11,90.47,79.08,100,100,0
"NHANESOral_2011_2012","Aggregatibacter",50,62,50,63.7,70.55,63.31,100,100,0
"NHANESOral_2011_2012","Actinobacillus",54,56,54,60.93,65.65,60.09,100,100,0
"NHANESOral_2011_2012","Prevotella_6",70,77,70,77.41,83.68,77.21,100,100,0
"NHANESOral_2011_2012","Campylobacter",80,90,80,87.93,95.11,87.88,100,100,0
"NHANESOral_2011_2012","Corynebacterium",73,87,73,82.04,91.84,82.02,100,100,0
"NHANESOral_2011_2012","Oribacterium",70,82,70,80.94,89.01,80.89,100,100,0
"NHANESOral_2011_2012","Treponema_2",49,66,49,58.33,75.2,58.33,100,100,0
"NHANESOral_2011_2012","Peptostreptococcus",60,74,60,69.35,81.52,69.35,100,100,0
"NHANESOral_2011_2012","Capnocytophaga",70,84,70,77.52,91.08,77.52,100,100,0
"NHANESOral_2011_2012","Solobacterium",64,81,64,77.05,88.9,77.02,100,100,0
"NHANESOral_2011_2012","Mogibacterium",63,81,63,73.94,88.11,73.93,100,100,0
"NHANESOral_2011_2012","Abiotrophia",46,60,46,55.38,68.81,55.36,100,100,0
"NielsenHB_2014","Bacteroides",99,100,99,99.99,100,99.99,100,100,0
"NielsenHB_2014","Phocaeicola",97,97,97,98.63,98.37,97.72,100,100,0
"NielsenHB_2014","Prevotella",44,48,44,51.38,56.89,50.37,100,100,0
"NielsenHB_2014","Roseburia",96,98,96,99.15,99.31,98.75,100,100,0
"NielsenHB_2014","Lachnospira",86,86,86,90.43,91.83,89.39,100,100,0
"NielsenHB_2014","Butyrivibrio",26,22,22,32.36,32.62,29.83,100,100,0
"NielsenHB_2014","Faecalibacterium",94,95,94,96.89,97.3,96.36,100,100,0
"NielsenHB_2014","Ruminococcus",81,83,81,87.04,88.54,85.78,100,100,0
"NielsenHB_2014","Lachnospiraceae_unclassified",82,85,82,86.79,90.65,86.38,100,100,0
"NielsenHB_2014","Eubacterium",93,95,93,96.51,98.1,96.24,100,100,0
"NielsenHB_2014","Parabacteroides",92,93,92,95.4,96.02,94.53,100,100,0
"NielsenHB_2014","Alistipes",87,91,87,92.14,95.05,91.75,100,100,0
"NielsenHB_2014","Coprococcus",91,92,91,94.75,95.96,94.11,100,100,0
"NielsenHB_2014","Anaerostipes",88,95,88,93.97,97.71,93.85,100,100,0
"NielsenHB_2014","Barnesiella",73,78,73,79.81,83.62,79.05,100,100,0
"NielsenHB_2014","Dorea",94,97,94,97.49,98.9,97.25,100,100,0
"NielsenHB_2014","Mediterraneibacter",92,98,92,95.62,99.13,95.58,100,100,0
"NielsenHB_2014","Bifidobacterium",65,77,65,73.32,83.25,73.23,100,100,0
"NielsenHB_2014","Ruminococcaceae_unclassified",60,74,60,70.79,80.43,70.76,100,100,0
"NielsenHB_2014","Anaerobutyricum",85,95,85,91.83,97.68,91.82,100,100,0
"NielsenHB_2014","Clostridium",74,83,74,80.7,88.6,80.59,100,100,0
"NielsenHB_2014","Fusicatenibacter",82,88,82,88.58,93.06,88.14,100,100,0
"NielsenHB_2014","Phascolarctobacterium",54,53,53,61.59,62.08,59.16,100,100,0
"NielsenHB_2014","Firmicutes_unclassified",73,84,73,81.84,89.35,81.64,100,100,0
"NielsenHB_2014","Methanobrevibacter",26,31,26,35.02,39.32,34.04,100,100,0
"NielsenHB_2014","Blautia",87,96,87,93.11,99.03,93.1,100,100,0
"NielsenHB_2014","Odoribacter",85,88,85,90.52,93.17,90.06,100,100,0
"NielsenHB_2014","Akkermansia",27,32,27,36.5,41.55,35.39,100,100,0
"NielsenHB_2014","Dialister",29,32,29,38.29,41.79,36.97,100,100,0
"NielsenHB_2014","Collinsella",56,69,56,65.76,77.57,65.75,100,100,0
"NHANESOral_2009_2010","Streptococcus",97,97,97,98.53,98.47,97.75,100,100,0
"NHANESOral_2009_2010","Rothia",95,94,94,96.89,96.93,96,100,100,0
"NHANESOral_2009_2010","Prevotella_7",94,95,94,96.86,97.34,96.03,100,100,0
"NHANESOral_2009_2010","Veillonella",95,95,95,97.54,97.46,96.52,100,100,0
"NHANESOral_2009_2010","Haemophilus",91,92,91,94.98,96.92,94.52,100,100,0
"NHANESOral_2009_2010","Gemella",94,96,94,97.22,97.88,96.62,100,100,0
"NHANESOral_2009_2010","Actinomyces",94,95,94,97.15,97.39,96.38,100,100,0
"NHANESOral_2009_2010","Granulicatella",94,95,94,97,97.29,96.07,100,100,0
"NHANESOral_2009_2010","Neisseria",78,85,78,85.24,89.14,84.9,100,100,0
"NHANESOral_2009_2010","Alloprevotella",85,90,85,92.38,94.25,91.58,100,100,0
"NHANESOral_2009_2010","Prevotella",92,93,92,96.08,96.54,95.2,100,100,0
"NHANESOral_2009_2010","Fusobacterium",91,93,91,95.68,96.4,94.8,100,100,0
"NHANESOral_2009_2010","Porphyromonas",85,89,85,90.51,93.49,90,100,100,0
"NHANESOral_2009_2010","Leptotrichia",88,91,88,93.94,95.28,93.15,100,100,0
"NHANESOral_2009_2010","Prevotella_2",56,74,56,65.9,82.76,65.9,100,100,0
"NHANESOral_2009_2010","Atopobium",79,89,79,87.08,94.32,87.05,100,100,0
"NHANESOral_2009_2010","Prevotella_6",75,84,75,80.77,88.97,80.65,100,100,0
"NHANESOral_2009_2010","Aggregatibacter",49,58,49,61.24,65.05,59.94,100,100,0
"NHANESOral_2009_2010","Campylobacter",83,93,83,90.31,96.18,90.26,100,100,0
"NHANESOral_2009_2010","Megasphaera",73,82,73,79.48,89.05,79.47,100,100,0
"NHANESOral_2009_2010","Bergeyella",65,81,65,74.98,88.27,74.97,100,100,0
"NHANESOral_2009_2010","Corynebacterium",74,86,74,82.47,91.01,82.4,100,100,0
"NHANESOral_2009_2010","Parvimonas",69,82,69,77.41,87.68,77.33,100,100,0
"NHANESOral_2009_2010","Actinobacillus",45,50,45,53.06,59.01,52.39,100,100,0
"NHANESOral_2009_2010","Treponema_2",49,63,49,57.48,70.58,57.44,100,100,0
"NHANESOral_2009_2010","Peptostreptococcus",59,75,59,68.71,81.21,68.71,100,100,0
"NHANESOral_2009_2010","Solobacterium",68,84,68,77.72,89.29,77.72,100,100,0
"NHANESOral_2009_2010","Lactobacillus",25,35,25,32.98,43.44,32.96,100,100,0
"NHANESOral_2009_2010","Oribacterium",71,85,71,80.39,91.91,80.39,100,100,0
"NHANESOral_2009_2010","Capnocytophaga",66,85,66,76.59,89.12,76.59,100,100,0
"JieZ_2017","Bacteroides",98,98,98,99.14,99.64,98.91,100,100,0
"JieZ_2017","Phocaeicola",96,97,96,98.15,99.14,97.91,100,100,0
"JieZ_2017","Prevotella",40,51,40,48.13,59.87,48.05,100,100,0
"JieZ_2017","Roseburia",79,84,79,86.76,89.37,86.04,100,100,0
"JieZ_2017","Ruminococcus",71,74,71,77.93,81.76,77.01,100,100,0
"JieZ_2017","Faecalibacterium",85,87,85,90.52,93.38,89.94,100,100,0
"JieZ_2017","Eubacterium",86,90,86,91.05,94.92,90.78,100,100,0
"JieZ_2017","Lachnospira",67,73,67,74.96,79.07,74.24,100,100,0
"JieZ_2017","Mediterraneibacter",90,97,90,95.24,98.53,95.16,100,100,0
"JieZ_2017","Bifidobacterium",64,78,64,76.26,83.17,76.14,100,100,0
"JieZ_2017","Escherichia",77,85,77,83.92,91.99,83.82,100,100,0
"JieZ_2017","Alistipes",67,76,67,76.49,81.75,76.05,100,100,0
"JieZ_2017","Lachnospiraceae_unclassified",53,59,53,59.69,67.09,59.09,100,100,0
"JieZ_2017","Klebsiella",44,53,44,52.74,61.31,52.43,100,100,0
"JieZ_2017","Streptococcus",67,80,67,75,88.37,74.99,100,100,0
"JieZ_2017","Parabacteroides",88,94,88,93.89,97.34,93.72,100,100,0
"JieZ_2017","Blautia",85,94,85,90.64,97.84,90.64,100,100,0
"JieZ_2017","Collinsella",54,59,54,63.85,68.82,62.92,100,100,0
"JieZ_2017","Coprococcus",57,65,57,64.98,72.03,64.4,100,100,0
"JieZ_2017","Phascolarctobacterium",63,74,63,74.62,83.89,74.33,100,100,0
"JieZ_2017","Megamonas",39,45,39,46.24,54.01,45.86,100,100,0
"JieZ_2017","Anaerostipes",68,77,68,77.35,84.72,77.18,100,100,0
"JieZ_2017","Dorea",73,81,73,82.79,87.32,82.24,100,100,0
"JieZ_2017","Veillonella",34,44,34,43.28,57.63,43.14,100,100,0
"JieZ_2017","Firmicutes_unclassified",52,63,52,62.99,72.15,62.81,100,100,0
"JieZ_2017","Fusicatenibacter",65,73,65,73.63,79.88,73.28,100,100,0
"JieZ_2017","Fusobacterium",30,40,30,40.32,48.66,39.92,100,100,0
"JieZ_2017","Flavonifractor",70,86,70,79.41,92.85,79.41,100,100,0
"JieZ_2017","Dialister",21,24,21,27.21,31.47,26.56,100,100,0
"JieZ_2017","Ruthenibacterium",61,76,61,71.9,84.78,71.76,100,100,0
"Qiita11993Colombia","Prevotella",91,97,91,95.8,99.23,95.79,100,100,0
"Qiita11993Colombia","Akkermansia",69,81,69,78.63,89.33,78.5,100,100,0
"Qiita11993Colombia","Ruminococcus",94,96,94,97.34,98.59,97.02,100,100,0
"Qiita11993Colombia","Bifidobacterium",76,86,76,84.34,90.95,84.26,100,100,0
"Qiita11993Colombia","Bacteroides",87,95,87,93.66,98.89,93.66,100,100,0
"Qiita11993Colombia","Methanobrevibacter",48,58,48,56.81,67.35,56.58,100,100,0
"Qiita11993Colombia","Collinsella",86,91,86,92.99,95.48,92.58,100,100,0
"Qiita11993Colombia","Streptococcus",78,93,78,89.92,97.67,89.91,100,100,0
"Qiita11993Colombia","Coprococcus",94,98,94,97.58,99.5,97.51,100,100,0
"Qiita11993Colombia","Blautia",93,98,93,96.57,99.35,96.56,100,100,0
"Qiita11993Colombia","Faecalibacterium",91,95,91,95.54,98.02,95.45,100,100,0
"Qiita11993Colombia","Dialister",45,65,45,59.44,72.53,59.43,100,100,0
"Qiita11993Colombia","[Eubacterium]",54,62,54,62.39,74.16,62.32,100,100,0
"Qiita11993Colombia","Catenibacterium",42,50,42,54.15,62.53,53.45,100,100,0
"Qiita11993Colombia","Clostridium",77,89,77,86.42,95.69,86.38,100,100,0
"Qiita11993Colombia","Dorea",84,94,84,89.89,97.17,89.89,100,100,0
"Qiita11993Colombia","[Ruminococcus]",72,91,72,81.6,94.5,81.6,100,100,0
"Qiita11993Colombia","Roseburia",76,88,76,82.02,92.91,82.02,100,100,0
"Qiita11993Colombia","Slackia",52,64,52,61.88,72.05,61.85,100,100,0
"Qiita11993Colombia","Phascolarctobacterium",37,50,37,46.23,61.12,46.18,100,100,0
"Qiita11993Colombia","Oscillospira",75,90,75,84.16,95.66,84.16,100,100,0
"Qiita11993Colombia","Desulfovibrio",35,49,35,46.39,62.86,46.33,100,100,0
"Qiita11993Colombia","Parabacteroides",59,79,59,70.17,86.39,70.16,100,100,0
"Qiita11993Colombia","Haemophilus",32,51,32,42.89,62.16,42.85,100,100,0
"Qiita11993Colombia","Enterococcus",27,39,27,35.76,48.59,35.75,100,100,0
"Qiita11993Colombia","Megasphaera",20,29,20,28.78,37.56,28.44,100,100,0
"Qiita11993Colombia","Paraprevotella",33,47,33,44.13,55.56,43.93,100,100,0
"Qiita11993Colombia","Bulleidia",21,35,21,30.8,43.96,30.76,100,100,0
"Qiita11993Colombia","Klebsiella",22,33,22,30.13,41.87,30.06,100,100,0
"Qiita11993Colombia","[Prevotella]",28,29,28,35.9,41.09,34.72,100,100,0
"LiJ_2014","Bacteroides",98,99,98,99.54,99.68,99.23,100,100,0
"LiJ_2014","Phocaeicola",93,94,93,96.46,97.58,95.93,100,100,0
"LiJ_2014","Prevotella",51,61,51,59.34,66.8,59.13,100,100,0
"LiJ_2014","Faecalibacterium",83,84,83,87.52,89.81,86.65,100,100,0
"LiJ_2014","Alistipes",89,91,89,92.82,95.86,92.57,100,100,0
"LiJ_2014","Roseburia",87,89,87,92,93.65,91.35,100,100,0
"LiJ_2014","Parabacteroides",91,92,91,94.68,95.21,93.84,100,100,0
"LiJ_2014","Ruminococcus",72,74,72,78.53,81.85,77.53,100,100,0
"LiJ_2014","Butyrivibrio",21,21,21,28.12,30.5,26.67,100,100,0
"LiJ_2014","Lachnospiraceae_unclassified",68,75,68,74.53,82.65,74.36,100,100,0
"LiJ_2014","Lachnospira",75,78,75,82.13,85,81.14,100,100,0
"LiJ_2014","Bifidobacterium",74,83,74,83.52,89.56,83.22,100,100,0
"LiJ_2014","Akkermansia",38,44,38,45.08,53.82,44.87,100,100,0
"LiJ_2014","Eubacterium",82,87,82,87.67,92.52,87.39,100,100,0
"LiJ_2014","Escherichia",49,59,49,57.4,68.61,57.29,100,100,0
"LiJ_2014","Firmicutes_unclassified",74,81,74,81.69,87.84,81.49,100,100,0
"LiJ_2014","Coprococcus",78,81,78,83.75,86.73,83.04,100,100,0
"LiJ_2014","Ruminococcaceae_unclassified",52,68,52,63.52,76.8,63.51,100,100,0
"LiJ_2014","Mediterraneibacter",87,94,87,92.7,97,92.65,100,100,0
"LiJ_2014","Barnesiella",63,65,63,70.7,72.89,69.37,100,100,0
"LiJ_2014","Anaerostipes",82,91,82,89.09,94.83,88.97,100,100,0
"LiJ_2014","Blautia",83,96,83,91.93,98.3,91.93,100,100,0
"LiJ_2014","Dorea",86,91,86,92.45,94.46,91.92,100,100,0
"LiJ_2014","Clostridium",65,77,65,75.25,83.58,75.11,100,100,0
"LiJ_2014","Collinsella",72,80,72,80.43,85.81,80.05,100,100,0
"LiJ_2014","Phascolarctobacterium",52,54,52,60.72,63.68,59.21,100,100,0
"LiJ_2014","Fusicatenibacter",75,79,75,81.38,85.73,80.83,100,100,0
"LiJ_2014","Oscillibacter",58,66,58,67.27,72.84,66.64,100,100,0
"LiJ_2014","Odoribacter",72,78,72,81.4,84.29,80.48,100,100,0
"LiJ_2014","Anaerobutyricum",76,83,76,83.48,89.04,83.11,100,100,0
"Atlas1006","Faecalibacterium prausnitzii et rel.",99,100,99,99.97,100,99.97,100,100,0
"Atlas1006","Oscillospira guillermondii et rel.",98,99,98,99.9,99.99,99.89,100,100,0
"Atlas1006","Prevotella melaninogenica et rel.",88,98,88,94.58,99.82,94.58,100,100,0
"Atlas1006","Bacteroides vulgatus et rel.",98,99,98,99.49,99.99,99.49,100,100,0
"Atlas1006","Ruminococcus obeum et rel.",99,100,99,99.96,100,99.96,100,100,0
"Atlas1006","Subdoligranulum variable at rel.",99,100,99,99.94,100,99.94,100,100,0
"Atlas1006","Sporobacter termitidis et rel.",98,100,98,99.63,100,99.63,100,100,0
"Atlas1006","Clostridium cellulosi et rel.",98,100,98,99.64,100,99.64,100,100,0
"Atlas1006","Coprococcus eutactus et rel.",97,99,97,99.11,99.99,99.11,100,100,0
"Atlas1006","Clostridium symbiosum et rel.",99,100,99,99.96,100,99.96,100,100,0
"Atlas1006","Clostridium orbiscindens et rel.",98,100,98,99.83,100,99.83,100,100,0
"Atlas1006","Uncultured Clostridiales I",94,99,94,97.19,99.94,97.19,100,100,0
"Atlas1006","Butyrivibrio crossotus et rel.",99,100,99,99.91,100,99.91,100,100,0
"Atlas1006","Dorea formicigenerans et rel.",98,100,98,99.83,100,99.83,100,100,0
"Atlas1006","Allistipes et rel.",95,98,95,97.84,99.91,97.82,100,100,0
"Atlas1006","Bifidobacterium",87,99,87,94.25,99.76,94.25,100,100,0
"Atlas1006","Prevotella oralis et rel.",74,94,74,81.55,97.77,81.55,100,100,0
"Atlas1006","Anaerostipes caccae et rel.",95,99,95,98.58,99.96,98.56,100,100,0
"Atlas1006","Clostridium leptum et rel.",95,99,95,98.29,99.94,98.29,100,100,0
"Atlas1006","Uncultured Clostridiales II",93,99,93,97.72,99.96,97.72,100,100,0
"Atlas1006","Clostridium sphenoides et rel.",98,100,98,99.57,100,99.57,100,100,0
"Atlas1006","Bryantella formatexigens et rel.",96,100,96,99.34,100,99.34,100,100,0
"Atlas1006","Lachnospira pectinoschiza et rel.",97,99,97,99.19,99.99,99.19,100,100,0
"Atlas1006","Ruminococcus bromii et rel.",86,94,86,92.56,98.05,92.51,100,100,0
"Atlas1006","Ruminococcus callidus et rel.",94,99,94,97.76,99.88,97.76,100,100,0
"Atlas1006","Clostridium difficile et rel.",82,96,82,88.66,99.4,88.66,100,100,0
"Atlas1006","Outgrouping clostridium cluster XIVa",95,99,95,98.42,99.99,98.42,100,100,0
"Atlas1006","Eubacterium ventriosum et rel.",90,96,90,95.12,99.57,95.12,100,100,0
"Atlas1006","Lachnobacillus bovis et rel.",92,99,92,97.39,99.89,97.39,100,100,0
"Atlas1006","Streptococcus bovis et rel.",86,97,86,91.95,99.35,91.95,100,100,0
"SchirmerM_2016","Bifidobacterium",95,95,95,97.66,98.03,97.04,100,100,0
"SchirmerM_2016","Ruminococcus",83,84,83,88.85,89.75,87.56,100,100,0
"SchirmerM_2016","Faecalibacterium",96,97,96,98.66,98.32,97.68,100,100,0
"SchirmerM_2016","Bacteroides",98,99,98,99.72,99.94,99.66,100,100,0
"SchirmerM_2016","Prevotella",41,43,41,48.29,52,46.81,100,100,0
"SchirmerM_2016","Roseburia",94,97,94,98.01,98.92,97.67,100,100,0
"SchirmerM_2016","Lachnospiraceae_unclassified",86,89,86,90.02,93.95,89.83,100,100,0
"SchirmerM_2016","Phocaeicola",98,100,98,99.75,100,99.75,100,100,0
"SchirmerM_2016","Collinsella",87,88,87,91.88,93.25,90.81,100,100,0
"SchirmerM_2016","Fusicatenibacter",94,94,94,97.12,97.49,96.4,100,100,0
"SchirmerM_2016","Dorea",98,98,98,99.06,99.07,98.69,100,100,0
"SchirmerM_2016","Coprococcus",95,95,95,97.28,97.58,96.51,100,100,0
"SchirmerM_2016","Alistipes",89,93,89,93.49,96.06,93.18,100,100,0
"SchirmerM_2016","Mediterraneibacter",95,96,95,97.64,98.87,97.43,100,100,0
"SchirmerM_2016","Anaerostipes",97,99,97,98.98,99.51,98.7,100,100,0
"SchirmerM_2016","Blautia",98,99,98,99.55,99.99,99.54,100,100,0
"SchirmerM_2016","Anaerobutyricum",97,98,97,98.5,99.03,98.18,100,100,0
"SchirmerM_2016","Eubacterium",90,95,90,95.46,98.62,95.41,100,100,0
"SchirmerM_2016","Parabacteroides",90,93,90,94.99,96.14,94.34,100,100,0
"SchirmerM_2016","Lachnospira",70,79,70,82.53,86.37,81.9,100,100,0
"SchirmerM_2016","Akkermansia",35,40,35,43.45,48.11,42.7,100,100,0
"SchirmerM_2016","Methanobrevibacter",27,28,27,35.76,37.58,33.89,100,100,0
"SchirmerM_2016","Streptococcus",72,88,72,84.04,93.88,84.02,100,100,0
"SchirmerM_2016","Barnesiella",65,75,65,77.48,81.85,76.79,100,100,0
"SchirmerM_2016","Ruminococcaceae_unclassified",48,66,48,58.99,72.93,58.97,100,100,0
"SchirmerM_2016","Firmicutes_unclassified",68,82,68,76.47,87.14,76.43,100,100,0
"SchirmerM_2016","Dialister",39,47,39,48.83,54.69,48.11,100,100,0
"SchirmerM_2016","Oscillibacter",67,76,67,75.8,83.46,75.48,100,100,0
"SchirmerM_2016","Agathobaculum",76,88,76,83.19,92.76,83.17,100,100,0
"SchirmerM_2016","Phascolarctobacterium",38,38,38,46.11,49.39,44.4,100,100,0
"ZeeviD_2015","Bacteroides",99,99,99,99.82,99.97,99.79,100,100,0
"ZeeviD_2015","Phocaeicola",98,99,98,99.68,99.98,99.67,100,100,0
"ZeeviD_2015","Prevotella",59,73,59,69,80.2,68.99,100,100,0
"ZeeviD_2015","Faecalibacterium",99,100,99,99.98,100,99.98,100,100,0
"ZeeviD_2015","Roseburia",97,99,97,99.06,99.57,98.84,100,100,0
"ZeeviD_2015","Alistipes",92,97,92,96.62,99.15,96.57,100,100,0
"ZeeviD_2015","Ruminococcus",89,92,89,93.14,96,92.8,100,100,0
"ZeeviD_2015","Bifidobacterium",89,92,89,93.55,96.3,93.21,100,100,0
"ZeeviD_2015","Eubacterium",88,94,88,94.23,97.53,94.02,100,100,0
"ZeeviD_2015","Lachnospiraceae_unclassified",75,84,75,80.46,88.73,80.39,100,100,0
"ZeeviD_2015","Anaerostipes",90,96,90,94.38,97.99,94.34,100,100,0
"ZeeviD_2015","Parabacteroides",96,98,96,98.45,99.11,98.14,100,100,0
"ZeeviD_2015","Lachnospira",89,91,89,93.45,95.01,92.78,100,100,0
"ZeeviD_2015","Coprococcus",87,91,87,92.34,95.07,91.92,100,100,0
"ZeeviD_2015","Dorea",88,95,88,94.72,97.3,94.51,100,100,0
"ZeeviD_2015","Fusicatenibacter",90,95,90,94.49,97.06,94.35,100,100,0
"ZeeviD_2015","Ruminococcaceae_unclassified",48,62,48,59.31,72.01,59.3,100,100,0
"ZeeviD_2015","Akkermansia",42,51,42,50.87,57.1,50.33,100,100,0
"ZeeviD_2015","Anaerobutyricum",81,92,81,89.33,95.71,89.32,100,100,0
"ZeeviD_2015","Barnesiella",79,83,79,85.19,91.12,85.04,100,100,0
"ZeeviD_2015","Collinsella",83,91,83,90.76,94.53,90.44,100,100,0
"ZeeviD_2015","Mediterraneibacter",85,93,85,91.02,96.22,90.95,100,100,0
"ZeeviD_2015","Butyrivibrio",13,17,13,21.86,22.87,19.54,60,81,19
"ZeeviD_2015","Methanobrevibacter",29,33,29,37.45,40.27,35.63,100,100,0
"ZeeviD_2015","Firmicutes_unclassified",69,82,69,76.26,87.25,76.24,100,100,0
"ZeeviD_2015","Oscillibacter",73,80,73,80.82,86.78,80.38,100,100,0
"ZeeviD_2015","Clostridium",49,59,49,57.24,69.11,57.1,100,100,0
"ZeeviD_2015","Blautia",81,94,81,89.35,97.8,89.35,100,100,0
"ZeeviD_2015","Dialister",41,41,41,48.61,52.6,47.4,100,100,0
"ZeeviD_2015","Odoribacter",85,93,85,91.66,96.87,91.65,100,100,0
"VilaAV_2018","Bifidobacterium",85,88,85,91.01,92.44,90.16,100,100,0
"VilaAV_2018","Bacteroides",88,89,88,92.18,93.32,91.34,100,100,0
"VilaAV_2018","Faecalibacterium",70,69,69,78.29,80.14,76.51,100,100,0
"VilaAV_2018","Ruminococcus",55,59,55,64.02,66.47,62.36,100,100,0
"VilaAV_2018","Blautia",93,94,93,96.76,96.95,95.8,100,100,0
"VilaAV_2018","Roseburia",81,83,81,87.04,88.64,85.79,100,100,0
"VilaAV_2018","Collinsella",73,70,70,78.4,80.06,76.94,100,100,0
"VilaAV_2018","Lachnospiraceae_unclassified",62,68,62,71.78,74.76,70.45,100,100,0
"VilaAV_2018","Phocaeicola",81,80,80,86.21,86.71,84.59,100,100,0
"VilaAV_2018","Mediterraneibacter",83,86,83,89.25,91.46,88.37,100,100,0
"VilaAV_2018","Fusicatenibacter",69,69,69,75.5,76.86,73.77,100,100,0
"VilaAV_2018","Dorea",79,82,79,86.06,87.24,84.67,100,100,0
"VilaAV_2018","Anaerostipes",81,82,81,86.89,88.56,85.81,100,100,0
"VilaAV_2018","Streptococcus",82,87,82,87.52,93.13,87.44,100,100,0
"VilaAV_2018","Coprococcus",66,65,65,73.99,75.61,72.05,100,100,0
"VilaAV_2018","Prevotella",15,15,15,22.2,24.69,20.73,68,91,9
"VilaAV_2018","Alistipes",59,64,59,69.52,74.14,67.98,100,100,0
"VilaAV_2018","Eubacterium",74,78,74,80.72,84.82,79.94,100,100,0
"VilaAV_2018","Anaerobutyricum",74,75,74,79.99,81.86,78.6,100,100,0
"VilaAV_2018","Akkermansia",22,24,22,30.69,33.95,29.21,100,100,0
"VilaAV_2018","Parabacteroides",64,69,64,72.71,76.21,71.2,100,100,0
"VilaAV_2018","Firmicutes_unclassified",53,63,53,63.57,69.34,62.97,100,100,0
"VilaAV_2018","Escherichia",27,34,27,34.87,43.06,34.62,100,100,0
"VilaAV_2018","Lactobacillus",20,28,20,28.59,35.64,28.28,100,100,0
"VilaAV_2018","Lachnospira",45,54,45,55.52,62.15,54.86,100,100,0
"VilaAV_2018","Clostridium",44,48,44,52.3,60.52,51.58,100,100,0
"VilaAV_2018","Barnesiella",38,42,38,48.25,51.43,46.86,100,100,0
"VilaAV_2018","Enterococcus",8,13,8,14.35,17.62,13.6,0,0,100
"VilaAV_2018","Agathobaculum",63,68,63,69.9,74.74,69.14,100,100,0
"VilaAV_2018","Acidaminococcus",5,5,5,9.52,11,8.47,0,0,100
"YachidaS_2019","Phocaeicola",94,94,94,96.91,97.46,96.2,100,100,0
"YachidaS_2019","Bacteroides",99,100,99,99.99,100,99.99,100,100,0
"YachidaS_2019","Prevotella",39,45,39,47.46,51.51,46.4,100,100,0
"YachidaS_2019","Parabacteroides",89,92,89,94.62,95.14,93.4,100,100,0
"YachidaS_2019","Faecalibacterium",83,83,83,88.21,89.62,86.97,100,100,0
"YachidaS_2019","Mediterraneibacter",84,91,84,90.95,95.4,90.83,100,100,0
"YachidaS_2019","Bifidobacterium",80,86,80,86.11,90.27,85.87,100,100,0
"YachidaS_2019","Lachnospira",58,55,55,64.79,65.71,62.66,100,100,0
"YachidaS_2019","Roseburia",79,81,79,84.42,87.02,83.41,100,100,0
"YachidaS_2019","Alistipes",72,77,72,78.18,83.65,77.64,100,100,0
"YachidaS_2019","Eubacterium",74,84,74,82.51,88.86,82.38,100,100,0
"YachidaS_2019","Lachnospiraceae_unclassified",50,54,50,58.49,62.66,57.35,100,100,0
"YachidaS_2019","Streptococcus",74,85,74,81.22,91.98,81.21,100,100,0
"YachidaS_2019","Ruminococcus",46,51,46,55.25,58.81,53.77,100,100,0
"YachidaS_2019","Collinsella",73,76,73,80.54,83.28,79.28,100,100,0
"YachidaS_2019","Klebsiella",13,17,13,19.79,23.32,19.08,47,78,22
"YachidaS_2019","Phascolarctobacterium",65,68,65,73.02,75.81,71.54,100,100,0
"YachidaS_2019","Escherichia",32,37,32,39.26,46.92,38.88,100,100,0
"YachidaS_2019","Fusicatenibacter",68,75,68,75.58,81.09,75.32,100,100,0
"YachidaS_2019","Blautia",80,92,80,87.1,95.71,87.1,100,100,0
"YachidaS_2019","Dorea",72,79,72,81.24,84.02,80.52,100,100,0
"YachidaS_2019","Ruminococcaceae_unclassified",43,55,43,51.96,63.4,51.88,100,100,0
"YachidaS_2019","Anaerostipes",63,76,63,74.12,82.8,73.97,100,100,0
"YachidaS_2019","Veillonella",34,48,34,44.36,56.07,44.31,100,100,0
"YachidaS_2019","Barnesiella",41,42,41,47.92,50,46.26,100,100,0
"YachidaS_2019","Coprococcus",55,60,55,62.66,67.17,61.7,100,100,0
"YachidaS_2019","Clostridium",56,69,56,63.98,76.57,63.97,100,100,0
"YachidaS_2019","Flavonifractor",71,85,71,80.47,91.7,80.47,100,100,0
"YachidaS_2019","Akkermansia",14,21,14,23.26,28.36,22.81,87,98,2
"YachidaS_2019","Megamonas",16,18,16,24.1,26.63,22.54,87,97,3
