"taxon","source_feature","direction","native_prevalence_spike_coefficient","structural_logit_absence_contrast","native_nonzero_absolute_logFC","null_baseline_conditional_mean_log_relative_contrast","abundance_raw_conditional_mean_log_relative_contrast","abundance_mapped_conditional_mean_log_relative_contrast","null_baseline_expected_detection_contrast_at_1500","abundance_raw_expected_detection_contrast_at_1500","abundance_expected_detection_contrast_at_1500","joint_raw_expected_detection_contrast_at_1500","joint_expected_detection_contrast_at_1500"
"Taxon_001","k__Bacteria|p__Bacteroidetes|c__Bacteroidia|o__Bacteroidales|f__Bacteroidaceae|g__Bacteroides|s__Bacteroides_massiliensis","positive",0.693147180559945,-0.693147180559945,0.693147180559945,-0.151522844765512,0.274749659912841,0.426272504678352,0.00919787453567605,0.0173328752968034,0.00813500076112739,0.119095459165827,0.109897584630151
"Taxon_002","k__Bacteria|p__Bacteroidetes|c__Bacteroidia|o__Bacteroidales|f__Bacteroidaceae|g__Bacteroides|s__Bacteroides_stercoris","positive",0.693147180559945,-0.693147180559945,0.693147180559945,0.0470925738841181,0.241449679221451,0.194357105337333,0.00471752640948098,0.0291774350949443,0.0244599086854633,0.138832162754219,0.134114636344738
"Taxon_003","k__Bacteria|p__Bacteroidetes|c__Bacteroidia|o__Bacteroidales|f__Bacteroidaceae|g__Bacteroides|s__Bacteroides_ovatus","positive",0.693147180559945,-0.693147180559945,0.693147180559945,-0.0652267886195057,0.151575601020931,0.216802389640437,-0.00694531008938759,0.0183956597847147,0.0253409698741023,0.0497676395455171,0.0567129496349047
"Taxon_004","k__Bacteria|p__Bacteroidetes|c__Bacteroidia|o__Bacteroidales|f__Rikenellaceae|g__Alistipes|s__Alistipes_putredinis","positive",0.693147180559945,-0.693147180559945,0.693147180559945,0.0173571758881552,0.181404016839807,0.164046840951652,0.00491562717003025,0.0164494294432566,0.0115338022732263,0.104960780864723,0.100045153694693
"Taxon_005","k__Bacteria|p__Bacteroidetes|c__Bacteroidia|o__Bacteroidales|f__Bacteroidaceae|g__Bacteroides|s__Bacteroides_caccae","positive",0.693147180559945,-0.693147180559945,0.693147180559945,0.000474157351415982,0.20693118968404,0.206457032332624,-0.00303646891835108,0.0246878698528533,0.0277243387712044,0.140180408083034,0.143216877001385
"Taxon_006","k__Bacteria|p__Bacteroidetes|c__Bacteroidia|o__Bacteroidales|f__Bacteroidaceae|g__Bacteroides|s__Bacteroides_vulgatus","positive",0.693147180559945,-0.693147180559945,0.693147180559945,-0.0281763759837306,0.174361084329953,0.202537460313684,0.0101572884255523,0.0138219964095004,0.00366470798394813,0.0617611155078639,0.0516038270823116
"Taxon_007","k__Bacteria|p__Bacteroidetes|c__Bacteroidia|o__Bacteroidales|f__Bacteroidaceae|g__Bacteroides|s__Bacteroides_dorei","positive",0.693147180559945,-0.693147180559945,0.693147180559945,0.00154825410298187,0.375918746480501,0.374370492377519,0.00200954129083297,0.0423322971689106,0.0403227558780777,0.105857422946212,0.103847881655379
"Taxon_008","k__Bacteria|p__Bacteroidetes|c__Bacteroidia|o__Bacteroidales|f__Bacteroidaceae|g__Bacteroides|s__Bacteroides_uniformis","positive",0.693147180559945,-0.693147180559945,0.693147180559945,-0.00729225154079671,0.157967002448877,0.165259253989674,0.00226437850222694,0.0197235097951863,0.0174591312929594,0.0460621299718025,0.0437977514695755
"Taxon_009","k__Bacteria|p__Bacteroidetes|c__Bacteroidia|o__Bacteroidales|f__Porphyromonadaceae|g__Parabacteroides|s__Parabacteroides_merdae","positive",0.693147180559945,-0.693147180559945,0.693147180559945,-0.0350811504498694,0.139914126238542,0.174995276688412,-0.00323648524989006,0.0144466590805135,0.0176831443304035,0.127106548247254,0.130343033497144
"Taxon_010","k__Bacteria|p__Firmicutes|c__Clostridia|o__Clostridiales|f__Ruminococcaceae|g__Ruminococcus|s__Ruminococcus_bromii","positive",0.693147180559945,-0.693147180559945,0.693147180559945,-0.073589136341055,0.284995170380847,0.358584306721902,-0.00364782222638105,0.0312347495988351,0.0348825718252161,0.150873986244536,0.154521808470917
"Taxon_011","k__Bacteria|p__Bacteroidetes|c__Bacteroidia|o__Bacteroidales|f__Porphyromonadaceae|g__Barnesiella|s__Barnesiella_intestinihominis","positive",0.693147180559945,-0.693147180559945,0.693147180559945,-0.00843320659562785,0.286326678623857,0.294759885219484,0.00241862825880867,0.0152079320258944,0.0127893037670858,0.147009465218383,0.144590836959575
"Taxon_012","k__Bacteria|p__Bacteroidetes|c__Bacteroidia|o__Bacteroidales|f__Porphyromonadaceae|g__Parabacteroides|s__Parabacteroides_distasonis","positive",0.693147180559945,-0.693147180559945,0.693147180559945,-0.0079103546371595,0.345557953477645,0.353468308114804,0.00497449700001379,0.034411459880557,0.0294369628805433,0.125463734269026,0.120489237269013
"Taxon_013","k__Bacteria|p__Firmicutes|c__Negativicutes|o__Selenomonadales|f__Veillonellaceae|g__Dialister|s__Dialister_invisus","positive",0.693147180559945,-0.693147180559945,0.693147180559945,-0.00948796047191358,0.220769768060521,0.230257728532434,-0.00388651544346413,0.0200915474627415,0.0239780629062056,0.14663193555492,0.150518450998384
"Taxon_014","k__Bacteria|p__Proteobacteria|c__Betaproteobacteria|o__Burkholderiales|f__Sutterellaceae|g__Sutterella|s__Sutterella_wadsworthensis","positive",0.693147180559945,-0.693147180559945,0.693147180559945,-0.0211335854303005,0.266388131509495,0.287521716939795,-0.000539682155594717,0.00989212394070976,0.0104318060963045,0.136411107854986,0.136950790010581
"Taxon_015","k__Bacteria|p__Bacteroidetes|c__Bacteroidia|o__Bacteroidales|f__Rikenellaceae|g__Alistipes|s__Alistipes_shahii","positive",0.693147180559945,-0.693147180559945,0.693147180559945,-0.0585695822003265,0.186756333992621,0.245325916192948,-0.00482392180860969,0.0228323978106825,0.0276563196192922,0.106248653883927,0.111072575692536
"Taxon_016","k__Bacteria|p__Bacteroidetes|c__Bacteroidia|o__Bacteroidales|f__Bacteroidaceae|g__Bacteroides|s__Bacteroides_thetaiotaomicron","positive",0.693147180559945,-0.693147180559945,0.693147180559945,0.0589100031236329,0.318889836575933,0.2599798334523,0.00340534839809659,0.0337788535726693,0.0303735051745727,0.11393770046968,0.110532352071583
"Taxon_017","k__Bacteria|p__Firmicutes|c__Clostridia|o__Clostridiales|f__Eubacteriaceae|g__Eubacterium|s__Eubacterium_rectale","positive",0.693147180559945,-0.693147180559945,0.693147180559945,0.00419757087761852,0.186279119669603,0.182081548791984,-0.000619554718563342,0.0172689253258227,0.017888480044386,0.043843472390388,0.0444630271089513
"Taxon_018","k__Bacteria|p__Bacteroidetes|c__Bacteroidia|o__Bacteroidales|f__Bacteroidaceae|g__Bacteroides|s__Bacteroides_cellulosilyticus","positive",0.693147180559945,-0.693147180559945,0.693147180559945,-0.106037580490661,0.227584493318092,0.333622073808753,-0.00238960033086399,0.0263083220441742,0.0286979223750382,0.157359084302276,0.15974868463314
"Taxon_019","k__Bacteria|p__Verrucomicrobia|c__Verrucomicrobiae|o__Verrucomicrobiales|f__Verrucomicrobiaceae|g__Akkermansia|s__Akkermansia_muciniphila","positive",0.693147180559945,-0.693147180559945,0.693147180559945,0.02690995286894,0.338217480158264,0.311307527289324,-0.0044711129514069,0.0412569512210625,0.0457280641724694,0.150559418780673,0.15503053173208
"Taxon_020","k__Bacteria|p__Bacteroidetes|c__Bacteroidia|o__Bacteroidales|f__Rikenellaceae|g__Alistipes|s__Alistipes_onderdonkii","positive",0.693147180559945,-0.693147180559945,0.693147180559945,-0.0117071311870376,0.249865347700672,0.261572478887709,0.00250115796430683,0.0227540941343856,0.0202529361700787,0.10492464751003,0.102423489545723
"Taxon_021","k__Bacteria|p__Bacteroidetes|c__Bacteroidia|o__Bacteroidales|f__Bacteroidaceae|g__Bacteroides|s__Bacteroides_fragilis","positive",0.693147180559945,-0.693147180559945,0.693147180559945,-0.0306331822256256,0.298550810129568,0.329183992355193,-0.0102548965823437,0.0271645149728949,0.0374194115552386,0.13868916955627,0.148944066138613
"Taxon_022","k__Bacteria|p__Bacteroidetes|c__Bacteroidia|o__Bacteroidales|f__Porphyromonadaceae|g__Parabacteroides|s__Parabacteroides_unclassified","positive",0.693147180559945,-0.693147180559945,0.693147180559945,-0.0060640061725854,0.289206817574366,0.295270823746951,-0.00973787362986389,0.0153795269944686,0.0251174006243325,0.130304087032566,0.14004196066243
"Taxon_023","k__Bacteria|p__Bacteroidetes|c__Bacteroidia|o__Bacteroidales|f__Bacteroidales_noname|g__Bacteroidales_noname|s__Bacteroidales_bacterium_ph8","positive",0.693147180559945,-0.693147180559945,0.693147180559945,0.0154615308317378,0.263238420806116,0.247776889974379,-0.00494228575739669,0.0346438926490479,0.0395861784064446,0.160022730420459,0.164965016177855
"Taxon_024","k__Bacteria|p__Bacteroidetes|c__Bacteroidia|o__Bacteroidales|f__Bacteroidaceae|g__Bacteroides|s__Bacteroides_xylanisolvens","positive",0.693147180559945,-0.693147180559945,0.693147180559945,-0.047054667664808,0.37453010171606,0.421584769380869,-0.0149221960333839,0.0453275107135327,0.0602497067469167,0.111165198838706,0.126087394872089
"Taxon_025","k__Bacteria|p__Firmicutes|c__Clostridia|o__Clostridiales|f__Eubacteriaceae|g__Eubacterium|s__Eubacterium_siraeum","positive",0.693147180559945,-0.693147180559945,0.693147180559945,-0.049323427779373,0.42374365310416,0.473067080883533,0.00148201257906633,0.0408077045870578,0.0393256920079915,0.13463065872681,0.133148646147743
"Taxon_026","k__Bacteria|p__Bacteroidetes|c__Bacteroidia|o__Bacteroidales|f__Porphyromonadaceae|g__Odoribacter|s__Odoribacter_splanchnicus","positive",0.693147180559945,-0.693147180559945,0.693147180559945,-0.021789262363531,0.159112725488956,0.180901987852487,-0.00434064657691879,0.00928840511926032,0.0136290516961791,0.123931269618837,0.128271916195756
"Taxon_027","k__Bacteria|p__Firmicutes|c__Clostridia|o__Clostridiales|f__Lachnospiraceae|g__Roseburia|s__Roseburia_intestinalis","positive",0.693147180559945,-0.693147180559945,0.693147180559945,-0.0318112477077497,0.349627476645182,0.381438724352932,-0.00647685104034623,0.0459302765574489,0.0524071275977951,0.120385411946026,0.126862262986372
"Taxon_028","k__Bacteria|p__Firmicutes|c__Clostridia|o__Clostridiales|f__Eubacteriaceae|g__Eubacterium|s__Eubacterium_eligens","positive",0.693147180559945,-0.693147180559945,0.693147180559945,-0.014504131180515,0.377020515494523,0.391524646675038,0.00348122118875638,0.0456464465476875,0.0421652253589311,0.119069622288098,0.115588401099341
"Taxon_029","k__Bacteria|p__Bacteroidetes|c__Bacteroidia|o__Bacteroidales|f__Rikenellaceae|g__Alistipes|s__Alistipes_finegoldii","positive",0.693147180559945,-0.693147180559945,0.693147180559945,-0.0402495978579154,0.340580907886224,0.380830505744139,-0.000809087567946176,0.0528216710605837,0.0536307586285298,0.13644154891757,0.137250636485516
"Taxon_030","k__Bacteria|p__Firmicutes|c__Clostridia|o__Clostridiales|f__Lachnospiraceae|g__Roseburia|s__Roseburia_inulinivorans","positive",0.693147180559945,-0.693147180559945,0.693147180559945,-0.0704990655403614,0.35921019324615,0.429709258786511,-0.0114161112168878,0.0564545796509492,0.067870690867837,0.112275891362617,0.123692002579505
"Taxon_031","k__Bacteria|p__Actinobacteria|c__Actinobacteria|o__Bifidobacteriales|f__Bifidobacteriaceae|g__Bifidobacterium|s__Bifidobacterium_adolescentis","positive",0.693147180559945,-0.693147180559945,0.693147180559945,0.0323653330224518,0.441810521136998,0.409445188114546,0.000719563898801456,0.0408680251290047,0.0401484612302032,0.143634870359863,0.142915306461061
"Taxon_032","k__Bacteria|p__Actinobacteria|c__Actinobacteria|o__Coriobacteriales|f__Coriobacteriaceae|g__Collinsella|s__Collinsella_aerofaciens","positive",0.693147180559945,-0.693147180559945,0.693147180559945,-0.00169890898805036,0.398325003715557,0.400023912703607,0.00257174949504346,0.0596669398360077,0.0570951903409642,0.136018390959477,0.133446641464434
"Taxon_033","k__Bacteria|p__Firmicutes|c__Clostridia|o__Clostridiales|f__Eubacteriaceae|g__Eubacterium|s__Eubacterium_ventriosum","positive",0.693147180559945,-0.693147180559945,0.693147180559945,-0.0154192174986978,0.42662394810446,0.442043165603158,-0.00191299672987955,0.0464740223908311,0.0483870191207106,0.127361529195534,0.129274525925414
"Taxon_034","k__Bacteria|p__Bacteroidetes|c__Bacteroidia|o__Bacteroidales|f__Rikenellaceae|g__Alistipes|s__Alistipes_indistinctus","positive",0.693147180559945,-0.693147180559945,0.693147180559945,0.0209978842206002,0.422448714289308,0.401450830068708,0.00871623553294903,0.03988924953233,0.0311730139993809,0.148485618799546,0.139769383266597
"Taxon_035","k__Bacteria|p__Actinobacteria|c__Actinobacteria|o__Bifidobacteriales|f__Bifidobacteriaceae|g__Bifidobacterium|s__Bifidobacterium_longum","positive",0.693147180559945,-0.693147180559945,0.693147180559945,-0.00360931260336894,0.414576083080121,0.41818539568349,0.000858997638208181,0.0502223746966874,0.0493633770584793,0.139685094557096,0.138826096918888
"Taxon_036","k__Bacteria|p__Firmicutes|c__Clostridia|o__Clostridiales|f__Ruminococcaceae|g__Ruminococcus|s__Ruminococcus_lactaris","positive",0.693147180559945,-0.693147180559945,0.693147180559945,-0.0272211089275123,0.390574926410571,0.417796035338084,-0.00539759289852168,0.0276953539557132,0.0330929468542349,0.139239979289169,0.144637572187691
"Taxon_037","k__Bacteria|p__Proteobacteria|c__Betaproteobacteria|o__Burkholderiales|f__Burkholderiales_noname|g__Burkholderiales_noname|s__Burkholderiales_bacterium_1_1_47","positive",0.693147180559945,-0.693147180559945,0.693147180559945,0.0326297072274553,0.472933754440426,0.440304047212971,0.00230291447505501,0.0448107967529462,0.0425078822778912,0.120646668323056,0.118343753848001
"Taxon_038","k__Bacteria|p__Firmicutes|c__Clostridia|o__Clostridiales|f__Lachnospiraceae|g__Roseburia|s__Roseburia_hominis","positive",0.693147180559945,-0.693147180559945,0.693147180559945,0.00139344182134771,0.471432810584207,0.470039368762859,0.00314665641628065,0.0659773525627619,0.0628306961464812,0.124735659336602,0.121589002920322
"Taxon_039","k__Bacteria|p__Firmicutes|c__Clostridia|o__Clostridiales|f__Ruminococcaceae|g__Subdoligranulum|s__Subdoligranulum_sp_4_3_54A2FAA","positive",0.693147180559945,-0.693147180559945,0.693147180559945,0.0633036378266443,0.342886940757135,0.279583302930491,0.0039288912709346,0.0258282957814957,0.0218994045105611,0.144083360242486,0.140154468971551
"Taxon_040","k__Bacteria|p__Bacteroidetes|c__Bacteroidia|o__Bacteroidales|f__Rikenellaceae|g__Alistipes|s__Alistipes_sp_AP11","positive",0.693147180559945,-0.693147180559945,0.693147180559945,0.0140384690318678,0.23408097045527,0.220042501423402,0.00208170530431598,0.0144537599674391,0.0123720546631232,0.144750382276251,0.142668676971935
"Taxon_041","k__Bacteria|p__Firmicutes|c__Clostridia|o__Clostridiales|f__Lachnospiraceae|g__Dorea|s__Dorea_formicigenerans","positive",0.693147180559945,-0.693147180559945,0.693147180559945,-0.0469281140082076,0.44909353749664,0.496021651504848,-0.00935831267172815,0.0827892839849814,0.0921475966567096,0.111611020044138,0.120969332715866
"Taxon_042","k__Bacteria|p__Firmicutes|c__Clostridia|o__Clostridiales|f__Lachnospiraceae|g__Lachnospiraceae_noname|s__Lachnospiraceae_bacterium_3_1_46FAA","positive",0.693147180559945,-0.693147180559945,0.693147180559945,-0.00417119027583723,0.481934757272674,0.486105947548511,0.00280335945229027,0.0641398882842958,0.0613365288320056,0.117322242929969,0.114518883477678
"Taxon_043","k__Bacteria|p__Firmicutes|c__Clostridia|o__Clostridiales|f__Lachnospiraceae|g__Blautia|s__Ruminococcus_gnavus","positive",0.693147180559945,-0.693147180559945,0.693147180559945,0.0467359721707972,0.515848411194336,0.469112439023538,0.00573976939327814,0.0520534435540492,0.0463136741607711,0.120784803578478,0.1150450341852
"Taxon_044","k__Bacteria|p__Firmicutes|c__Clostridia|o__Clostridiales|f__Ruminococcaceae|g__Ruminococcus|s__Ruminococcus_sp_5_1_39BFAA","positive",0.693147180559945,-0.693147180559945,0.693147180559945,-0.0686580682506284,0.288134833518134,0.356792901768762,-0.00691281067817379,0.0244568023815078,0.0313696130596816,0.153350603137889,0.160263413816063
"Taxon_045","k__Bacteria|p__Firmicutes|c__Clostridia|o__Clostridiales|f__Lachnospiraceae|g__Coprococcus|s__Coprococcus_comes","positive",0.693147180559945,-0.693147180559945,0.693147180559945,-0.0203752398009867,0.426526591574087,0.446901831375073,-0.00235659060359411,0.070464197791434,0.0728207883950281,0.13499426267898,0.137350853282575
"Taxon_046","k__Bacteria|p__Firmicutes|c__Clostridia|o__Clostridiales|f__Clostridiaceae|g__Clostridium|s__Clostridium_leptum","positive",0.693147180559945,-0.693147180559945,0.693147180559945,-0.0272210082594206,0.495397479609382,0.522618487868803,-0.00039689620972494,0.0746048446643582,0.0750017408740831,0.115929895673768,0.116326791883493
"Taxon_047","k__Bacteria|p__Firmicutes|c__Clostridia|o__Clostridiales|f__Lachnospiraceae|g__Dorea|s__Dorea_longicatena","positive",0.693147180559945,-0.693147180559945,0.693147180559945,-0.0141375925872556,0.452580090697611,0.466717683284867,0.000936694232729407,0.0698618356953005,0.0689251414625711,0.130176797315803,0.129240103083074
"Taxon_048","k__Bacteria|p__Proteobacteria|c__Gammaproteobacteria|o__Pasteurellales|f__Pasteurellaceae|g__Haemophilus|s__Haemophilus_parainfluenzae","positive",0.693147180559945,-0.693147180559945,0.693147180559945,0.00372401005859935,0.499424527410307,0.495700517351708,0.00258976427161334,0.0539581803634567,0.0513684160918433,0.107181243699768,0.104591479428155
"Taxon_049","k__Bacteria|p__Firmicutes|c__Clostridia|o__Clostridiales|f__Lachnospiraceae|g__Blautia|s__Ruminococcus_obeum","positive",0.693147180559945,-0.693147180559945,0.693147180559945,0.00756562100115943,0.493369663628394,0.485804042627235,-0.0011371524307906,0.0868209299904565,0.0879580824212471,0.1051928641806,0.106330016611391
"Taxon_050","k__Bacteria|p__Proteobacteria|c__Deltaproteobacteria|o__Desulfovibrionales|f__Desulfovibrionaceae|g__Bilophila|s__Bilophila_unclassified","positive",0.693147180559945,-0.693147180559945,0.693147180559945,-0.0472788999186928,0.474745933509948,0.522024833428641,-0.00441155017470973,0.0658176203878186,0.0702291705625284,0.123242912576133,0.127654462750843
"Taxon_001","k__Bacteria|p__Bacteroidetes|c__Bacteroidia|o__Bacteroidales|f__Bacteroidaceae|g__Bacteroides|s__Bacteroides_massiliensis","negative",-0.693147180559945,0.693147180559945,-0.693147180559945,-0.151522844765512,-0.427229481699826,-0.275706636934315,0.00919787453567605,-0.023543158421349,-0.032741032957025,-0.110742785314356,-0.119940659850032
"Taxon_002","k__Bacteria|p__Bacteroidetes|c__Bacteroidia|o__Bacteroidales|f__Bacteroidaceae|g__Bacteroides|s__Bacteroides_stercoris","negative",-0.693147180559945,0.693147180559945,-0.693147180559945,0.0470925738841181,-0.28832577082482,-0.335418344708938,0.00471752640948098,-0.0207879109112218,-0.0255054373207028,-0.144402763500943,-0.149120289910424
"Taxon_003","k__Bacteria|p__Bacteroidetes|c__Bacteroidia|o__Bacteroidales|f__Bacteroidaceae|g__Bacteroides|s__Bacteroides_ovatus","negative",-0.693147180559945,0.693147180559945,-0.693147180559945,-0.0652267886195057,-0.33596910954448,-0.270742320924974,-0.00694531008938759,-0.0404564962856813,-0.0335111861962937,-0.0680591933577632,-0.0611138832683756
"Taxon_004","k__Bacteria|p__Bacteroidetes|c__Bacteroidia|o__Bacteroidales|f__Rikenellaceae|g__Alistipes|s__Alistipes_putredinis","negative",-0.693147180559945,0.693147180559945,-0.693147180559945,0.0173571758881552,-0.142005993328812,-0.159363169216967,0.00491562717003025,-0.00960045629836204,-0.0145160834683923,-0.126238226244879,-0.131153853414909
"Taxon_005","k__Bacteria|p__Bacteroidetes|c__Bacteroidia|o__Bacteroidales|f__Bacteroidaceae|g__Bacteroides|s__Bacteroides_caccae","negative",-0.693147180559945,0.693147180559945,-0.693147180559945,0.000474157351415982,-0.269573654702961,-0.270047812054377,-0.00303646891835108,-0.0194059181222828,-0.0163694492039317,-0.159215827915203,-0.156179358996852
"Taxon_006","k__Bacteria|p__Bacteroidetes|c__Bacteroidia|o__Bacteroidales|f__Bacteroidaceae|g__Bacteroides|s__Bacteroides_vulgatus","negative",-0.693147180559945,0.693147180559945,-0.693147180559945,-0.0281763759837306,-0.206348358819509,-0.178171982835778,0.0101572884255523,-0.0229514904342772,-0.0331087788598295,-0.0800962110887291,-0.0902534995142814
"Taxon_007","k__Bacteria|p__Bacteroidetes|c__Bacteroidia|o__Bacteroidales|f__Bacteroidaceae|g__Bacteroides|s__Bacteroides_dorei","negative",-0.693147180559945,0.693147180559945,-0.693147180559945,0.00154825410298187,-0.346995521353761,-0.348543775456743,0.00200954129083297,-0.0419598814374115,-0.0439694227282445,-0.133285390045909,-0.135294931336742
"Taxon_008","k__Bacteria|p__Bacteroidetes|c__Bacteroidia|o__Bacteroidales|f__Bacteroidaceae|g__Bacteroides|s__Bacteroides_uniformis","negative",-0.693147180559945,0.693147180559945,-0.693147180559945,-0.00729225154079671,-0.157393706871915,-0.150101455331118,0.00226437850222694,-0.0044937035194148,-0.00675808202164174,-0.0776413791128934,-0.0799057576151203
"Taxon_009","k__Bacteria|p__Bacteroidetes|c__Bacteroidia|o__Bacteroidales|f__Porphyromonadaceae|g__Parabacteroides|s__Parabacteroides_merdae","negative",-0.693147180559945,0.693147180559945,-0.693147180559945,-0.0350811504498694,-0.276704755036546,-0.241623604586676,-0.00323648524989006,-0.0247747319310112,-0.0215382466811211,-0.156704857571521,-0.153468372321631
"Taxon_010","k__Bacteria|p__Firmicutes|c__Clostridia|o__Clostridiales|f__Ruminococcaceae|g__Ruminococcus|s__Ruminococcus_bromii","negative",-0.693147180559945,0.693147180559945,-0.693147180559945,-0.073589136341055,-0.380048305418102,-0.306459169077047,-0.00364782222638105,-0.0302721042632939,-0.0266242820369129,-0.132564416752766,-0.128916594526384
"Taxon_011","k__Bacteria|p__Bacteroidetes|c__Bacteroidia|o__Bacteroidales|f__Porphyromonadaceae|g__Barnesiella|s__Barnesiella_intestinihominis","negative",-0.693147180559945,0.693147180559945,-0.693147180559945,-0.00843320659562785,-0.246981848698337,-0.238548642102709,0.00241862825880867,-0.0243406559180965,-0.0267592841769052,-0.135932551377112,-0.138351179635921
"Taxon_012","k__Bacteria|p__Bacteroidetes|c__Bacteroidia|o__Bacteroidales|f__Porphyromonadaceae|g__Parabacteroides|s__Parabacteroides_distasonis","negative",-0.693147180559945,0.693147180559945,-0.693147180559945,-0.0079103546371595,-0.326030123688554,-0.318119769051394,0.00497449700001379,-0.037172320715157,-0.0421468177151708,-0.153531796965441,-0.158506293965455
"Taxon_013","k__Bacteria|p__Firmicutes|c__Negativicutes|o__Selenomonadales|f__Veillonellaceae|g__Dialister|s__Dialister_invisus","negative",-0.693147180559945,0.693147180559945,-0.693147180559945,-0.00948796047191358,-0.354762862307812,-0.345274901835898,-0.00388651544346413,-0.028465538960217,-0.0245790235167529,-0.146935690752981,-0.143049175309517
"Taxon_014","k__Bacteria|p__Proteobacteria|c__Betaproteobacteria|o__Burkholderiales|f__Sutterellaceae|g__Sutterella|s__Sutterella_wadsworthensis","negative",-0.693147180559945,0.693147180559945,-0.693147180559945,-0.0211335854303005,-0.443953227477024,-0.422819642046724,-0.000539682155594717,-0.0350365147567772,-0.0344968326011824,-0.0956238646819616,-0.0950841825263669
"Taxon_015","k__Bacteria|p__Bacteroidetes|c__Bacteroidia|o__Bacteroidales|f__Rikenellaceae|g__Alistipes|s__Alistipes_shahii","negative",-0.693147180559945,0.693147180559945,-0.693147180559945,-0.0585695822003265,-0.297452333156998,-0.238882750956671,-0.00482392180860969,-0.0313133243269689,-0.0264894025183592,-0.155430151863167,-0.150606230054557
"Taxon_016","k__Bacteria|p__Bacteroidetes|c__Bacteroidia|o__Bacteroidales|f__Bacteroidaceae|g__Bacteroides|s__Bacteroides_thetaiotaomicron","negative",-0.693147180559945,0.693147180559945,-0.693147180559945,0.0589100031236329,-0.252500326558704,-0.311410329682337,0.00340534839809659,-0.0352551659897973,-0.0386605143878939,-0.147174617281391,-0.150579965679487
"Taxon_017","k__Bacteria|p__Firmicutes|c__Clostridia|o__Clostridiales|f__Eubacteriaceae|g__Eubacterium|s__Eubacterium_rectale","negative",-0.693147180559945,0.693147180559945,-0.693147180559945,0.00419757087761852,-0.25793514136734,-0.262132712244958,-0.000619554718563342,-0.0330129413192234,-0.03239338660066,-0.0858863357552759,-0.0852667810367126
"Taxon_018","k__Bacteria|p__Bacteroidetes|c__Bacteroidia|o__Bacteroidales|f__Bacteroidaceae|g__Bacteroides|s__Bacteroides_cellulosilyticus","negative",-0.693147180559945,0.693147180559945,-0.693147180559945,-0.106037580490661,-0.431238140600141,-0.32520056010948,-0.00238960033086399,-0.0343342377223408,-0.0319446373914768,-0.141299070800944,-0.13890947047008
"Taxon_019","k__Bacteria|p__Verrucomicrobia|c__Verrucomicrobiae|o__Verrucomicrobiales|f__Verrucomicrobiaceae|g__Akkermansia|s__Akkermansia_muciniphila","negative",-0.693147180559945,0.693147180559945,-0.693147180559945,0.02690995286894,-0.398567899763237,-0.425477852632177,-0.0044711129514069,-0.029108706379496,-0.0246375934280891,-0.13774361722044,-0.133272504269033
"Taxon_020","k__Bacteria|p__Bacteroidetes|c__Bacteroidia|o__Bacteroidales|f__Rikenellaceae|g__Alistipes|s__Alistipes_onderdonkii","negative",-0.693147180559945,0.693147180559945,-0.693147180559945,-0.0117071311870376,-0.339964101834829,-0.328256970647791,0.00250115796430683,-0.0486118740162258,-0.0511130319805326,-0.160736584141715,-0.163237742106021
"Taxon_021","k__Bacteria|p__Bacteroidetes|c__Bacteroidia|o__Bacteroidales|f__Bacteroidaceae|g__Bacteroides|s__Bacteroides_fragilis","negative",-0.693147180559945,0.693147180559945,-0.693147180559945,-0.0306331822256256,-0.403483512201317,-0.372850329975692,-0.0102548965823437,-0.0435458182379643,-0.0332909216556206,-0.141690078854848,-0.131435182272504
"Taxon_022","k__Bacteria|p__Bacteroidetes|c__Bacteroidia|o__Bacteroidales|f__Porphyromonadaceae|g__Parabacteroides|s__Parabacteroides_unclassified","negative",-0.693147180559945,0.693147180559945,-0.693147180559945,-0.0060640061725854,-0.339558505329853,-0.333494499157267,-0.00973787362986389,-0.0175064498316392,-0.00776857620177535,-0.0930323183629143,-0.0832944447330504
"Taxon_023","k__Bacteria|p__Bacteroidetes|c__Bacteroidia|o__Bacteroidales|f__Bacteroidales_noname|g__Bacteroidales_noname|s__Bacteroidales_bacterium_ph8","negative",-0.693147180559945,0.693147180559945,-0.693147180559945,0.0154615308317378,-0.398612361763057,-0.414073892594795,-0.00494228575739669,-0.0332443108132306,-0.0283020250558339,-0.154112749396556,-0.149170463639159
"Taxon_024","k__Bacteria|p__Bacteroidetes|c__Bacteroidia|o__Bacteroidales|f__Bacteroidaceae|g__Bacteroides|s__Bacteroides_xylanisolvens","negative",-0.693147180559945,0.693147180559945,-0.693147180559945,-0.047054667664808,-0.415337380355982,-0.368282712691174,-0.0149221960333839,-0.0577179661946665,-0.0427957701612826,-0.141391143055824,-0.12646894702244
"Taxon_025","k__Bacteria|p__Firmicutes|c__Clostridia|o__Clostridiales|f__Eubacteriaceae|g__Eubacterium|s__Eubacterium_siraeum","negative",-0.693147180559945,0.693147180559945,-0.693147180559945,-0.049323427779373,-0.397092186507449,-0.347768758728076,0.00148201257906633,-0.036431744945807,-0.0379137575248733,-0.124659793338587,-0.126141805917653
"Taxon_026","k__Bacteria|p__Bacteroidetes|c__Bacteroidia|o__Bacteroidales|f__Porphyromonadaceae|g__Odoribacter|s__Odoribacter_splanchnicus","negative",-0.693147180559945,0.693147180559945,-0.693147180559945,-0.021789262363531,-0.284293669174014,-0.262504406810483,-0.00434064657691879,-0.033181288797801,-0.0288406422208822,-0.168595042778748,-0.16425439620183
"Taxon_027","k__Bacteria|p__Firmicutes|c__Clostridia|o__Clostridiales|f__Lachnospiraceae|g__Roseburia|s__Roseburia_intestinalis","negative",-0.693147180559945,0.693147180559945,-0.693147180559945,-0.0318112477077497,-0.445917787230305,-0.414106539522555,-0.00647685104034623,-0.0648530817558377,-0.0583762307154915,-0.146879200102873,-0.140402349062526
"Taxon_028","k__Bacteria|p__Firmicutes|c__Clostridia|o__Clostridiales|f__Eubacteriaceae|g__Eubacterium|s__Eubacterium_eligens","negative",-0.693147180559945,0.693147180559945,-0.693147180559945,-0.014504131180515,-0.400408020189781,-0.385903889009266,0.00348122118875638,-0.0660091437991048,-0.0694903649878612,-0.152516489775425,-0.155997710964181
"Taxon_029","k__Bacteria|p__Bacteroidetes|c__Bacteroidia|o__Bacteroidales|f__Rikenellaceae|g__Alistipes|s__Alistipes_finegoldii","negative",-0.693147180559945,0.693147180559945,-0.693147180559945,-0.0402495978579154,-0.409735732450951,-0.369486134593036,-0.000809087567946176,-0.0526633741358087,-0.0518542865678626,-0.148520751853755,-0.147711664285809
"Taxon_030","k__Bacteria|p__Firmicutes|c__Clostridia|o__Clostridiales|f__Lachnospiraceae|g__Roseburia|s__Roseburia_inulinivorans","negative",-0.693147180559945,0.693147180559945,-0.693147180559945,-0.0704990655403614,-0.523463754261242,-0.452964688720881,-0.0114161112168878,-0.0808411532052115,-0.0694250419883236,-0.132609129551831,-0.121193018334943
"Taxon_031","k__Bacteria|p__Actinobacteria|c__Actinobacteria|o__Bifidobacteriales|f__Bifidobacteriaceae|g__Bifidobacterium|s__Bifidobacterium_adolescentis","negative",-0.693147180559945,0.693147180559945,-0.693147180559945,0.0323653330224518,-0.405264704929597,-0.437630037952049,0.000719563898801456,-0.0390982069203846,-0.0398177708191861,-0.124539396035759,-0.125258959934561
"Taxon_032","k__Bacteria|p__Actinobacteria|c__Actinobacteria|o__Coriobacteriales|f__Coriobacteriaceae|g__Collinsella|s__Collinsella_aerofaciens","negative",-0.693147180559945,0.693147180559945,-0.693147180559945,-0.00169890898805036,-0.51028863144605,-0.508589722458,0.00257174949504346,-0.0742963935374357,-0.0768681430324791,-0.139659005437398,-0.142230754932441
"Taxon_033","k__Bacteria|p__Firmicutes|c__Clostridia|o__Clostridiales|f__Eubacteriaceae|g__Eubacterium|s__Eubacterium_ventriosum","negative",-0.693147180559945,0.693147180559945,-0.693147180559945,-0.0154192174986978,-0.544567055937485,-0.529147838438787,-0.00191299672987955,-0.0617169304277712,-0.0598039336978917,-0.126213961882632,-0.124300965152752
"Taxon_034","k__Bacteria|p__Bacteroidetes|c__Bacteroidia|o__Bacteroidales|f__Rikenellaceae|g__Alistipes|s__Alistipes_indistinctus","negative",-0.693147180559945,0.693147180559945,-0.693147180559945,0.0209978842206002,-0.487507125266181,-0.508505009486782,0.00871623553294903,-0.0480269522792907,-0.0567431878122397,-0.118684557541408,-0.127400793074357
"Taxon_035","k__Bacteria|p__Actinobacteria|c__Actinobacteria|o__Bifidobacteriales|f__Bifidobacteriaceae|g__Bifidobacterium|s__Bifidobacterium_longum","negative",-0.693147180559945,0.693147180559945,-0.693147180559945,-0.00360931260336894,-0.542533008001538,-0.538923695398169,0.000858997638208181,-0.0641544870332132,-0.0650134846714214,-0.122010250503528,-0.122869248141736
"Taxon_036","k__Bacteria|p__Firmicutes|c__Clostridia|o__Clostridiales|f__Ruminococcaceae|g__Ruminococcus|s__Ruminococcus_lactaris","negative",-0.693147180559945,0.693147180559945,-0.693147180559945,-0.0272211089275123,-0.525086777801719,-0.497865668874207,-0.00539759289852168,-0.0498089871229066,-0.044411394224385,-0.105586806869717,-0.100189213971196
"Taxon_037","k__Bacteria|p__Proteobacteria|c__Betaproteobacteria|o__Burkholderiales|f__Burkholderiales_noname|g__Burkholderiales_noname|s__Burkholderiales_bacterium_1_1_47","negative",-0.693147180559945,0.693147180559945,-0.693147180559945,0.0326297072274553,-0.58301920252419,-0.615648909751645,0.00230291447505501,-0.0533445819707656,-0.0556474964458206,-0.10414828011715,-0.106451194592205
"Taxon_038","k__Bacteria|p__Firmicutes|c__Clostridia|o__Clostridiales|f__Lachnospiraceae|g__Roseburia|s__Roseburia_hominis","negative",-0.693147180559945,0.693147180559945,-0.693147180559945,0.00139344182134771,-0.530706698926933,-0.53210014074828,0.00314665641628065,-0.0790623231762208,-0.0822089795925015,-0.122143514980772,-0.125290171397053
"Taxon_039","k__Bacteria|p__Firmicutes|c__Clostridia|o__Clostridiales|f__Ruminococcaceae|g__Subdoligranulum|s__Subdoligranulum_sp_4_3_54A2FAA","negative",-0.693147180559945,0.693147180559945,-0.693147180559945,0.0633036378266443,-0.359111242129886,-0.422414879956531,0.0039288912709346,-0.026857024250868,-0.0307859155218026,-0.118329638394348,-0.122258529665282
"Taxon_040","k__Bacteria|p__Bacteroidetes|c__Bacteroidia|o__Bacteroidales|f__Rikenellaceae|g__Alistipes|s__Alistipes_sp_AP11","negative",-0.693147180559945,0.693147180559945,-0.693147180559945,0.0140384690318678,-0.409466274151701,-0.423504743183569,0.00208170530431598,-0.0272473164396717,-0.0293290217439877,-0.0995670995470814,-0.101648804851397
"Taxon_041","k__Bacteria|p__Firmicutes|c__Clostridia|o__Clostridiales|f__Lachnospiraceae|g__Dorea|s__Dorea_formicigenerans","negative",-0.693147180559945,0.693147180559945,-0.693147180559945,-0.0469281140082076,-0.543689896732561,-0.496761782724353,-0.00935831267172815,-0.0912826082904613,-0.0819242956187332,-0.139248496838307,-0.129890184166579
"Taxon_042","k__Bacteria|p__Firmicutes|c__Clostridia|o__Clostridiales|f__Lachnospiraceae|g__Lachnospiraceae_noname|s__Lachnospiraceae_bacterium_3_1_46FAA","negative",-0.693147180559945,0.693147180559945,-0.693147180559945,-0.00417119027583723,-0.567537654014744,-0.563366463738907,0.00280335945229027,-0.0766021040069919,-0.0794054634592822,-0.117917338558776,-0.120720698011066
"Taxon_043","k__Bacteria|p__Firmicutes|c__Clostridia|o__Clostridiales|f__Lachnospiraceae|g__Blautia|s__Ruminococcus_gnavus","negative",-0.693147180559945,0.693147180559945,-0.693147180559945,0.0467359721707972,-0.568850953510919,-0.615586925681717,0.00573976939327814,-0.05187452859736,-0.0576142979906381,-0.0929465139784273,-0.0986862833717054
"Taxon_044","k__Bacteria|p__Firmicutes|c__Clostridia|o__Clostridiales|f__Ruminococcaceae|g__Ruminococcus|s__Ruminococcus_sp_5_1_39BFAA","negative",-0.693147180559945,0.693147180559945,-0.693147180559945,-0.0686580682506284,-0.416571224650534,-0.347913156399906,-0.00691281067817379,-0.0356659280306757,-0.0287531173525019,-0.124616287603197,-0.117703476925023
"Taxon_045","k__Bacteria|p__Firmicutes|c__Clostridia|o__Clostridiales|f__Lachnospiraceae|g__Coprococcus|s__Coprococcus_comes","negative",-0.693147180559945,0.693147180559945,-0.693147180559945,-0.0203752398009867,-0.559785408540935,-0.539410168739948,-0.00235659060359411,-0.07929245813547,-0.0769358675318759,-0.136714675351032,-0.134358084747438
"Taxon_046","k__Bacteria|p__Firmicutes|c__Clostridia|o__Clostridiales|f__Clostridiaceae|g__Clostridium|s__Clostridium_leptum","negative",-0.693147180559945,0.693147180559945,-0.693147180559945,-0.0272210082594206,-0.590465649613895,-0.563244641354474,-0.00039689620972494,-0.067131730136603,-0.0667348339268781,-0.112570280886444,-0.11217338467672
"Taxon_047","k__Bacteria|p__Firmicutes|c__Clostridia|o__Clostridiales|f__Lachnospiraceae|g__Dorea|s__Dorea_longicatena","negative",-0.693147180559945,0.693147180559945,-0.693147180559945,-0.0141375925872556,-0.609778414419543,-0.595640821832287,0.000936694232729407,-0.0810635292531923,-0.0820002234859217,-0.111307347349167,-0.112244041581897
"Taxon_048","k__Bacteria|p__Proteobacteria|c__Gammaproteobacteria|o__Pasteurellales|f__Pasteurellaceae|g__Haemophilus|s__Haemophilus_parainfluenzae","negative",-0.693147180559945,0.693147180559945,-0.693147180559945,0.00372401005859935,-0.638025159863755,-0.641749169922354,0.00258976427161334,-0.0700334516844533,-0.0726232159560666,-0.096441086004593,-0.0990308502762063
"Taxon_049","k__Bacteria|p__Firmicutes|c__Clostridia|o__Clostridiales|f__Lachnospiraceae|g__Blautia|s__Ruminococcus_obeum","negative",-0.693147180559945,0.693147180559945,-0.693147180559945,0.00756562100115943,-0.609643385576678,-0.617209006577838,-0.0011371524307906,-0.0931476373445347,-0.0920104849137441,-0.108716661840332,-0.107579509409541
"Taxon_050","k__Bacteria|p__Proteobacteria|c__Deltaproteobacteria|o__Desulfovibrionales|f__Desulfovibrionaceae|g__Bilophila|s__Bilophila_unclassified","negative",-0.693147180559945,0.693147180559945,-0.693147180559945,-0.0472788999186928,-0.60146469790423,-0.554185797985538,-0.00441155017470973,-0.0741025708629647,-0.069691020688255,-0.115769254771699,-0.111357704596989
