"setting_id","taxon","n_replications","mean_positive_control","mean_positive_case","probability_control_below_20","probability_case_below_20","probability_either_group_below_20"
"NULL_BALANCED","Taxon_001",100,15.86,15.46,0.83,0.94,0.99
"NULL_BALANCED","Taxon_002",100,28.08,28.43,0.01,0,0.01
"NULL_BALANCED","Taxon_003",100,42.49,42.27,0,0,0
"NULL_BALANCED","Taxon_004",100,38.31,38.3,0,0,0
"NULL_BALANCED","Taxon_005",100,28.46,28.67,0.01,0.02,0.03
"NULL_BALANCED","Taxon_006",100,42.43,42.73,0,0,0
"NULL_BALANCED","Taxon_007",100,29.03,29.34,0,0,0
"NULL_BALANCED","Taxon_008",100,44.4,44.43,0,0,0
"NULL_BALANCED","Taxon_009",100,33.77,33.77,0,0,0
"NULL_BALANCED","Taxon_010",100,23.74,23.9,0.17,0.14,0.3
"NULL_BALANCED","Taxon_011",100,19.51,20.49,0.5,0.44,0.74
"NULL_BALANCED","Taxon_012",100,26.84,26.11,0.02,0.02,0.04
"NULL_BALANCED","Taxon_013",100,23.08,22.44,0.13,0.26,0.36
"NULL_BALANCED","Taxon_014",100,13.87,13.89,0.94,0.94,1
"NULL_BALANCED","Taxon_015",100,35.46,35.47,0,0,0
"NULL_BALANCED","Taxon_016",100,33.39,33.84,0,0,0
"NULL_BALANCED","Taxon_017",100,43.83,44.19,0,0,0
"NULL_BALANCED","Taxon_018",100,22.85,21.93,0.21,0.23,0.41
"NULL_BALANCED","Taxon_019",100,21.96,22.33,0.22,0.24,0.4
"NULL_BALANCED","Taxon_020",100,33.03,32.59,0,0,0
"NULL_BALANCED","Taxon_021",100,23.87,23.99,0.11,0.08,0.17
"NULL_BALANCED","Taxon_022",100,11.94,12.51,1,0.99,1
"NULL_BALANCED","Taxon_023",100,22.85,22.78,0.19,0.2,0.36
"NULL_BALANCED","Taxon_024",100,29.32,29.15,0,0,0
"NULL_BALANCED","Taxon_025",100,19.49,19.72,0.45,0.49,0.7
"NULL_BALANCED","Taxon_026",100,34.64,34.71,0,0,0
"NULL_BALANCED","Taxon_027",100,29.64,29.61,0.01,0,0.01
"NULL_BALANCED","Taxon_028",100,30.53,30.69,0,0,0
"NULL_BALANCED","Taxon_029",100,29.91,30.03,0,0,0
"NULL_BALANCED","Taxon_030",100,30.42,30.5,0,0,0
"NULL_BALANCED","Taxon_031",100,17.76,18.24,0.71,0.64,0.86
"NULL_BALANCED","Taxon_032",100,27.01,27.11,0.01,0.02,0.03
"NULL_BALANCED","Taxon_033",100,19.98,20.12,0.44,0.46,0.69
"NULL_BALANCED","Taxon_034",100,18,17.66,0.67,0.74,0.91
"NULL_BALANCED","Taxon_035",100,21.78,22.47,0.25,0.21,0.41
"NULL_BALANCED","Taxon_036",100,15.34,15.56,0.9,0.85,0.97
"NULL_BALANCED","Taxon_037",100,16.48,17.16,0.77,0.76,0.92
"NULL_BALANCED","Taxon_038",100,24.89,25.65,0.08,0.03,0.11
"NULL_BALANCED","Taxon_039",100,16.26,15.99,0.85,0.86,0.98
"NULL_BALANCED","Taxon_040",100,13.34,13.43,0.98,0.99,1
"NULL_BALANCED","Taxon_041",100,29.44,29.58,0,0,0
"NULL_BALANCED","Taxon_042",100,23.11,22.37,0.14,0.14,0.26
"NULL_BALANCED","Taxon_043",100,17.79,17.63,0.7,0.77,0.96
"NULL_BALANCED","Taxon_044",100,16.87,17.24,0.86,0.68,0.93
"NULL_BALANCED","Taxon_045",100,25.75,25.88,0.03,0.01,0.04
"NULL_BALANCED","Taxon_046",100,22.08,21.71,0.22,0.26,0.46
"NULL_BALANCED","Taxon_047",100,22.9,23.77,0.2,0.11,0.29
"NULL_BALANCED","Taxon_048",100,17.96,19.05,0.72,0.52,0.84
"NULL_BALANCED","Taxon_049",100,25.88,26.2,0.05,0.01,0.06
"NULL_BALANCED","Taxon_050",100,21.52,20.35,0.3,0.46,0.58
"NULL_BALANCED_LOW","Taxon_001",100,14.09,13.96,0.98,0.99,1
"NULL_BALANCED_LOW","Taxon_002",100,25.92,26.07,0.03,0,0.03
"NULL_BALANCED_LOW","Taxon_003",100,38.7,39.32,0,0,0
"NULL_BALANCED_LOW","Taxon_004",100,36.73,36.82,0,0,0
"NULL_BALANCED_LOW","Taxon_005",100,26.13,26.2,0.05,0.07,0.12
"NULL_BALANCED_LOW","Taxon_006",100,40.48,40.76,0,0,0
"NULL_BALANCED_LOW","Taxon_007",100,25.03,25.79,0.06,0.03,0.09
"NULL_BALANCED_LOW","Taxon_008",100,42.69,42.85,0,0,0
"NULL_BALANCED_LOW","Taxon_009",100,31.58,31.48,0,0,0
"NULL_BALANCED_LOW","Taxon_010",100,20.9,21.3,0.34,0.32,0.56
"NULL_BALANCED_LOW","Taxon_011",100,17.7,18.44,0.75,0.62,0.9
"NULL_BALANCED_LOW","Taxon_012",100,23.46,22.78,0.12,0.19,0.29
"NULL_BALANCED_LOW","Taxon_013",100,20.6,20.08,0.36,0.45,0.63
"NULL_BALANCED_LOW","Taxon_014",100,11.81,12.18,0.99,0.99,1
"NULL_BALANCED_LOW","Taxon_015",100,32.39,33.02,0,0,0
"NULL_BALANCED_LOW","Taxon_016",100,29.87,30.9,0,0,0
"NULL_BALANCED_LOW","Taxon_017",100,41.02,41.37,0,0,0
"NULL_BALANCED_LOW","Taxon_018",100,20.18,19.17,0.48,0.55,0.75
"NULL_BALANCED_LOW","Taxon_019",100,18.75,18.67,0.61,0.6,0.84
"NULL_BALANCED_LOW","Taxon_020",100,29.46,28.82,0,0,0
"NULL_BALANCED_LOW","Taxon_021",100,20.48,20.98,0.36,0.33,0.56
"NULL_BALANCED_LOW","Taxon_022",100,10.75,11.2,1,1,1
"NULL_BALANCED_LOW","Taxon_023",100,19.98,19.53,0.48,0.51,0.75
"NULL_BALANCED_LOW","Taxon_024",100,24.79,24.65,0.05,0.06,0.11
"NULL_BALANCED_LOW","Taxon_025",100,16.67,16.38,0.84,0.86,0.97
"NULL_BALANCED_LOW","Taxon_026",100,32.25,32.8,0,0,0
"NULL_BALANCED_LOW","Taxon_027",100,24.77,24.68,0.07,0.07,0.13
"NULL_BALANCED_LOW","Taxon_028",100,25.45,25.67,0.03,0.05,0.08
"NULL_BALANCED_LOW","Taxon_029",100,25.32,25.32,0.08,0.07,0.15
"NULL_BALANCED_LOW","Taxon_030",100,24.15,24.99,0.07,0.05,0.12
"NULL_BALANCED_LOW","Taxon_031",100,14.68,15.04,0.89,0.89,0.98
"NULL_BALANCED_LOW","Taxon_032",100,21.37,20.88,0.3,0.34,0.56
"NULL_BALANCED_LOW","Taxon_033",100,15.02,15.07,0.93,0.94,0.99
"NULL_BALANCED_LOW","Taxon_034",100,13.76,13.7,0.93,0.96,1
"NULL_BALANCED_LOW","Taxon_035",100,17.18,17.19,0.81,0.76,0.96
"NULL_BALANCED_LOW","Taxon_036",100,12.11,12.38,1,1,1
"NULL_BALANCED_LOW","Taxon_037",100,12.3,12.79,0.99,0.99,1
"NULL_BALANCED_LOW","Taxon_038",100,18.81,18.99,0.49,0.55,0.75
"NULL_BALANCED_LOW","Taxon_039",100,14.46,13.33,0.96,0.97,1
"NULL_BALANCED_LOW","Taxon_040",100,11.69,11.67,0.99,1,1
"NULL_BALANCED_LOW","Taxon_041",100,21.4,21.46,0.29,0.33,0.52
"NULL_BALANCED_LOW","Taxon_042",100,16.63,16.46,0.79,0.82,0.95
"NULL_BALANCED_LOW","Taxon_043",100,12.99,12.77,0.97,1,1
"NULL_BALANCED_LOW","Taxon_044",100,14.52,14.87,0.95,0.91,0.99
"NULL_BALANCED_LOW","Taxon_045",100,19.44,19.03,0.53,0.61,0.8
"NULL_BALANCED_LOW","Taxon_046",100,15.63,15.3,0.9,0.91,0.99
"NULL_BALANCED_LOW","Taxon_047",100,16.38,16.81,0.79,0.78,0.98
"NULL_BALANCED_LOW","Taxon_048",100,12.52,13.12,0.99,0.99,1
"NULL_BALANCED_LOW","Taxon_049",100,17.21,17.27,0.77,0.75,0.95
"NULL_BALANCED_LOW","Taxon_050",100,14.38,14.3,0.99,0.92,1
"NULL_FOURFOLD","Taxon_001",100,13.96,16.28,0.98,0.87,1
"NULL_FOURFOLD","Taxon_002",100,26.1,29.21,0.04,0,0.04
"NULL_FOURFOLD","Taxon_003",100,38.86,43.36,0,0,0
"NULL_FOURFOLD","Taxon_004",100,36.96,38.68,0,0,0
"NULL_FOURFOLD","Taxon_005",100,26.01,29.11,0.05,0.02,0.07
"NULL_FOURFOLD","Taxon_006",100,40.11,43.46,0,0,0
"NULL_FOURFOLD","Taxon_007",100,25.64,31.36,0.03,0,0.03
"NULL_FOURFOLD","Taxon_008",100,42.47,44.86,0,0,0
"NULL_FOURFOLD","Taxon_009",100,31.3,34.26,0,0,0
"NULL_FOURFOLD","Taxon_010",100,21.02,24.47,0.29,0.06,0.32
"NULL_FOURFOLD","Taxon_011",100,17.7,20.68,0.7,0.4,0.8
"NULL_FOURFOLD","Taxon_012",100,23.43,26.84,0.13,0.02,0.14
"NULL_FOURFOLD","Taxon_013",100,20.58,23.37,0.35,0.17,0.44
"NULL_FOURFOLD","Taxon_014",100,12.01,14.41,0.99,0.93,1
"NULL_FOURFOLD","Taxon_015",100,32.84,36.24,0,0,0
"NULL_FOURFOLD","Taxon_016",100,29.6,35.15,0,0,0
"NULL_FOURFOLD","Taxon_017",100,40.85,44.99,0,0,0
"NULL_FOURFOLD","Taxon_018",100,19.94,22.86,0.49,0.22,0.61
"NULL_FOURFOLD","Taxon_019",100,18.92,23.19,0.56,0.15,0.62
"NULL_FOURFOLD","Taxon_020",100,29.47,33.61,0,0,0
"NULL_FOURFOLD","Taxon_021",100,20.67,25.08,0.31,0.06,0.34
"NULL_FOURFOLD","Taxon_022",100,10.89,13.01,1,0.98,1
"NULL_FOURFOLD","Taxon_023",100,19.73,23.71,0.52,0.11,0.59
"NULL_FOURFOLD","Taxon_024",100,24.43,30.7,0.11,0,0.11
"NULL_FOURFOLD","Taxon_025",100,16.42,21.25,0.85,0.31,0.88
"NULL_FOURFOLD","Taxon_026",100,32.3,35.02,0,0,0
"NULL_FOURFOLD","Taxon_027",100,24.65,31.68,0.09,0,0.09
"NULL_FOURFOLD","Taxon_028",100,25.46,32.12,0.03,0,0.03
"NULL_FOURFOLD","Taxon_029",100,24.82,31.75,0.09,0,0.09
"NULL_FOURFOLD","Taxon_030",100,24.21,32.84,0.07,0,0.07
"NULL_FOURFOLD","Taxon_031",100,14.46,19.54,0.92,0.49,0.95
"NULL_FOURFOLD","Taxon_032",100,21.35,28.61,0.39,0,0.39
"NULL_FOURFOLD","Taxon_033",100,15.44,21.89,0.9,0.22,0.92
"NULL_FOURFOLD","Taxon_034",100,13.9,19.23,0.94,0.56,0.97
"NULL_FOURFOLD","Taxon_035",100,17.12,23.82,0.79,0.11,0.81
"NULL_FOURFOLD","Taxon_036",100,12.07,16.69,0.99,0.81,1
"NULL_FOURFOLD","Taxon_037",100,12.51,19.15,0.99,0.51,1
"NULL_FOURFOLD","Taxon_038",100,18.89,28,0.57,0.02,0.57
"NULL_FOURFOLD","Taxon_039",100,14.24,16.29,0.96,0.86,1
"NULL_FOURFOLD","Taxon_040",100,11.6,13.66,0.99,0.99,1
"NULL_FOURFOLD","Taxon_041",100,21.63,32.96,0.26,0,0.26
"NULL_FOURFOLD","Taxon_042",100,16.43,25.33,0.84,0.04,0.84
"NULL_FOURFOLD","Taxon_043",100,12.58,19.53,0.97,0.52,0.98
"NULL_FOURFOLD","Taxon_044",100,14.66,17.89,0.96,0.62,0.98
"NULL_FOURFOLD","Taxon_045",100,18.93,27.99,0.54,0.01,0.55
"NULL_FOURFOLD","Taxon_046",100,15.56,24.12,0.87,0.09,0.89
"NULL_FOURFOLD","Taxon_047",100,16.19,26.49,0.84,0.05,0.84
"NULL_FOURFOLD","Taxon_048",100,12.37,21.73,0.97,0.28,0.97
"NULL_FOURFOLD","Taxon_049",100,17.07,29.59,0.81,0.01,0.81
"NULL_FOURFOLD","Taxon_050",100,14.56,23.01,0.97,0.16,0.97
