"setting_id","method","n_replications","median_runtime_seconds","q25_runtime_seconds","q75_runtime_seconds"
"NULL_BALANCED","DASRA",100,31.2774999999999,31.0055,31.64275
"NULL_BALANCED","MaAsLin 3",100,0.714999999999947,0.695499999999981,0.73700000000008
"NULL_BALANCED","ZINQ",100,0.170999999999907,0.165000000000013,0.174250000000058
"NULL_BALANCED_LOW","DASRA",100,29.994,29.69675,30.4342499999999
"NULL_BALANCED_LOW","MaAsLin 3",100,0.713499999999996,0.698000000000064,0.743250000000003
"NULL_BALANCED_LOW","ZINQ",100,0.16800000000012,0.164999999999964,0.171250000000043
"NULL_FOURFOLD","DASRA",100,30.9165,30.6777500000001,31.23
"NULL_FOURFOLD","MaAsLin 3",100,0.703999999999979,0.686500000000009,0.721999999999987
"NULL_FOURFOLD","ZINQ",100,0.168999999999983,0.164999999999964,0.173000000000002
