"source_feature","pi0","mu","sigma","expected_absolute_abundance","expected_detection_at_1500","within_pi0_range","passes_detection"
"k__Bacteria|p__Acidobacteria|c__Acidobacteriia|o__Acidobacteriales|f__Acidobacteriaceae|g__Granulicella|s__Granulicella_unclassified",0.97071129707113,-1.88103108187398,0.26383233424858,0.00462267963499754,0.000960897187916271,FALSE,FALSE
"k__Bacteria|p__Actinobacteria|c__Actinobacteria|o__Actinomycetales|f__Actinomycetaceae|g__Actinomyces|s__Actinomyces_graevenitzii",0.782426778242678,-1.47675183811584,1.34087923780679,0.12209045112657,0.0163702643620499,TRUE,FALSE
"k__Bacteria|p__Actinobacteria|c__Actinobacteria|o__Actinomycetales|f__Actinomycetaceae|g__Actinomyces|s__Actinomyces_massiliensis",0.941422594142259,-2.66273831005648,0.747559191367979,0.00540342557890505,0.00107324671676269,FALSE,FALSE
"k__Bacteria|p__Actinobacteria|c__Actinobacteria|o__Actinomycetales|f__Actinomycetaceae|g__Actinomyces|s__Actinomyces_naeslundii",0.98326359832636,-3.18885128639633,0.79677757869589,0.00094758565669287,0.000177288425001348,FALSE,FALSE
"k__Bacteria|p__Actinobacteria|c__Actinobacteria|o__Actinomycetales|f__Actinomycetaceae|g__Actinomyces|s__Actinomyces_odontolyticus",0.878661087866109,-2.24588574079988,1.41870784375498,0.0351304329070378,0.00512982613149356,TRUE,FALSE
"k__Bacteria|p__Actinobacteria|c__Actinobacteria|o__Actinomycetales|f__Actinomycetaceae|g__Actinomyces|s__Actinomyces_oris",0.96652719665272,-2.60552501697449,1.29516363223837,0.00571979330295875,0.000832464552715601,FALSE,FALSE
"k__Bacteria|p__Actinobacteria|c__Actinobacteria|o__Actinomycetales|f__Actinomycetaceae|g__Actinomyces|s__Actinomyces_turicensis",0.97489539748954,-2.2570279174634,1.87516901465571,0.015243492574803,0.00152931703165689,FALSE,FALSE
"k__Bacteria|p__Actinobacteria|c__Actinobacteria|o__Actinomycetales|f__Actinomycetaceae|g__Actinomyces|s__Actinomyces_viscosus",0.916317991631799,-2.08338416924568,0.875294023462304,0.0152825192894707,0.00301161103216944,FALSE,FALSE
"k__Bacteria|p__Actinobacteria|c__Actinobacteria|o__Actinomycetales|f__Actinomycetaceae|g__Mobiluncus|s__Mobiluncus_curtisii",0.98744769874477,-3.25182762949708,1.27529086175287,0.00109555356819605,0.000250630772105159,FALSE,FALSE
"k__Bacteria|p__Actinobacteria|c__Actinobacteria|o__Actinomycetales|f__Actinomycetaceae|g__Varibaculum|s__Varibaculum_cambriense",0.98326359832636,-2.51979299577746,1.96602930540105,0.00930385385414436,0.00114500597724703,FALSE,FALSE
"k__Bacteria|p__Actinobacteria|c__Actinobacteria|o__Actinomycetales|f__Corynebacteriaceae|g__Corynebacterium|s__Corynebacterium_durum",0.98744769874477,-2.52037327794146,0.840234467239376,0.00143695704964436,0.000267655385273844,FALSE,FALSE
"k__Bacteria|p__Actinobacteria|c__Actinobacteria|o__Actinomycetales|f__Corynebacteriaceae|g__Corynebacterium|s__Corynebacterium_matruchotii",0.815899581589958,-1.10967293962998,1.60036069573647,0.218412526843512,0.0242806420019812,TRUE,FALSE
"k__Bacteria|p__Actinobacteria|c__Actinobacteria|o__Actinomycetales|f__Micrococcaceae|g__Rothia|s__Rothia_aeria",0.933054393305439,-2.52541534346195,0.831801947400081,0.00757166011819606,0.00151529216347188,FALSE,FALSE
"k__Bacteria|p__Actinobacteria|c__Actinobacteria|o__Actinomycetales|f__Micrococcaceae|g__Rothia|s__Rothia_dentocariosa",0.807531380753138,-1.44016414027728,1.23021639789013,0.0971722499225745,0.0168063623812627,TRUE,FALSE
"k__Bacteria|p__Actinobacteria|c__Actinobacteria|o__Actinomycetales|f__Micrococcaceae|g__Rothia|s__Rothia_mucilaginosa",0.723849372384937,-1.32109582101453,1.49912383792915,0.226679423663391,0.0284294439940418,TRUE,FALSE
"k__Bacteria|p__Actinobacteria|c__Actinobacteria|o__Actinomycetales|f__Micrococcaceae|g__Rothia|s__Rothia_unclassified",0.895397489539749,-2.17038003678413,0.939236936851472,0.0185574351768765,0.0038006745124468,TRUE,FALSE
"k__Bacteria|p__Actinobacteria|c__Actinobacteria|o__Actinomycetales|f__Propionibacteriaceae|g__Propionibacterium|s__Propionibacterium_acnes",0.836820083682008,-1.28027790275238,1.60316511714082,0.163963635230304,0.0202229809893632,TRUE,FALSE
"k__Bacteria|p__Actinobacteria|c__Actinobacteria|o__Bifidobacteriales|f__Bifidobacteriaceae|g__Alloscardovia|s__Alloscardovia_omnicolens",0.98744769874477,-1.94129872210976,0.430582176713171,0.00197645690349197,0.000482156444312444,FALSE,FALSE
"k__Bacteria|p__Actinobacteria|c__Actinobacteria|o__Bifidobacteriales|f__Bifidobacteriaceae|g__Bifidobacterium|s__Bifidobacterium_adolescentis",0.502092050209205,2.19115576101322,1.88665230431228,26.4047564075461,0.301744217640764,TRUE,TRUE
"k__Bacteria|p__Actinobacteria|c__Actinobacteria|o__Bifidobacteriales|f__Bifidobacteriaceae|g__Bifidobacterium|s__Bifidobacterium_angulatum",0.9581589958159,-0.0207009434513772,1.53108424244329,0.13232822050924,0.00960225178101283,FALSE,FALSE
"k__Bacteria|p__Actinobacteria|c__Actinobacteria|o__Bifidobacteriales|f__Bifidobacteriaceae|g__Bifidobacterium|s__Bifidobacterium_animalis",0.98744769874477,-0.333384924513291,1.12542896455621,0.0169423138081722,0.00239865442672724,FALSE,FALSE
"k__Bacteria|p__Actinobacteria|c__Actinobacteria|o__Bifidobacteriales|f__Bifidobacteriaceae|g__Bifidobacterium|s__Bifidobacterium_bifidum",0.794979079497908,0.975277870724248,1.35055365490215,1.35341659207131,0.081424006568479,TRUE,FALSE
"k__Bacteria|p__Actinobacteria|c__Actinobacteria|o__Bifidobacteriales|f__Bifidobacteriaceae|g__Bifidobacterium|s__Bifidobacterium_breve",0.97489539748954,0.688943082936406,1.36360423789971,0.126684854008677,0.00954372715179469,FALSE,FALSE
"k__Bacteria|p__Actinobacteria|c__Actinobacteria|o__Bifidobacteriales|f__Bifidobacteriaceae|g__Bifidobacterium|s__Bifidobacterium_catenulatum",0.899581589958159,-0.774761056869153,2.07811084552557,0.40095806415665,0.0198559726365893,TRUE,FALSE
"k__Bacteria|p__Actinobacteria|c__Actinobacteria|o__Bifidobacteriales|f__Bifidobacteriaceae|g__Bifidobacterium|s__Bifidobacterium_dentium",0.98744769874477,-2.02092156015399,0.973961897473879,0.00267321894710841,0.000399192814046889,FALSE,FALSE
"k__Bacteria|p__Actinobacteria|c__Actinobacteria|o__Bifidobacteriales|f__Bifidobacteriaceae|g__Bifidobacterium|s__Bifidobacterium_longum",0.347280334728033,1.62421201121928,1.76641007238304,15.763651290189,0.340289215666076,TRUE,TRUE
"k__Bacteria|p__Actinobacteria|c__Actinobacteria|o__Bifidobacteriales|f__Bifidobacteriaceae|g__Bifidobacterium|s__Bifidobacterium_pseudocatenulatum",0.820083682008368,1.35854856796309,1.47752556975824,2.08511922604199,0.0868103990708903,TRUE,FALSE
"k__Bacteria|p__Actinobacteria|c__Actinobacteria|o__Bifidobacteriales|f__Bifidobacteriaceae|g__Gardnerella|s__Gardnerella_vaginalis",0.95397489539749,-0.84717379908223,2.13756745760576,0.193758108692596,0.008469522592744,FALSE,FALSE
"k__Bacteria|p__Actinobacteria|c__Actinobacteria|o__Coriobacteriales|f__Coriobacteriaceae|g__Adlercreutzia|s__Adlercreutzia_equolifaciens",0.435146443514644,-0.840891184628514,1.5058741805021,0.757106435000856,0.079944976916331,TRUE,FALSE
"k__Bacteria|p__Actinobacteria|c__Actinobacteria|o__Coriobacteriales|f__Coriobacteriaceae|g__Atopobium|s__Atopobium_parvulum",0.933054393305439,-1.85900046013989,1.42489529148002,0.0287904370460946,0.00440275880247351,FALSE,FALSE
"k__Bacteria|p__Actinobacteria|c__Actinobacteria|o__Coriobacteriales|f__Coriobacteriaceae|g__Atopobium|s__Atopobium_vaginae",0.97071129707113,-2.36019714834741,1.2280300536169,0.00587692481261826,0.00102715208813049,FALSE,FALSE
"k__Bacteria|p__Actinobacteria|c__Actinobacteria|o__Coriobacteriales|f__Coriobacteriaceae|g__Collinsella|s__Collinsella_aerofaciens",0.267782426778243,1.9320073053162,1.57431128900158,17.4538061902193,0.419938751078644,TRUE,TRUE
"k__Bacteria|p__Actinobacteria|c__Actinobacteria|o__Coriobacteriales|f__Coriobacteriaceae|g__Collinsella|s__Collinsella_intestinalis",0.928870292887029,1.21557779695918,1.77532390323959,1.15976229937761,0.0327587015561055,FALSE,FALSE
"k__Bacteria|p__Actinobacteria|c__Actinobacteria|o__Coriobacteriales|f__Coriobacteriaceae|g__Collinsella|s__Collinsella_stercoris",0.96652719665272,1.85708241172993,0.848141090789496,0.307196416265539,0.0198919782542685,FALSE,FALSE
"k__Bacteria|p__Actinobacteria|c__Actinobacteria|o__Coriobacteriales|f__Coriobacteriaceae|g__Collinsella|s__Collinsella_tanakaei",0.9581589958159,-0.171894348441354,1.95392060217124,0.237670516815085,0.0103553798142811,FALSE,FALSE
"k__Bacteria|p__Actinobacteria|c__Actinobacteria|o__Coriobacteriales|f__Coriobacteriaceae|g__Collinsella|s__Collinsella_unclassified",0.928870292887029,0.325830030295553,1.75874169063234,0.462627071583981,0.0228185470072289,FALSE,FALSE
"k__Bacteria|p__Actinobacteria|c__Actinobacteria|o__Coriobacteriales|f__Coriobacteriaceae|g__Eggerthella|s__Eggerthella_lenta",0.719665271966527,-1.93828224415493,1.50583478123143,0.125395318688564,0.0200785787546197,TRUE,FALSE
"k__Bacteria|p__Actinobacteria|c__Actinobacteria|o__Coriobacteriales|f__Coriobacteriaceae|g__Eggerthella|s__Eggerthella_unclassified",0.338912133891213,-0.623287219480202,1.74335110378254,1.62008853201841,0.134988328537642,TRUE,FALSE
"k__Bacteria|p__Actinobacteria|c__Actinobacteria|o__Coriobacteriales|f__Coriobacteriaceae|g__Gordonibacter|s__Gordonibacter_pamelaeae",0.573221757322176,-1.08742925491308,1.44047778501442,0.405987921833986,0.0489832160741736,TRUE,FALSE
"k__Bacteria|p__Actinobacteria|c__Actinobacteria|o__Coriobacteriales|f__Coriobacteriaceae|g__Olsenella|s__Olsenella_unclassified",0.97071129707113,-3.1927082309565,1.12344815031055,0.00226044459721418,0.000346406309345032,FALSE,FALSE
"k__Bacteria|p__Actinobacteria|c__Actinobacteria|o__Coriobacteriales|f__Coriobacteriaceae|g__Slackia|s__Slackia_piriformis",0.94560669456067,-0.146952567294761,0.739920501088262,0.0617460305704981,0.00822255908451755,FALSE,FALSE
"k__Bacteria|p__Bacteroidetes|c__Bacteroidia|o__Bacteroidales|f__Bacteroidaceae|g__Bacteroides|s__Bacteroides_caccae",0.364016736401674,4.36900797228803,2.57246580124539,1373.63403947709,0.52895098225469,TRUE,TRUE
"k__Bacteria|p__Bacteroidetes|c__Bacteroidia|o__Bacteroidales|f__Bacteroidaceae|g__Bacteroides|s__Bacteroides_cellulosilyticus",0.447698744769874,3.26353369688247,2.49295305832647,322.879614443326,0.401585194189375,TRUE,TRUE
"k__Bacteria|p__Bacteroidetes|c__Bacteroidia|o__Bacteroidales|f__Bacteroidaceae|g__Bacteroides|s__Bacteroides_clarus",0.836820083682008,-0.777137227374416,2.80320016513833,3.81494577017222,0.035556250359577,TRUE,FALSE
"k__Bacteria|p__Bacteroidetes|c__Bacteroidia|o__Bacteroidales|f__Bacteroidaceae|g__Bacteroides|s__Bacteroides_coprocola",0.907949790794979,3.45216556959422,3.56738628562479,1685.58325189915,0.061308450323037,FALSE,FALSE
"k__Bacteria|p__Bacteroidetes|c__Bacteroidia|o__Bacteroidales|f__Bacteroidaceae|g__Bacteroides|s__Bacteroides_coprophilus",0.97907949790795,4.93167141190171,1.25382390875836,6.36416456890437,0.0177347207915768,FALSE,FALSE
"k__Bacteria|p__Bacteroidetes|c__Bacteroidia|o__Bacteroidales|f__Bacteroidaceae|g__Bacteroides|s__Bacteroides_dorei",0.225941422594142,2.85526171728638,3.01067915874733,1250.43714966537,0.511071942155606,TRUE,TRUE
"k__Bacteria|p__Bacteroidetes|c__Bacteroidia|o__Bacteroidales|f__Bacteroidaceae|g__Bacteroides|s__Bacteroides_eggerthii",0.811715481171548,2.29973743442043,3.67361292186916,1599.82947131761,0.104383748498591,TRUE,FALSE
"k__Bacteria|p__Bacteroidetes|c__Bacteroidia|o__Bacteroidales|f__Bacteroidaceae|g__Bacteroides|s__Bacteroides_faecis",0.598326359832636,1.01373502489998,3.37921554163321,334.009188422071,0.174650443875714,TRUE,FALSE
"k__Bacteria|p__Bacteroidetes|c__Bacteroidia|o__Bacteroidales|f__Bacteroidaceae|g__Bacteroides|s__Bacteroides_finegoldii",0.686192468619247,2.33053494699795,3.5710893931326,1896.75390969258,0.178234060986568,TRUE,FALSE
"k__Bacteria|p__Bacteroidetes|c__Bacteroidia|o__Bacteroidales|f__Bacteroidaceae|g__Bacteroides|s__Bacteroides_fragilis",0.401673640167364,2.97879254023052,2.40919431968943,214.279717698728,0.424270536212613,TRUE,TRUE
"k__Bacteria|p__Bacteroidetes|c__Bacteroidia|o__Bacteroidales|f__Bacteroidaceae|g__Bacteroides|s__Bacteroides_gallinarum",0.98744769874477,1.82281050060001,3.85305169731175,130.055714070011,0.00721273431992348,FALSE,FALSE
"k__Bacteria|p__Bacteroidetes|c__Bacteroidia|o__Bacteroidales|f__Bacteroidaceae|g__Bacteroides|s__Bacteroides_intestinalis",0.786610878661088,2.05011340745654,2.47714632336003,35.6447703524029,0.117765203430751,TRUE,FALSE
"k__Bacteria|p__Bacteroidetes|c__Bacteroidia|o__Bacteroidales|f__Bacteroidaceae|g__Bacteroides|s__Bacteroides_massiliensis",0.556485355648536,2.94459431094599,3.96935708335969,22235.995656466,0.279402496609504,TRUE,TRUE
"k__Bacteria|p__Bacteroidetes|c__Bacteroidia|o__Bacteroidales|f__Bacteroidaceae|g__Bacteroides|s__Bacteroides_nordii",0.757322175732218,0.66643047267914,1.79491817039251,2.36617694778554,0.0848070680976045,TRUE,FALSE
"k__Bacteria|p__Bacteroidetes|c__Bacteroidia|o__Bacteroidales|f__Bacteroidaceae|g__Bacteroides|s__Bacteroides_oleiciplenus",0.97907949790795,-2.91476915073354,1.47502621838841,0.00336629139191401,0.000488216693497115,FALSE,FALSE
"k__Bacteria|p__Bacteroidetes|c__Bacteroidia|o__Bacteroidales|f__Bacteroidaceae|g__Bacteroides|s__Bacteroides_ovatus",0.0585774058577406,4.38397563975767,2.71267016624846,2989.62190573603,0.777294269703768,TRUE,TRUE
"k__Bacteria|p__Bacteroidetes|c__Bacteroidia|o__Bacteroidales|f__Bacteroidaceae|g__Bacteroides|s__Bacteroides_plebeius",0.866108786610879,2.60794893845553,3.27604226473073,388.948813246122,0.079396690716382,TRUE,FALSE
"k__Bacteria|p__Bacteroidetes|c__Bacteroidia|o__Bacteroidales|f__Bacteroidaceae|g__Bacteroides|s__Bacteroides_salyersiae",0.866108786610879,2.69629222215332,2.64338047346746,65.319769334181,0.083444676750185,TRUE,FALSE
"k__Bacteria|p__Bacteroidetes|c__Bacteroidia|o__Bacteroidales|f__Bacteroidaceae|g__Bacteroides|s__Bacteroides_sp_1_1_30",0.98326359832636,5.24313969269479,1.21848578935941,6.654706251266,0.0170486008466417,FALSE,FALSE
"k__Bacteria|p__Bacteroidetes|c__Bacteroidia|o__Bacteroidales|f__Bacteroidaceae|g__Bacteroides|s__Bacteroides_sp_1_1_6",0.97907949790795,5.16537567051829,1.40877446615473,9.88158356985209,0.0190968402036664,FALSE,FALSE
"k__Bacteria|p__Bacteroidetes|c__Bacteroidia|o__Bacteroidales|f__Bacteroidaceae|g__Bacteroides|s__Bacteroides_sp_2_1_22",0.828451882845188,4.41815297595773,1.73959039983808,64.6086866706864,0.150689304516334,TRUE,FALSE
"k__Bacteria|p__Bacteroidetes|c__Bacteroidia|o__Bacteroidales|f__Bacteroidaceae|g__Bacteroides|s__Bacteroides_sp_3_2_5",0.98744769874477,3.19867855436948,0.422077852366213,0.336183595804545,0.0113546167996781,FALSE,FALSE
"k__Bacteria|p__Bacteroidetes|c__Bacteroidia|o__Bacteroidales|f__Bacteroidaceae|g__Bacteroides|s__Bacteroides_sp_4_3_47FAA",0.96234309623431,5.71988131389977,1.18329081085576,23.1207598981784,0.0345337037136531,FALSE,FALSE
"k__Bacteria|p__Bacteroidetes|c__Bacteroidia|o__Bacteroidales|f__Bacteroidaceae|g__Bacteroides|s__Bacteroides_stercoris",0.330543933054393,4.26566829118572,3.35009502946737,13042.2179305871,0.522692351260232,TRUE,TRUE
"k__Bacteria|p__Bacteroidetes|c__Bacteroidia|o__Bacteroidales|f__Bacteroidaceae|g__Bacteroides|s__Bacteroides_thetaiotaomicron",0.234309623430962,3.70558613168977,2.1954351508707,346.740438238466,0.609163040523658,TRUE,TRUE
"k__Bacteria|p__Bacteroidetes|c__Bacteroidia|o__Bacteroidales|f__Bacteroidaceae|g__Bacteroides|s__Bacteroides_uniformis",0.0836820083682008,5.26035513628834,1.95998680843217,1204.40079752962,0.86037357458029,TRUE,TRUE
"k__Bacteria|p__Bacteroidetes|c__Bacteroidia|o__Bacteroidales|f__Bacteroidaceae|g__Bacteroides|s__Bacteroides_vulgatus",0.0920502092050209,4.89078148606096,2.19267245499009,1336.91705242464,0.818516955493511,TRUE,TRUE
"k__Bacteria|p__Bacteroidetes|c__Bacteroidia|o__Bacteroidales|f__Bacteroidaceae|g__Bacteroides|s__Bacteroides_xylanisolvens",0.242677824267782,2.47460245806679,2.22920710857515,107.912218381164,0.485979845163172,TRUE,TRUE
"k__Bacteria|p__Bacteroidetes|c__Bacteroidia|o__Bacteroidales|f__Bacteroidales_noname|g__Bacteroidales_noname|s__Bacteroidales_bacterium_ph8",0.447698744769874,3.21167524227592,2.09866308383361,123.990752058916,0.396983858312584,TRUE,TRUE
"k__Bacteria|p__Bacteroidetes|c__Bacteroidia|o__Bacteroidales|f__Porphyromonadaceae|g__Barnesiella|s__Barnesiella_intestinihominis",0.543933054393305,4.00339488742439,2.53472348924875,620.602512927697,0.362649418289169,TRUE,TRUE
"k__Bacteria|p__Bacteroidetes|c__Bacteroidia|o__Bacteroidales|f__Porphyromonadaceae|g__Butyricimonas|s__Butyricimonas_synergistica",0.836820083682008,-2.50453048663946,2.16128403903042,0.137812936808916,0.00979070212255389,TRUE,FALSE
"k__Bacteria|p__Bacteroidetes|c__Bacteroidia|o__Bacteroidales|f__Porphyromonadaceae|g__Coprobacter|s__Coprobacter_fastidiosus",0.774058577405858,1.57927683093828,1.5137384878498,3.44698325739363,0.106135700454153,TRUE,FALSE
"k__Bacteria|p__Bacteroidetes|c__Bacteroidia|o__Bacteroidales|f__Porphyromonadaceae|g__Dysgonomonas|s__Dysgonomonas_unclassified",0.97907949790795,-2.35916333408897,1.55069506553632,0.00657907329330537,0.00122385608742265,FALSE,FALSE
"k__Bacteria|p__Bacteroidetes|c__Bacteroidia|o__Bacteroidales|f__Porphyromonadaceae|g__Odoribacter|s__Odoribacter_laneus",0.97071129707113,5.21268452373824,0.572959098817811,6.33615542911205,0.0294934892819302,FALSE,FALSE
"k__Bacteria|p__Bacteroidetes|c__Bacteroidia|o__Bacteroidales|f__Porphyromonadaceae|g__Odoribacter|s__Odoribacter_splanchnicus",0.284518828451883,4.08965181431302,0.997167427666338,70.247397290609,0.656207310395606,TRUE,TRUE
"k__Bacteria|p__Bacteroidetes|c__Bacteroidia|o__Bacteroidales|f__Porphyromonadaceae|g__Odoribacter|s__Odoribacter_unclassified",0.9581589958159,-0.306735458030712,1.02455237222141,0.0520390887918402,0.00836470706050761,FALSE,FALSE
"k__Bacteria|p__Bacteroidetes|c__Bacteroidia|o__Bacteroidales|f__Porphyromonadaceae|g__Parabacteroides|s__Parabacteroides_distasonis",0.330543933054393,3.11980706374573,2.60563220535341,451.771681070306,0.467623918084272,TRUE,TRUE
"k__Bacteria|p__Bacteroidetes|c__Bacteroidia|o__Bacteroidales|f__Porphyromonadaceae|g__Parabacteroides|s__Parabacteroides_goldsteinii",0.799163179916318,0.981765352164114,2.19554557252273,5.96979740699859,0.081839580129651,TRUE,FALSE
"k__Bacteria|p__Bacteroidetes|c__Bacteroidia|o__Bacteroidales|f__Porphyromonadaceae|g__Parabacteroides|s__Parabacteroides_johnsonii",0.815899581589958,1.21311381897913,3.25616914688908,124.232977992341,0.0841734955042101,TRUE,FALSE
"k__Bacteria|p__Bacteroidetes|c__Bacteroidia|o__Bacteroidales|f__Porphyromonadaceae|g__Parabacteroides|s__Parabacteroides_merdae",0.292887029288703,4.74870781864281,2.25633625534147,1040.72163385389,0.626890125026526,TRUE,TRUE
"k__Bacteria|p__Bacteroidetes|c__Bacteroidia|o__Bacteroidales|f__Porphyromonadaceae|g__Parabacteroides|s__Parabacteroides_sp_D13",0.97489539748954,3.44291952303203,0.524382647595377,0.900958593020487,0.021668356142131,FALSE,FALSE
"k__Bacteria|p__Bacteroidetes|c__Bacteroidia|o__Bacteroidales|f__Porphyromonadaceae|g__Parabacteroides|s__Parabacteroides_unclassified",0.698744769874477,3.38748560069635,2.5139936846794,210.13922580873,0.225138914570035,TRUE,TRUE
"k__Bacteria|p__Bacteroidetes|c__Bacteroidia|o__Bacteroidales|f__Porphyromonadaceae|g__Porphyromonas|s__Porphyromonas_asaccharolytica",0.811715481171548,-1.84519110685074,2.04942903403437,0.242946873712744,0.0181285337054246,TRUE,FALSE
"k__Bacteria|p__Bacteroidetes|c__Bacteroidia|o__Bacteroidales|f__Porphyromonadaceae|g__Porphyromonas|s__Porphyromonas_bennonis",0.895397489539749,-1.56207511290779,1.7573703662357,0.102746803260534,0.011784861867373,TRUE,FALSE
"k__Bacteria|p__Bacteroidetes|c__Bacteroidia|o__Bacteroidales|f__Porphyromonadaceae|g__Porphyromonas|s__Porphyromonas_catoniae",0.98326359832636,-2.97456008131807,1.10848365812266,0.00157995128931307,0.000303883421380622,FALSE,FALSE
"k__Bacteria|p__Bacteroidetes|c__Bacteroidia|o__Bacteroidales|f__Porphyromonadaceae|g__Porphyromonas|s__Porphyromonas_somerae",0.96234309623431,-0.13687895678658,1.71944879176064,0.144010961951784,0.00838277932084813,FALSE,FALSE
"k__Bacteria|p__Bacteroidetes|c__Bacteroidia|o__Bacteroidales|f__Porphyromonadaceae|g__Porphyromonas|s__Porphyromonas_sp_oral_taxon_279",0.98744769874477,1.47847078945254,1.40644618321185,0.148030781952993,0.00707379136807254,FALSE,FALSE
"k__Bacteria|p__Bacteroidetes|c__Bacteroidia|o__Bacteroidales|f__Porphyromonadaceae|g__Porphyromonas|s__Porphyromonas_uenonis",0.9581589958159,-1.54693581552621,1.30945130598084,0.0209947491479849,0.00312339254708454,FALSE,FALSE
"k__Bacteria|p__Bacteroidetes|c__Bacteroidia|o__Bacteroidales|f__Prevotellaceae|g__Alloprevotella|s__Alloprevotella_unclassified",0.903765690376569,-1.93914954147226,0.712222773410658,0.0178368588994308,0.00319753357836943,FALSE,FALSE
"k__Bacteria|p__Bacteroidetes|c__Bacteroidia|o__Bacteroidales|f__Prevotellaceae|g__Paraprevotella|s__Paraprevotella_clara",0.832635983263598,2.65625724452315,2.37180656451635,39.7021894659007,0.104556494858454,TRUE,FALSE
"k__Bacteria|p__Bacteroidetes|c__Bacteroidia|o__Bacteroidales|f__Prevotellaceae|g__Paraprevotella|s__Paraprevotella_unclassified",0.790794979079498,2.86914741049603,2.89642283004047,244.530359070073,0.135425355161734,TRUE,FALSE
"k__Bacteria|p__Bacteroidetes|c__Bacteroidia|o__Bacteroidales|f__Prevotellaceae|g__Paraprevotella|s__Paraprevotella_xylaniphila",0.849372384937239,1.19870073235755,2.08444863213075,4.38512954820486,0.0643920251598665,TRUE,FALSE
"k__Bacteria|p__Bacteroidetes|c__Bacteroidia|o__Bacteroidales|f__Prevotellaceae|g__Prevotella|s__Prevotella_amnii",0.98744769874477,-4.18572333041685,1.16791959777051,0.00037764479486809,8.66158371825084e-05,FALSE,FALSE
"k__Bacteria|p__Bacteroidetes|c__Bacteroidia|o__Bacteroidales|f__Prevotellaceae|g__Prevotella|s__Prevotella_bergensis",0.97907949790795,-2.4230994313433,0.622030802629575,0.00225036262039661,0.000455517817797326,FALSE,FALSE
"k__Bacteria|p__Bacteroidetes|c__Bacteroidia|o__Bacteroidales|f__Prevotellaceae|g__Prevotella|s__Prevotella_bivia",0.903765690376569,-0.406494634340712,1.87457396453388,0.371409446298293,0.0223815322228015,FALSE,FALSE
"k__Bacteria|p__Bacteroidetes|c__Bacteroidia|o__Bacteroidales|f__Prevotellaceae|g__Prevotella|s__Prevotella_buccalis",0.891213389121339,-2.02861391090933,1.46155859999815,0.0416312515652389,0.00577551120077101,TRUE,FALSE
"k__Bacteria|p__Bacteroidetes|c__Bacteroidia|o__Bacteroidales|f__Prevotellaceae|g__Prevotella|s__Prevotella_copri",0.698744769874477,3.24177305636149,3.87675862912604,14137.7578318016,0.194275837659777,TRUE,FALSE
"k__Bacteria|p__Bacteroidetes|c__Bacteroidia|o__Bacteroidales|f__Prevotellaceae|g__Prevotella|s__Prevotella_disiens",0.924686192468619,-0.881069044673739,1.83387268678752,0.167693675668696,0.0131053059008994,FALSE,FALSE
"k__Bacteria|p__Bacteroidetes|c__Bacteroidia|o__Bacteroidales|f__Prevotellaceae|g__Prevotella|s__Prevotella_histicola",0.887029288702929,-2.05973952262363,1.23975456621844,0.0310588801500408,0.00455172476061768,TRUE,FALSE
"k__Bacteria|p__Bacteroidetes|c__Bacteroidia|o__Bacteroidales|f__Prevotellaceae|g__Prevotella|s__Prevotella_melaninogenica",0.765690376569038,-1.17272685322676,1.27148102294538,0.162755416300342,0.0207555403546655,TRUE,FALSE
"k__Bacteria|p__Bacteroidetes|c__Bacteroidia|o__Bacteroidales|f__Prevotellaceae|g__Prevotella|s__Prevotella_nanceiensis",0.928870292887029,-2.19157067362577,1.38106503484316,0.0206270787024228,0.0033400324416886,FALSE,FALSE
"k__Bacteria|p__Bacteroidetes|c__Bacteroidia|o__Bacteroidales|f__Prevotellaceae|g__Prevotella|s__Prevotella_pallens",0.97907949790795,-1.00823696501638,1.49242243602947,0.023246510581423,0.00309566517211103,FALSE,FALSE
"k__Bacteria|p__Bacteroidetes|c__Bacteroidia|o__Bacteroidales|f__Prevotellaceae|g__Prevotella|s__Prevotella_salivae",0.98744769874477,-1.37258642919989,2.09744942289034,0.0287019374458276,0.00204492783895467,FALSE,FALSE
"k__Bacteria|p__Bacteroidetes|c__Bacteroidia|o__Bacteroidales|f__Prevotellaceae|g__Prevotella|s__Prevotella_stercorea",0.94560669456067,0.54708456749044,4.60904259120246,3855.31184657784,0.02348661380296,FALSE,FALSE
"k__Bacteria|p__Bacteroidetes|c__Bacteroidia|o__Bacteroidales|f__Prevotellaceae|g__Prevotella|s__Prevotella_timonensis",0.912133891213389,-0.412660326810689,2.03553599041584,0.461673172588021,0.0200847414912473,FALSE,FALSE
"k__Bacteria|p__Bacteroidetes|c__Bacteroidia|o__Bacteroidales|f__Rikenellaceae|g__Alistipes|s__Alistipes_finegoldii",0.267782426778243,2.70778713448121,1.73240397778258,49.2407398993602,0.507181191618854,TRUE,TRUE
"k__Bacteria|p__Bacteroidetes|c__Bacteroidia|o__Bacteroidales|f__Rikenellaceae|g__Alistipes|s__Alistipes_indistinctus",0.493723849372385,1.88168094112602,1.79462191776811,16.6322211755094,0.267857990827565,TRUE,TRUE
"k__Bacteria|p__Bacteroidetes|c__Bacteroidia|o__Bacteroidales|f__Rikenellaceae|g__Alistipes|s__Alistipes_onderdonkii",0.255230125523013,3.59720630169333,2.03400140610823,215.100887032358,0.592380848670877,TRUE,TRUE
"k__Bacteria|p__Bacteroidetes|c__Bacteroidia|o__Bacteroidales|f__Rikenellaceae|g__Alistipes|s__Alistipes_putredinis",0.200836820083682,5.31631567580836,2.17810702749254,1744.46057980939,0.744434289257345,TRUE,TRUE
"k__Bacteria|p__Bacteroidetes|c__Bacteroidia|o__Bacteroidales|f__Rikenellaceae|g__Alistipes|s__Alistipes_senegalensis",0.510460251046025,0.0213602416636203,2.25459856007699,6.3514171299739,0.129434904003172,TRUE,FALSE
"k__Bacteria|p__Bacteroidetes|c__Bacteroidia|o__Bacteroidales|f__Rikenellaceae|g__Alistipes|s__Alistipes_shahii",0.234309623430962,4.12810903186518,2.0014902125832,352.169702328336,0.657577427603444,TRUE,TRUE
"k__Bacteria|p__Bacteroidetes|c__Bacteroidia|o__Bacteroidales|f__Rikenellaceae|g__Alistipes|s__Alistipes_sp_AP11",0.702928870292887,3.21805861372058,0.929813500118945,11.4335442325822,0.232999950354032,TRUE,TRUE
"k__Bacteria|p__Bacteroidetes|c__Bacteroidia|o__Bacteroidales|f__Rikenellaceae|g__Alistipes|s__Alistipes_sp_HGB5",0.824267782426778,4.22573084241573,1.06972779240394,21.3082790222781,0.160065615534425,TRUE,FALSE
"k__Bacteria|p__Bacteroidetes|c__Bacteroidia|o__Bacteroidales|f__Rikenellaceae|g__Alistipes|s__Alistipes_unclassified",0.933054393305439,3.81691194596727,2.51333593991374,71.6265553302452,0.0539228927027078,FALSE,FALSE
"k__Bacteria|p__Bacteroidetes|c__Flavobacteriia|o__Flavobacteriales|f__Flavobacteriaceae|g__Capnocytophaga|s__Capnocytophaga_gingivalis",0.97071129707113,-1.64227139916309,1.52353621175152,0.0180927584250524,0.00258693985044369,FALSE,FALSE
"k__Bacteria|p__Bacteroidetes|c__Flavobacteriia|o__Flavobacteriales|f__Flavobacteriaceae|g__Capnocytophaga|s__Capnocytophaga_granulosa",0.98744769874477,-2.02420715758011,2.58412807280491,0.0467379190579963,0.00201241978740943,FALSE,FALSE
"k__Bacteria|p__Bacteroidetes|c__Flavobacteriia|o__Flavobacteriales|f__Flavobacteriaceae|g__Capnocytophaga|s__Capnocytophaga_unclassified",0.874476987447699,-0.652658825988746,0.873935425947928,0.0957472442614605,0.0158711306711087,TRUE,FALSE
"k__Bacteria|p__Bacteroidetes|c__Flavobacteriia|o__Flavobacteriales|f__Flavobacteriaceae|g__Cellulophaga|s__Cellulophaga_unclassified",0.874476987447699,-1.25662303843899,0.745915726178707,0.0471842997836106,0.010583365556823,TRUE,FALSE
"k__Bacteria|p__Bacteroidetes|c__Sphingobacteriia|o__Sphingobacteriales|f__Sphingobacteriaceae|g__Pedobacter|s__Pedobacter_unclassified",0.96234309623431,-1.48528564156625,0.47197527098383,0.00953158471690928,0.0018914253848781,FALSE,FALSE
"k__Bacteria|p__Candidatus_Saccharibacteria|c__Candidatus_Saccharibacteria_noname|o__Candidatus_Saccharibacteria_noname|f__Candidatus_Saccharibacteria_noname|g__Candidatus_Saccharibacteria_noname|s__candidate_division_TM7_single_cell_isolate_TM7b",0.98326359832636,-2.72851517802965,1.53314006714835,0.00354072016497423,0.000876637169575284,FALSE,FALSE
"k__Bacteria|p__Candidatus_Saccharibacteria|c__Candidatus_Saccharibacteria_noname|o__Candidatus_Saccharibacteria_noname|f__Candidatus_Saccharibacteria_noname|g__Candidatus_Saccharibacteria_noname|s__candidate_division_TM7_single_cell_isolate_TM7c",0.96652719665272,-2.44239431276199,1.69497044092493,0.0122411270705601,0.00202288202611663,FALSE,FALSE
"k__Bacteria|p__Deinococcus_Thermus|c__Deinococci|o__Deinococcales|f__Deinococcaceae|g__Deinococcus|s__Deinococcus_unclassified",0.845188284518828,-1.90547757009896,0.355658398853995,0.0245320031933268,0.00509703484705225,TRUE,FALSE
"k__Bacteria|p__Firmicutes|c__Bacilli|o__Bacillales|f__Bacillales_noname|g__Gemella|s__Gemella_haemolysans",0.9581589958159,-2.30143955306795,1.50312637580318,0.0129634222399994,0.00203435552509183,FALSE,FALSE
"k__Bacteria|p__Firmicutes|c__Bacilli|o__Bacillales|f__Bacillales_noname|g__Gemella|s__Gemella_sanguinis",0.9581589958159,-2.28202039344064,1.69292387851125,0.01790091906283,0.00260592737465233,FALSE,FALSE
"k__Bacteria|p__Firmicutes|c__Bacilli|o__Bacillales|f__Bacillales_noname|g__Gemella|s__Gemella_unclassified",0.9581589958159,-2.91840480228791,1.33452160182886,0.00550659227874331,0.0012699774756155,FALSE,FALSE
"k__Bacteria|p__Firmicutes|c__Bacilli|o__Bacillales|f__Staphylococcaceae|g__Staphylococcus|s__Staphylococcus_epidermidis",0.98744769874477,-1.47653494654053,3.01163964440007,0.267295755281477,0.00272212395969637,FALSE,FALSE
"k__Bacteria|p__Firmicutes|c__Bacilli|o__Lactobacillales|f__Aerococcaceae|g__Abiotrophia|s__Abiotrophia_defectiva",0.98744769874477,-2.45666850800356,0.067463532678563,0.0010784352757527,0.000273119913674016,FALSE,FALSE
"k__Bacteria|p__Firmicutes|c__Bacilli|o__Lactobacillales|f__Carnobacteriaceae|g__Granulicatella|s__Granulicatella_adiacens",0.94560669456067,-1.76492878468006,1.13180510003607,0.0176688586561882,0.0032522078782546,FALSE,FALSE
"k__Bacteria|p__Firmicutes|c__Bacilli|o__Lactobacillales|f__Carnobacteriaceae|g__Granulicatella|s__Granulicatella_elegans",0.96652719665272,-2.3741654087933,1.49733430431909,0.00955985796162694,0.00139944304772949,FALSE,FALSE
"k__Bacteria|p__Firmicutes|c__Bacilli|o__Lactobacillales|f__Carnobacteriaceae|g__Granulicatella|s__Granulicatella_unclassified",0.719665271966527,-1.79126112769944,1.05032045645261,0.0811508484603858,0.0151879792076893,TRUE,FALSE
"k__Bacteria|p__Firmicutes|c__Bacilli|o__Lactobacillales|f__Enterococcaceae|g__Enterococcus|s__Enterococcus_faecalis",0.97489539748954,1.68116035508431,0.976246666920855,0.217183002732168,0.0132141971860276,FALSE,FALSE
"k__Bacteria|p__Firmicutes|c__Bacilli|o__Lactobacillales|f__Enterococcaceae|g__Enterococcus|s__Enterococcus_faecium",0.95397489539749,-0.0710307216869168,2.09656872339975,0.386045980999634,0.0114893143612861,FALSE,FALSE
"k__Bacteria|p__Firmicutes|c__Bacilli|o__Lactobacillales|f__Lactobacillaceae|g__Lactobacillus|s__Lactobacillus_casei_paracasei",0.97907949790795,-1.9731203919675,0.874713285081563,0.00426384319941172,0.000815111956262773,FALSE,FALSE
"k__Bacteria|p__Firmicutes|c__Bacilli|o__Lactobacillales|f__Lactobacillaceae|g__Lactobacillus|s__Lactobacillus_crispatus",0.933054393305439,-0.437527856177205,2.03335402451906,0.341591947118385,0.015352867911903,FALSE,FALSE
"k__Bacteria|p__Firmicutes|c__Bacilli|o__Lactobacillales|f__Lactobacillaceae|g__Lactobacillus|s__Lactobacillus_fermentum",0.98744769874477,-0.667523840327302,1.32345660571793,0.0154583431762936,0.0016411876448616,FALSE,FALSE
"k__Bacteria|p__Firmicutes|c__Bacilli|o__Lactobacillales|f__Lactobacillaceae|g__Lactobacillus|s__Lactobacillus_iners",0.97071129707113,-1.11724013284509,2.08435552020695,0.084118852588729,0.00433864708566264,FALSE,FALSE
"k__Bacteria|p__Firmicutes|c__Bacilli|o__Lactobacillales|f__Lactobacillaceae|g__Lactobacillus|s__Lactobacillus_jensenii",0.98744769874477,-0.820578204720967,1.63573868267831,0.0210551740916492,0.00172669068823524,FALSE,FALSE
"k__Bacteria|p__Firmicutes|c__Bacilli|o__Lactobacillales|f__Lactobacillaceae|g__Lactobacillus|s__Lactobacillus_ruminis",0.94979079497908,0.602939329116184,1.77452972687085,0.443020295040812,0.0176682394823916,FALSE,FALSE
"k__Bacteria|p__Firmicutes|c__Bacilli|o__Lactobacillales|f__Streptococcaceae|g__Lactococcus|s__Lactococcus_lactis",0.778242677824268,-0.949054045728086,1.49100035243892,0.260882632000315,0.0312767656852755,TRUE,FALSE
"k__Bacteria|p__Firmicutes|c__Bacilli|o__Lactobacillales|f__Streptococcaceae|g__Streptococcus|s__Streptococcus_anginosus",0.9581589958159,-2.47135438973764,1.53021618181274,0.0113964649117207,0.00200786957118641,FALSE,FALSE
"k__Bacteria|p__Firmicutes|c__Bacilli|o__Lactobacillales|f__Streptococcaceae|g__Streptococcus|s__Streptococcus_australis",0.711297071129707,-1.7517703406015,1.28124252253437,0.113797333711946,0.0195946938312904,TRUE,FALSE
"k__Bacteria|p__Firmicutes|c__Bacilli|o__Lactobacillales|f__Streptococcaceae|g__Streptococcus|s__Streptococcus_cristatus",0.97907949790795,-1.04424227718546,0.735053939010123,0.00964692786712318,0.00215890921945917,FALSE,FALSE
"k__Bacteria|p__Firmicutes|c__Bacilli|o__Lactobacillales|f__Streptococcaceae|g__Streptococcus|s__Streptococcus_gordonii",0.94979079497908,-1.43327257199306,1.20257680232034,0.0246806932350978,0.00389510856376113,FALSE,FALSE
"k__Bacteria|p__Firmicutes|c__Bacilli|o__Lactobacillales|f__Streptococcaceae|g__Streptococcus|s__Streptococcus_infantis",0.677824267782427,-1.71233798166085,1.38610584119736,0.151927566144728,0.0218172436187915,TRUE,FALSE
"k__Bacteria|p__Firmicutes|c__Bacilli|o__Lactobacillales|f__Streptococcaceae|g__Streptococcus|s__Streptococcus_intermedius",0.98744769874477,-3.43045569583636,1.74440851722401,0.00186065552301514,0.000341106552489815,FALSE,FALSE
"k__Bacteria|p__Firmicutes|c__Bacilli|o__Lactobacillales|f__Streptococcaceae|g__Streptococcus|s__Streptococcus_mitis_oralis_pneumoniae",0.489539748953975,-1.36935039260456,1.60866733573437,0.473365433891687,0.057194918574541,TRUE,FALSE
"k__Bacteria|p__Firmicutes|c__Bacilli|o__Lactobacillales|f__Streptococcaceae|g__Streptococcus|s__Streptococcus_parasanguinis",0.338912133891213,-0.526485860960509,1.57507012805845,1.34995137635379,0.11638811223571,TRUE,FALSE
"k__Bacteria|p__Firmicutes|c__Bacilli|o__Lactobacillales|f__Streptococcaceae|g__Streptococcus|s__Streptococcus_salivarius",0.397489539748954,-0.820813660479061,1.65594580464439,1.04457942587075,0.09138910030044,TRUE,FALSE
"k__Bacteria|p__Firmicutes|c__Bacilli|o__Lactobacillales|f__Streptococcaceae|g__Streptococcus|s__Streptococcus_sanguinis",0.769874476987448,-1.77282354113373,1.17779587872106,0.0782104239386103,0.0130609844618476,TRUE,FALSE
"k__Bacteria|p__Firmicutes|c__Bacilli|o__Lactobacillales|f__Streptococcaceae|g__Streptococcus|s__Streptococcus_thermophilus",0.702928870292887,-0.638994997754967,1.36253916356905,0.396720932406487,0.0458840237810038,TRUE,FALSE
"k__Bacteria|p__Firmicutes|c__Bacilli|o__Lactobacillales|f__Streptococcaceae|g__Streptococcus|s__Streptococcus_tigurinus",0.97071129707113,-1.07292950999221,0.619124421995557,0.0121330106527745,0.00294162021812282,FALSE,FALSE
"k__Bacteria|p__Firmicutes|c__Bacilli|o__Lactobacillales|f__Streptococcaceae|g__Streptococcus|s__Streptococcus_vestibularis",0.95397489539749,-1.8708413503598,1.15186768597359,0.0137597165466317,0.00220337820282038,FALSE,FALSE
"k__Bacteria|p__Firmicutes|c__Clostridia|o__Clostridiales|f__Clostridiaceae|g__Butyricicoccus|s__Butyricicoccus_pullicaecorum",0.97489539748954,-3.02869492413867,1.47802282410119,0.00362057193489151,0.000574553415597515,FALSE,FALSE
"k__Bacteria|p__Firmicutes|c__Clostridia|o__Clostridiales|f__Clostridiaceae|g__Clostridiaceae_noname|s__Clostridiaceae_bacterium_JC118",0.627615062761506,-0.829267596884538,1.48849219957242,0.491993258416138,0.0585175308745463,TRUE,FALSE
"k__Bacteria|p__Firmicutes|c__Clostridia|o__Clostridiales|f__Clostridiaceae|g__Clostridium|s__Clostridium_asparagiforme",0.673640167364017,-1.09676302040167,1.50732631729569,0.339425284186515,0.0428726605981012,TRUE,FALSE
"k__Bacteria|p__Firmicutes|c__Clostridia|o__Clostridiales|f__Clostridiaceae|g__Clostridium|s__Clostridium_bolteae",0.502092050209205,0.059906604612916,2.26945623486366,6.94333597297351,0.158539731497945,TRUE,FALSE
"k__Bacteria|p__Firmicutes|c__Clostridia|o__Clostridiales|f__Clostridiaceae|g__Clostridium|s__Clostridium_citroniae",0.723849372384937,-1.61891046076897,1.51103455248186,0.171339799732649,0.0236355003111501,TRUE,FALSE
"k__Bacteria|p__Firmicutes|c__Clostridia|o__Clostridiales|f__Clostridiaceae|g__Clostridium|s__Clostridium_clostridioforme",0.824267782426778,-0.883893492416115,1.79678831724812,0.36477910602807,0.0328223305875048,TRUE,FALSE
"k__Bacteria|p__Firmicutes|c__Clostridia|o__Clostridiales|f__Clostridiaceae|g__Clostridium|s__Clostridium_hathewayi",0.673640167364017,-1.17482922218762,2.04395687329133,0.814073927163634,0.0533190886792047,TRUE,FALSE
"k__Bacteria|p__Firmicutes|c__Clostridia|o__Clostridiales|f__Clostridiaceae|g__Clostridium|s__Clostridium_hylemonae",0.98326359832636,-1.57129863079711,1.88668449629705,0.0206161892208489,0.0024487305185833,FALSE,FALSE
"k__Bacteria|p__Firmicutes|c__Clostridia|o__Clostridiales|f__Clostridiaceae|g__Clostridium|s__Clostridium_leptum",0.225941422594142,0.872667707981892,1.73027543201002,8.27704910373104,0.307231503670918,TRUE,TRUE
"k__Bacteria|p__Firmicutes|c__Clostridia|o__Clostridiales|f__Clostridiaceae|g__Clostridium|s__Clostridium_methylpentosum",0.95397489539749,-1.11063666653309,1.54068937912013,0.0496705506279548,0.00542815732293159,FALSE,FALSE
"k__Bacteria|p__Firmicutes|c__Clostridia|o__Clostridiales|f__Clostridiaceae|g__Clostridium|s__Clostridium_nexile",0.878661087866109,1.16512752709922,2.08901384687096,3.44853406263828,0.0549035182834492,TRUE,FALSE
"k__Bacteria|p__Firmicutes|c__Clostridia|o__Clostridiales|f__Clostridiaceae|g__Clostridium|s__Clostridium_perfringens",0.98744769874477,-0.125880436127915,1.28755386700969,0.0253536083166881,0.00223630859392283,FALSE,FALSE
"k__Bacteria|p__Firmicutes|c__Clostridia|o__Clostridiales|f__Clostridiaceae|g__Clostridium|s__Clostridium_scindens",0.828451882845188,-3.20137820115297,1.21982372959611,0.014694460091724,0.00313048859121287,TRUE,FALSE
"k__Bacteria|p__Firmicutes|c__Clostridia|o__Clostridiales|f__Clostridiaceae|g__Clostridium|s__Clostridium_sp_ATCC_BAA_442",0.97071129707113,2.79906718244803,0.436472708941753,0.52928300578128,0.0248939493337477,FALSE,FALSE
"k__Bacteria|p__Firmicutes|c__Clostridia|o__Clostridiales|f__Clostridiaceae|g__Clostridium|s__Clostridium_sp_KLE_1755",0.96652719665272,2.72475247211204,0.917458358981021,0.777707633453573,0.0244355310494131,FALSE,FALSE
"k__Bacteria|p__Firmicutes|c__Clostridia|o__Clostridiales|f__Clostridiaceae|g__Clostridium|s__Clostridium_sp_L2_50",0.933054393305439,4.17055189361514,1.53587625098321,14.0994387706301,0.058413395132781,FALSE,FALSE
"k__Bacteria|p__Firmicutes|c__Clostridia|o__Clostridiales|f__Clostridiaceae|g__Clostridium|s__Clostridium_symbiosum",0.673640167364017,-0.825212362713781,1.75514868754942,0.667181183680854,0.0593809343179455,TRUE,FALSE
"k__Bacteria|p__Firmicutes|c__Clostridia|o__Clostridiales|f__Clostridiales_Family_XIII_Incertae_Sedis|g__Clostridiales_Family_XIII_Incertae_Sedis_noname|s__Eubacterium_infirmum",0.907949790794979,-1.87661614523621,1.77744388442209,0.0683999036709097,0.00808276832759559,FALSE,FALSE
"k__Bacteria|p__Firmicutes|c__Clostridia|o__Clostridiales|f__Clostridiales_Family_XI_Incertae_Sedis|g__Anaerococcus|s__Anaerococcus_obesiensis",0.97907949790795,-2.1713886400423,1.14198069778589,0.00457863517275117,0.000752249293392301,FALSE,FALSE
"k__Bacteria|p__Firmicutes|c__Clostridia|o__Clostridiales|f__Clostridiales_Family_XI_Incertae_Sedis|g__Anaerococcus|s__Anaerococcus_vaginalis",0.96234309623431,-1.83615386627212,1.35646815207537,0.0150648672678389,0.00235494441021786,FALSE,FALSE
"k__Bacteria|p__Firmicutes|c__Clostridia|o__Clostridiales|f__Clostridiales_Family_XI_Incertae_Sedis|g__Finegoldia|s__Finegoldia_magna",0.97489539748954,-1.51003094138395,1.66754668716024,0.0222730233700673,0.00343775158049744,FALSE,FALSE
"k__Bacteria|p__Firmicutes|c__Clostridia|o__Clostridiales|f__Clostridiales_Family_XI_Incertae_Sedis|g__Parvimonas|s__Parvimonas_micra",0.97489539748954,-0.795579825432155,1.08522483490386,0.0204161824143083,0.0037003775654751,FALSE,FALSE
"k__Bacteria|p__Firmicutes|c__Clostridia|o__Clostridiales|f__Clostridiales_Family_XI_Incertae_Sedis|g__Parvimonas|s__Parvimonas_unclassified",0.928870292887029,-1.3877541922558,1.49108455164377,0.0539694123938054,0.00710122746412754,FALSE,FALSE
"k__Bacteria|p__Firmicutes|c__Clostridia|o__Clostridiales|f__Clostridiales_Family_XI_Incertae_Sedis|g__Peptoniphilus|s__Peptoniphilus_lacrimalis",0.9581589958159,-0.969908283418919,1.21385880230862,0.0331384795915087,0.00502935449674318,FALSE,FALSE
"k__Bacteria|p__Firmicutes|c__Clostridia|o__Clostridiales|f__Clostridiales_noname|g__Clostridiales_noname|s__Bacteroides_pectinophilus",0.97489539748954,3.42802378957983,0.604031186467483,0.928436346244654,0.0195329274823691,FALSE,FALSE
"k__Bacteria|p__Firmicutes|c__Clostridia|o__Clostridiales|f__Clostridiales_noname|g__Clostridiales_noname|s__Clostridiales_bacterium_1_7_47FAA",0.715481171548117,-1.24583653654419,1.57353658573991,0.282300353935006,0.0344795211256356,TRUE,FALSE
"k__Bacteria|p__Firmicutes|c__Clostridia|o__Clostridiales|f__Clostridiales_noname|g__Clostridiales_noname|s__Clostridiales_genomosp_BVAB3",0.98744769874477,-2.32068603105762,0.0153887973728928,0.00123285965315827,0.000273851276753909,FALSE,FALSE
"k__Bacteria|p__Firmicutes|c__Clostridia|o__Clostridiales|f__Clostridiales_noname|g__Flavonifractor|s__Flavonifractor_plautii",0.297071129707113,-0.106669509376937,1.54547593403081,2.08564643805248,0.180699134301961,TRUE,FALSE
"k__Bacteria|p__Firmicutes|c__Clostridia|o__Clostridiales|f__Clostridiales_noname|g__Pseudoflavonifractor|s__Pseudoflavonifractor_capillosus",0.585774058577406,-1.79616484939808,1.34107169690266,0.168929822280529,0.0244217628881977,TRUE,FALSE
"k__Bacteria|p__Firmicutes|c__Clostridia|o__Clostridiales|f__Eubacteriaceae|g__Anaerofustis|s__Anaerofustis_stercorihominis",0.9581589958159,-1.48673856262552,1.45681833866356,0.0273385581826464,0.00400988600973086,FALSE,FALSE
"k__Bacteria|p__Firmicutes|c__Clostridia|o__Clostridiales|f__Eubacteriaceae|g__Eubacterium|s__Eubacterium_eligens",0.230125523012552,2.55123268235274,1.89881397338303,59.8865620839529,0.515563411600322,TRUE,TRUE
"k__Bacteria|p__Firmicutes|c__Clostridia|o__Clostridiales|f__Eubacteriaceae|g__Eubacterium|s__Eubacterium_hallii",0.234309623430962,0.299824697153738,1.69573545005662,4.35187443268236,0.229099727228777,TRUE,TRUE
"k__Bacteria|p__Firmicutes|c__Clostridia|o__Clostridiales|f__Eubacteriaceae|g__Eubacterium|s__Eubacterium_limosum",0.96652719665272,-1.49633465796246,1.87684772946999,0.0436270473716354,0.0044753005515112,FALSE,FALSE
"k__Bacteria|p__Firmicutes|c__Clostridia|o__Clostridiales|f__Eubacteriaceae|g__Eubacterium|s__Eubacterium_ramulus",0.410041841004184,0.6473565311491,1.44317399772166,3.19321569351878,0.196055319371828,TRUE,FALSE
"k__Bacteria|p__Firmicutes|c__Clostridia|o__Clostridiales|f__Eubacteriaceae|g__Eubacterium|s__Eubacterium_rectale",0.0669456066945607,4.31538921021117,1.75194459175418,324.002864249063,0.826599883613805,TRUE,TRUE
"k__Bacteria|p__Firmicutes|c__Clostridia|o__Clostridiales|f__Eubacteriaceae|g__Eubacterium|s__Eubacterium_siraeum",0.456066945606695,2.28164236401344,2.44235945975051,105.137932175455,0.326538663295598,TRUE,TRUE
"k__Bacteria|p__Firmicutes|c__Clostridia|o__Clostridiales|f__Eubacteriaceae|g__Eubacterium|s__Eubacterium_sp_3_1_31",0.669456066945607,-0.258190346444364,1.89835407619025,1.54754229036167,0.0843464722447693,TRUE,FALSE
"k__Bacteria|p__Firmicutes|c__Clostridia|o__Clostridiales|f__Eubacteriaceae|g__Eubacterium|s__Eubacterium_ventriosum",0.376569037656904,1.47986021704404,1.91628563828419,17.1743723802336,0.302806433088842,TRUE,TRUE
"k__Bacteria|p__Firmicutes|c__Clostridia|o__Clostridiales|f__Lachnospiraceae|g__Anaerostipes|s__Anaerostipes_caccae",0.96234309623431,-1.9014952900403,1.86175279031719,0.0318196091752812,0.00375963069666359,FALSE,FALSE
"k__Bacteria|p__Firmicutes|c__Clostridia|o__Clostridiales|f__Lachnospiraceae|g__Anaerostipes|s__Anaerostipes_hadrus",0.451882845188285,-1.04651471058836,1.67399189758405,0.781409059315756,0.0744091579852082,TRUE,FALSE
"k__Bacteria|p__Firmicutes|c__Clostridia|o__Clostridiales|f__Lachnospiraceae|g__Anaerostipes|s__Anaerostipes_unclassified",0.94979079497908,-1.80728550738065,1.33283974409789,0.0200282496848991,0.00412102118678214,FALSE,FALSE
"k__Bacteria|p__Firmicutes|c__Clostridia|o__Clostridiales|f__Lachnospiraceae|g__Blautia|s__Blautia_hydrogenotrophica",0.711297071129707,-1.19599868778728,1.69848698462996,0.369380974385657,0.0430375670261427,TRUE,FALSE
"k__Bacteria|p__Firmicutes|c__Clostridia|o__Clostridiales|f__Lachnospiraceae|g__Blautia|s__Blautia_producta",0.9581589958159,-1.1329584224361,1.5782835554489,0.0468245617190501,0.00597093876304083,FALSE,FALSE
"k__Bacteria|p__Firmicutes|c__Clostridia|o__Clostridiales|f__Lachnospiraceae|g__Blautia|s__Ruminococcus_gnavus",0.351464435146443,0.690642609660791,2.03063069530969,10.1689065290812,0.260047924413429,TRUE,TRUE
"k__Bacteria|p__Firmicutes|c__Clostridia|o__Clostridiales|f__Lachnospiraceae|g__Blautia|s__Ruminococcus_obeum",0.0753138075313808,0.844609535272761,1.51487866796883,6.77837484059432,0.349378971568544,TRUE,TRUE
"k__Bacteria|p__Firmicutes|c__Clostridia|o__Clostridiales|f__Lachnospiraceae|g__Blautia|s__Ruminococcus_torques",0.0209205020920502,2.7735663786599,1.56112021720314,53.0360625885524,0.705729429928607,FALSE,TRUE
"k__Bacteria|p__Firmicutes|c__Clostridia|o__Clostridiales|f__Lachnospiraceae|g__Butyrivibrio|s__Butyrivibrio_crossotus",0.941422594142259,5.02793812639292,2.51000390903929,208.636127058856,0.0500629919716428,FALSE,FALSE
"k__Bacteria|p__Firmicutes|c__Clostridia|o__Clostridiales|f__Lachnospiraceae|g__Butyrivibrio|s__Butyrivibrio_unclassified",0.941422594142259,-1.51669745621045,0.662210179121532,0.0160051854622082,0.00332894579970613,FALSE,FALSE
"k__Bacteria|p__Firmicutes|c__Clostridia|o__Clostridiales|f__Lachnospiraceae|g__Coprococcus|s__Coprococcus_catus",0.351464435146443,0.200283198066462,1.29750631251937,1.83860306333168,0.155479737193769,TRUE,FALSE
"k__Bacteria|p__Firmicutes|c__Clostridia|o__Clostridiales|f__Lachnospiraceae|g__Coprococcus|s__Coprococcus_comes",0.255230125523013,1.58343301008848,1.38003813819196,9.40278234738783,0.378890099278397,TRUE,TRUE
"k__Bacteria|p__Firmicutes|c__Clostridia|o__Clostridiales|f__Lachnospiraceae|g__Coprococcus|s__Coprococcus_eutactus",0.941422594142259,-0.209103431153375,3.43925518701716,17.5970006031016,0.0184874153723823,FALSE,FALSE
"k__Bacteria|p__Firmicutes|c__Clostridia|o__Clostridiales|f__Lachnospiraceae|g__Coprococcus|s__Coprococcus_sp_ART55_1",0.820083682008368,3.42806349051611,1.02470867696392,9.3728198042736,0.151212933268978,TRUE,FALSE
"k__Bacteria|p__Firmicutes|c__Clostridia|o__Clostridiales|f__Lachnospiraceae|g__Dorea|s__Dorea_formicigenerans",0.133891213389121,1.5356683707369,1.41127731287669,10.8892431935807,0.433225679776377,TRUE,TRUE
"k__Bacteria|p__Firmicutes|c__Clostridia|o__Clostridiales|f__Lachnospiraceae|g__Dorea|s__Dorea_longicatena",0.205020920502092,1.06926800022179,1.56395117151698,7.86797052155955,0.333156258601612,TRUE,TRUE
"k__Bacteria|p__Firmicutes|c__Clostridia|o__Clostridiales|f__Lachnospiraceae|g__Dorea|s__Dorea_unclassified",0.895397489539749,-0.248404416755514,1.07509099149624,0.14542688550038,0.024043891424001,TRUE,FALSE
"k__Bacteria|p__Firmicutes|c__Clostridia|o__Clostridiales|f__Lachnospiraceae|g__Lachnospiraceae_noname|s__Lachnospiraceae_bacterium_1_1_57FAA",0.748953974895398,1.03317013389556,1.7893227762683,3.49694294670465,0.0990120972008409,TRUE,FALSE
"k__Bacteria|p__Firmicutes|c__Clostridia|o__Clostridiales|f__Lachnospiraceae|g__Lachnospiraceae_noname|s__Lachnospiraceae_bacterium_1_4_56FAA",0.682008368200837,-1.16825531015053,1.58634589305515,0.347935251443483,0.0457978902715089,TRUE,FALSE
"k__Bacteria|p__Firmicutes|c__Clostridia|o__Clostridiales|f__Lachnospiraceae|g__Lachnospiraceae_noname|s__Lachnospiraceae_bacterium_2_1_58FAA",0.569037656903766,-0.578880462953567,1.7751731369358,1.1676635733426,0.0909121977478067,TRUE,FALSE
"k__Bacteria|p__Firmicutes|c__Clostridia|o__Clostridiales|f__Lachnospiraceae|g__Lachnospiraceae_noname|s__Lachnospiraceae_bacterium_3_1_46FAA",0.230125523012552,1.05710730404136,1.74903413767458,10.2281090276391,0.331187241694039,TRUE,TRUE
"k__Bacteria|p__Firmicutes|c__Clostridia|o__Clostridiales|f__Lachnospiraceae|g__Lachnospiraceae_noname|s__Lachnospiraceae_bacterium_3_1_57FAA_CT1",0.665271966527197,-0.859881134488592,2.04727469355049,1.15182631615418,0.063817447849477,TRUE,FALSE
"k__Bacteria|p__Firmicutes|c__Clostridia|o__Clostridiales|f__Lachnospiraceae|g__Lachnospiraceae_noname|s__Lachnospiraceae_bacterium_4_1_37FAA",0.96652719665272,-2.90310875662145,1.74418785850249,0.00840410397493124,0.00161519778177683,FALSE,FALSE
"k__Bacteria|p__Firmicutes|c__Clostridia|o__Clostridiales|f__Lachnospiraceae|g__Lachnospiraceae_noname|s__Lachnospiraceae_bacterium_5_1_57FAA",0.891213389121339,-1.18129930295479,1.44471654441342,0.0947926532569408,0.0137905672993799,TRUE,FALSE
"k__Bacteria|p__Firmicutes|c__Clostridia|o__Clostridiales|f__Lachnospiraceae|g__Lachnospiraceae_noname|s__Lachnospiraceae_bacterium_5_1_63FAA",0.326359832635983,-0.924058269043446,1.59711873309176,0.957218752453166,0.0993425468070803,TRUE,FALSE
"k__Bacteria|p__Firmicutes|c__Clostridia|o__Clostridiales|f__Lachnospiraceae|g__Lachnospiraceae_noname|s__Lachnospiraceae_bacterium_6_1_63FAA",0.96652719665272,-1.79364222282939,2.0282250930095,0.0435513002725662,0.00438032308353787,FALSE,FALSE
"k__Bacteria|p__Firmicutes|c__Clostridia|o__Clostridiales|f__Lachnospiraceae|g__Lachnospiraceae_noname|s__Lachnospiraceae_bacterium_7_1_58FAA",0.0460251046025105,0.497578682863391,1.34530984552765,3.87827338266348,0.308382747154592,FALSE,TRUE
"k__Bacteria|p__Firmicutes|c__Clostridia|o__Clostridiales|f__Lachnospiraceae|g__Lachnospiraceae_noname|s__Lachnospiraceae_bacterium_8_1_57FAA",0.715481171548117,0.865251221985145,1.5540956045988,2.26121425358108,0.107045411730935,TRUE,FALSE
"k__Bacteria|p__Firmicutes|c__Clostridia|o__Clostridiales|f__Lachnospiraceae|g__Lachnospiraceae_noname|s__Lachnospiraceae_bacterium_9_1_43BFAA",0.907949790794979,-2.39430441855268,1.63344557372162,0.0318839255970499,0.00538777511338959,FALSE,FALSE
"k__Bacteria|p__Firmicutes|c__Clostridia|o__Clostridiales|f__Lachnospiraceae|g__Marvinbryantia|s__Marvinbryantia_formatexigens",0.98744769874477,0.588849289891545,0.914659113192484,0.0343655274280927,0.00430455526739398,FALSE,FALSE
"k__Bacteria|p__Firmicutes|c__Clostridia|o__Clostridiales|f__Lachnospiraceae|g__Oribacterium|s__Oribacterium_sinus",0.97071129707113,-2.01334223825551,1.22429263562685,0.00827555399183074,0.00129054612599234,FALSE,FALSE
"k__Bacteria|p__Firmicutes|c__Clostridia|o__Clostridiales|f__Lachnospiraceae|g__Roseburia|s__Roseburia_hominis",0.200836820083682,1.37375723901324,1.7520487391254,14.6494751262833,0.377843165460441,TRUE,TRUE
"k__Bacteria|p__Firmicutes|c__Clostridia|o__Clostridiales|f__Lachnospiraceae|g__Roseburia|s__Roseburia_intestinalis",0.242677824267782,2.46034925054398,2.01182566504606,67.0946281333262,0.492671943915711,TRUE,TRUE
"k__Bacteria|p__Firmicutes|c__Clostridia|o__Clostridiales|f__Lachnospiraceae|g__Roseburia|s__Roseburia_inulinivorans",0.163179916317992,2.02840003878288,1.93362622109312,41.2523893545084,0.490922055880899,TRUE,TRUE
"k__Bacteria|p__Firmicutes|c__Clostridia|o__Clostridiales|f__Lachnospiraceae|g__Roseburia|s__Roseburia_unclassified",0.736401673640167,1.36521647738614,1.97980447938448,7.32798470479267,0.129142754510685,TRUE,FALSE
"k__Bacteria|p__Firmicutes|c__Clostridia|o__Clostridiales|f__Lachnospiraceae|g__Stomatobaculum|s__Stomatobaculum_longum",0.97489539748954,-2.79385606171905,1.99457872420692,0.0112275129353149,0.00156710734599808,FALSE,FALSE
"k__Bacteria|p__Firmicutes|c__Clostridia|o__Clostridiales|f__Oscillospiraceae|g__Oscillibacter|s__Oscillibacter_sp_KLE_1728",0.815899581589958,2.82334098585644,0.825207980902904,4.35598679543939,0.140217318434514,TRUE,FALSE
"k__Bacteria|p__Firmicutes|c__Clostridia|o__Clostridiales|f__Oscillospiraceae|g__Oscillibacter|s__Oscillibacter_sp_KLE_1745",0.811715481171548,2.60013963451937,0.726121215689255,3.30013897854155,0.137205729145718,TRUE,FALSE
"k__Bacteria|p__Firmicutes|c__Clostridia|o__Clostridiales|f__Oscillospiraceae|g__Oscillibacter|s__Oscillibacter_unclassified",0.0292887029288703,2.73369301087947,1.17784409181235,29.8930252191663,0.716928161658653,FALSE,TRUE
"k__Bacteria|p__Firmicutes|c__Clostridia|o__Clostridiales|f__Peptostreptococcaceae|g__Peptostreptococcaceae_noname|s__Clostridium_bartlettii",0.707112970711297,-0.788271799383011,1.48393871189629,0.400435305868773,0.046730129551025,TRUE,FALSE
"k__Bacteria|p__Firmicutes|c__Clostridia|o__Clostridiales|f__Peptostreptococcaceae|g__Peptostreptococcaceae_noname|s__Peptostreptococcaceae_noname_unclassified",0.728033472803347,-0.422459109899464,1.06617169379904,0.314687765742086,0.0454152436236079,TRUE,FALSE
"k__Bacteria|p__Firmicutes|c__Clostridia|o__Clostridiales|f__Peptostreptococcaceae|g__Peptostreptococcus|s__Peptostreptococcus_stomatis",0.97071129707113,-1.8626370753281,1.21360993002582,0.009497127000865,0.00178507163363777,FALSE,FALSE
"k__Bacteria|p__Firmicutes|c__Clostridia|o__Clostridiales|f__Peptostreptococcaceae|g__Peptostreptococcus|s__Peptostreptococcus_unclassified",0.95397489539749,-2.64178179615402,1.2834443194167,0.00747093280032188,0.00157041314474745,FALSE,FALSE
"k__Bacteria|p__Firmicutes|c__Clostridia|o__Clostridiales|f__Ruminococcaceae|g__Anaerotruncus|s__Anaerotruncus_colihominis",0.489539748953975,-0.632423269740613,1.58821503490537,0.957286768904172,0.0941045036130666,TRUE,FALSE
"k__Bacteria|p__Firmicutes|c__Clostridia|o__Clostridiales|f__Ruminococcaceae|g__Anaerotruncus|s__Anaerotruncus_unclassified",0.418410041841004,0.044264958118168,1.31889300221398,1.4506543274592,0.135118211075288,TRUE,FALSE
"k__Bacteria|p__Firmicutes|c__Clostridia|o__Clostridiales|f__Ruminococcaceae|g__Faecalibacterium|s__Faecalibacterium_prausnitzii",0.0251046025104603,4.61570989304704,1.66698681615924,395.324646538576,0.897726065940616,FALSE,TRUE
"k__Bacteria|p__Firmicutes|c__Clostridia|o__Clostridiales|f__Ruminococcaceae|g__Ruminococcaceae_noname|s__Ruminococcaceae_bacterium_D16",0.485355648535565,-1.30013534424601,2.21291339796681,1.62267871693952,0.0806914847060622,TRUE,FALSE
"k__Bacteria|p__Firmicutes|c__Clostridia|o__Clostridiales|f__Ruminococcaceae|g__Ruminococcus|s__Ruminococcus_albus",0.635983263598326,-1.40859289259195,1.79224579385648,0.443491859260454,0.0449416930167676,TRUE,FALSE
"k__Bacteria|p__Firmicutes|c__Clostridia|o__Clostridiales|f__Ruminococcaceae|g__Ruminococcus|s__Ruminococcus_bromii",0.426778242677824,3.27786709137581,2.7268692376263,625.963701646541,0.406435960921348,TRUE,TRUE
"k__Bacteria|p__Firmicutes|c__Clostridia|o__Clostridiales|f__Ruminococcaceae|g__Ruminococcus|s__Ruminococcus_callidus",0.581589958158996,0.30514495219469,1.8960869503723,3.42610637222061,0.130386023115633,TRUE,FALSE
"k__Bacteria|p__Firmicutes|c__Clostridia|o__Clostridiales|f__Ruminococcaceae|g__Ruminococcus|s__Ruminococcus_champanellensis",0.9581589958159,1.89625685695705,1.22823069426182,0.592534438970695,0.0233561800601271,FALSE,FALSE
"k__Bacteria|p__Firmicutes|c__Clostridia|o__Clostridiales|f__Ruminococcaceae|g__Ruminococcus|s__Ruminococcus_flavefaciens",0.832635983263598,-2.27020937743502,1.37051857654455,0.0442175773687354,0.00856673032837406,TRUE,FALSE
"k__Bacteria|p__Firmicutes|c__Clostridia|o__Clostridiales|f__Ruminococcaceae|g__Ruminococcus|s__Ruminococcus_lactaris",0.548117154811716,1.84772413249077,1.84342064678817,15.6816564170593,0.250506808464886,TRUE,TRUE
"k__Bacteria|p__Firmicutes|c__Clostridia|o__Clostridiales|f__Ruminococcaceae|g__Ruminococcus|s__Ruminococcus_sp_5_1_39BFAA",0.619246861924686,2.91709178380135,0.784791794343667,9.57769366885945,0.296260074974554,TRUE,TRUE
"k__Bacteria|p__Firmicutes|c__Clostridia|o__Clostridiales|f__Ruminococcaceae|g__Subdoligranulum|s__Subdoligranulum_sp_4_3_54A2FAA",0.640167364016736,2.96464018425067,1.13498496700579,13.2847846123793,0.28845515818315,TRUE,TRUE
"k__Bacteria|p__Firmicutes|c__Clostridia|o__Clostridiales|f__Ruminococcaceae|g__Subdoligranulum|s__Subdoligranulum_unclassified",0.00836820083682008,4.67519774403824,1.68946447811969,443.163796126376,0.911512064074128,FALSE,TRUE
"k__Bacteria|p__Firmicutes|c__Clostridia|o__Clostridiales|f__Ruminococcaceae|g__Subdoligranulum|s__Subdoligranulum_variabile",0.757322175732218,-2.63029742386551,1.15084468356774,0.0339082740399158,0.00569632124475279,TRUE,FALSE
"k__Bacteria|p__Firmicutes|c__Erysipelotrichia|o__Erysipelotrichales|f__Erysipelotrichaceae|g__Catenibacterium|s__Catenibacterium_mitsuokai",0.924686192468619,1.71446642109719,1.65706684462556,1.65088233065848,0.0348979931239625,FALSE,FALSE
"k__Bacteria|p__Firmicutes|c__Erysipelotrichia|o__Erysipelotrichales|f__Erysipelotrichaceae|g__Coprobacillus|s__Coprobacillus_sp_29_1",0.94560669456067,2.19649277820726,0.887519068367011,0.725295320892704,0.0359123294217736,FALSE,FALSE
"k__Bacteria|p__Firmicutes|c__Erysipelotrichia|o__Erysipelotrichales|f__Erysipelotrichaceae|g__Coprobacillus|s__Coprobacillus_unclassified",0.807531380753138,-0.687413777163375,1.64916736746355,0.377056803808363,0.03798544538853,TRUE,FALSE
"k__Bacteria|p__Firmicutes|c__Erysipelotrichia|o__Erysipelotrichales|f__Erysipelotrichaceae|g__Erysipelotrichaceae_noname|s__Clostridium_innocuum",0.853556485355649,-2.19601384947752,1.51099871150823,0.0510183051151112,0.00783079839497483,TRUE,FALSE
"k__Bacteria|p__Firmicutes|c__Erysipelotrichia|o__Erysipelotrichales|f__Erysipelotrichaceae|g__Erysipelotrichaceae_noname|s__Clostridium_ramosum",0.891213389121339,-0.928453691792171,1.24489641194874,0.0932998137424159,0.0156669944190091,TRUE,FALSE
"k__Bacteria|p__Firmicutes|c__Erysipelotrichia|o__Erysipelotrichales|f__Erysipelotrichaceae|g__Erysipelotrichaceae_noname|s__Clostridium_spiroforme",0.899581589958159,2.76662490034261,0.685272341837118,2.01983185934882,0.0775802556398823,TRUE,FALSE
"k__Bacteria|p__Firmicutes|c__Erysipelotrichia|o__Erysipelotrichales|f__Erysipelotrichaceae|g__Erysipelotrichaceae_noname|s__Erysipelotrichaceae_bacterium_21_3",0.707112970711297,-1.98951783421619,1.29974187641448,0.0932173261710454,0.0159515024897329,TRUE,FALSE
"k__Bacteria|p__Firmicutes|c__Erysipelotrichia|o__Erysipelotrichales|f__Erysipelotrichaceae|g__Erysipelotrichaceae_noname|s__Erysipelotrichaceae_bacterium_2_2_44A",0.757322175732218,-2.08859012360758,1.17285710581234,0.0597961638549845,0.0109536929409949,TRUE,FALSE
"k__Bacteria|p__Firmicutes|c__Erysipelotrichia|o__Erysipelotrichales|f__Erysipelotrichaceae|g__Erysipelotrichaceae_noname|s__Erysipelotrichaceae_bacterium_3_1_53",0.916317991631799,-2.68237820836729,0.984224341034679,0.00929052040464749,0.00188101166324591,FALSE,FALSE
"k__Bacteria|p__Firmicutes|c__Erysipelotrichia|o__Erysipelotrichales|f__Erysipelotrichaceae|g__Erysipelotrichaceae_noname|s__Erysipelotrichaceae_bacterium_5_2_54FAA",0.895397489539749,-1.0246591856133,1.44366448164113,0.106441116345605,0.014415175141226,TRUE,FALSE
"k__Bacteria|p__Firmicutes|c__Erysipelotrichia|o__Erysipelotrichales|f__Erysipelotrichaceae|g__Erysipelotrichaceae_noname|s__Erysipelotrichaceae_bacterium_6_1_45",0.589958158995816,-1.92350815071451,1.61157708002924,0.219497621714854,0.031500339102895,TRUE,FALSE
"k__Bacteria|p__Firmicutes|c__Erysipelotrichia|o__Erysipelotrichales|f__Erysipelotrichaceae|g__Erysipelotrichaceae_noname|s__Eubacterium_biforme",0.832635983263598,1.86709116582461,1.6153715340389,3.99170981629669,0.0855062708189356,TRUE,FALSE
"k__Bacteria|p__Firmicutes|c__Erysipelotrichia|o__Erysipelotrichales|f__Erysipelotrichaceae|g__Erysipelotrichaceae_noname|s__Eubacterium_cylindroides",0.9581589958159,1.11957027588419,1.27763493766076,0.289925099749237,0.01460601167358,FALSE,FALSE
"k__Bacteria|p__Firmicutes|c__Erysipelotrichia|o__Erysipelotrichales|f__Erysipelotrichaceae|g__Erysipelotrichaceae_noname|s__Eubacterium_dolichum",0.874476987447699,-0.589498988494046,2.23935260665867,0.854349335998526,0.0301896612213484,TRUE,FALSE
"k__Bacteria|p__Firmicutes|c__Erysipelotrichia|o__Erysipelotrichales|f__Erysipelotrichaceae|g__Holdemania|s__Holdemania_filiformis",0.355648535564854,-0.146317533214489,1.418284596064,1.52186585005087,0.14233210639904,TRUE,FALSE
"k__Bacteria|p__Firmicutes|c__Erysipelotrichia|o__Erysipelotrichales|f__Erysipelotrichaceae|g__Holdemania|s__Holdemania_sp_AP2",0.98326359832636,1.64092370127727,0.557328173153769,0.100868444261356,0.0076780849546293,FALSE,FALSE
"k__Bacteria|p__Firmicutes|c__Erysipelotrichia|o__Erysipelotrichales|f__Erysipelotrichaceae|g__Holdemania|s__Holdemania_unclassified",0.635983263598326,-1.13768054622928,1.30955060883483,0.275057646139892,0.0402668688921757,TRUE,FALSE
"k__Bacteria|p__Firmicutes|c__Erysipelotrichia|o__Erysipelotrichales|f__Erysipelotrichaceae|g__Solobacterium|s__Solobacterium_moorei",0.882845188284519,-1.50784719164009,2.18800661605207,0.284102623013491,0.015882106236985,TRUE,FALSE
"k__Bacteria|p__Firmicutes|c__Erysipelotrichia|o__Erysipelotrichales|f__Erysipelotrichaceae|g__Turicibacter|s__Turicibacter_sanguinis",0.924686192468619,-1.62617260519146,1.72944225245835,0.0660872693872693,0.00778624318032254,FALSE,FALSE
"k__Bacteria|p__Firmicutes|c__Erysipelotrichia|o__Erysipelotrichales|f__Erysipelotrichaceae|g__Turicibacter|s__Turicibacter_unclassified",0.857740585774059,-1.37879457019453,1.56652799455326,0.122224884114508,0.0158795054583254,TRUE,FALSE
"k__Bacteria|p__Firmicutes|c__Negativicutes|o__Selenomonadales|f__Acidaminococcaceae|g__Acidaminococcus|s__Acidaminococcus_intestini",0.94979079497908,0.0472522876334835,2.61358197824745,1.60175637892266,0.0159186872127625,FALSE,FALSE
"k__Bacteria|p__Firmicutes|c__Negativicutes|o__Selenomonadales|f__Acidaminococcaceae|g__Acidaminococcus|s__Acidaminococcus_sp_D21",0.97907949790795,2.79014645263901,1.04180662400209,0.586138794978371,0.014421805744698,FALSE,FALSE
"k__Bacteria|p__Firmicutes|c__Negativicutes|o__Selenomonadales|f__Acidaminococcaceae|g__Acidaminococcus|s__Acidaminococcus_unclassified",0.841004184100418,3.00328823611219,1.86766840190347,18.3293476797144,0.11650803129396,TRUE,FALSE
"k__Bacteria|p__Firmicutes|c__Negativicutes|o__Selenomonadales|f__Acidaminococcaceae|g__Phascolarctobacterium|s__Phascolarctobacterium_succinatutens",0.933054393305439,4.21879107743247,1.14883593334993,8.8006734645531,0.0598338141280065,FALSE,FALSE
"k__Bacteria|p__Firmicutes|c__Negativicutes|o__Selenomonadales|f__Veillonellaceae|g__Dialister|s__Dialister_invisus",0.476987447698745,3.71374971708748,2.43658402479844,417.410753517317,0.405944537504547,TRUE,TRUE
"k__Bacteria|p__Firmicutes|c__Negativicutes|o__Selenomonadales|f__Veillonellaceae|g__Dialister|s__Dialister_succinatiphilus",0.96652719665272,1.78783739765274,2.67266266924794,7.11623119827808,0.01556381638973,FALSE,FALSE
"k__Bacteria|p__Firmicutes|c__Negativicutes|o__Selenomonadales|f__Veillonellaceae|g__Megamonas|s__Megamonas_funiformis",0.97907949790795,-0.863249822626186,1.47654858781877,0.0262476820676325,0.00274493197657333,FALSE,FALSE
"k__Bacteria|p__Firmicutes|c__Negativicutes|o__Selenomonadales|f__Veillonellaceae|g__Megamonas|s__Megamonas_hypermegale",0.97071129707113,0.816825369712362,0.896203772330061,0.099049313926911,0.00969750861794038,FALSE,FALSE
"k__Bacteria|p__Firmicutes|c__Negativicutes|o__Selenomonadales|f__Veillonellaceae|g__Megamonas|s__Megamonas_rupellensis",0.97071129707113,-0.968193426077507,2.08412077583595,0.0975912808781884,0.00482276684634025,FALSE,FALSE
"k__Bacteria|p__Firmicutes|c__Negativicutes|o__Selenomonadales|f__Veillonellaceae|g__Megamonas|s__Megamonas_unclassified",0.9581589958159,1.31247674849329,1.89756365685699,0.940797090397827,0.0199449959618863,FALSE,FALSE
"k__Bacteria|p__Firmicutes|c__Negativicutes|o__Selenomonadales|f__Veillonellaceae|g__Megasphaera|s__Megasphaera_elsdenii",0.98744769874477,-2.85810771139782,0.812031570127324,0.00100149505624656,0.000162680409956747,FALSE,FALSE
"k__Bacteria|p__Firmicutes|c__Negativicutes|o__Selenomonadales|f__Veillonellaceae|g__Megasphaera|s__Megasphaera_micronuciformis",0.928870292887029,-2.09513768395367,2.36626181054797,0.143877877261164,0.00755922730489169,FALSE,FALSE
"k__Bacteria|p__Firmicutes|c__Negativicutes|o__Selenomonadales|f__Veillonellaceae|g__Megasphaera|s__Megasphaera_unclassified",0.895397489539749,1.27213838063255,1.95595293837963,2.52799526218505,0.0455307862507241,TRUE,FALSE
"k__Bacteria|p__Firmicutes|c__Negativicutes|o__Selenomonadales|f__Veillonellaceae|g__Mitsuokella|s__Mitsuokella_unclassified",0.757322175732218,-1.38620569590537,0.597434537469255,0.0725294767412309,0.0135549511881839,TRUE,FALSE
"k__Bacteria|p__Firmicutes|c__Negativicutes|o__Selenomonadales|f__Veillonellaceae|g__Selenomonas|s__Selenomonas_noxia",0.98744769874477,-2.0256077770862,1.43236303728056,0.00461876879004599,0.000814280504056059,FALSE,FALSE
"k__Bacteria|p__Firmicutes|c__Negativicutes|o__Selenomonadales|f__Veillonellaceae|g__Veillonella|s__Veillonella_atypica",0.585774058577406,-1.24887316378775,1.5207299923502,0.377604846127915,0.0429122108226401,TRUE,FALSE
"k__Bacteria|p__Firmicutes|c__Negativicutes|o__Selenomonadales|f__Veillonellaceae|g__Veillonella|s__Veillonella_dispar",0.635983263598326,-1.71564456814068,1.30924729005517,0.154256917964902,0.0217535705119485,TRUE,FALSE
"k__Bacteria|p__Firmicutes|c__Negativicutes|o__Selenomonadales|f__Veillonellaceae|g__Veillonella|s__Veillonella_parvula",0.297071129707113,-0.688383668497714,1.54558557763427,1.16594760106894,0.117715940891418,TRUE,FALSE
"k__Bacteria|p__Firmicutes|c__Negativicutes|o__Selenomonadales|f__Veillonellaceae|g__Veillonella|s__Veillonella_unclassified",0.125523012552301,-0.428606292577173,1.5515025411173,1.89808308641762,0.168785400832317,TRUE,FALSE
"k__Bacteria|p__Fusobacteria|c__Fusobacteriia|o__Fusobacteriales|f__Fusobacteriaceae|g__Fusobacterium|s__Fusobacterium_nucleatum",0.94560669456067,-1.88804083112603,1.50090571569719,0.0253951760600611,0.00440640817857864,FALSE,FALSE
"k__Bacteria|p__Fusobacteria|c__Fusobacteriia|o__Fusobacteriales|f__Fusobacteriaceae|g__Fusobacterium|s__Fusobacterium_periodonticum",0.870292887029289,-1.56613671407954,0.983211517814675,0.0439254843972393,0.00757197831632021,TRUE,FALSE
"k__Bacteria|p__Fusobacteria|c__Fusobacteriia|o__Fusobacteriales|f__Leptotrichiaceae|g__Leptotrichia|s__Leptotrichia_unclassified",0.874476987447699,-2.49327179144603,1.32422006477458,0.0249281255764677,0.00409964700291034,TRUE,FALSE
"k__Bacteria|p__Fusobacteria|c__Fusobacteriia|o__Fusobacteriales|f__Leptotrichiaceae|g__Leptotrichia|s__Leptotrichia_wadei",0.97489539748954,-1.45158616357985,1.54132629338345,0.0192846299702252,0.00248330585402625,FALSE,FALSE
"k__Bacteria|p__Proteobacteria|c__Betaproteobacteria|o__Burkholderiales|f__Burkholderiaceae|g__Burkholderia|s__Burkholderia_unclassified",0.96652719665272,-1.04798987054717,0.241109691483515,0.0120831309055358,0.00265988295325055,FALSE,FALSE
"k__Bacteria|p__Proteobacteria|c__Betaproteobacteria|o__Burkholderiales|f__Burkholderiaceae|g__Lautropia|s__Lautropia_mirabilis",0.912133891213389,-2.05655097524094,1.23342999814233,0.0240452619707926,0.00362678501446673,FALSE,FALSE
"k__Bacteria|p__Proteobacteria|c__Betaproteobacteria|o__Burkholderiales|f__Burkholderiales_noname|g__Burkholderiales_noname|s__Burkholderiales_bacterium_1_1_47",0.376569037656904,0.844370084539537,2.16222616671394,15.0212195267417,0.249312493032585,TRUE,TRUE
"k__Bacteria|p__Proteobacteria|c__Betaproteobacteria|o__Burkholderiales|f__Oxalobacteraceae|g__Oxalobacter|s__Oxalobacter_formigenes",0.794979079497908,0.420908646140008,1.57254293544856,1.07541973252385,0.0568343317033854,TRUE,FALSE
"k__Bacteria|p__Proteobacteria|c__Betaproteobacteria|o__Burkholderiales|f__Sutterellaceae|g__Parasutterella|s__Parasutterella_excrementihominis",0.368200836820084,0.778070205472624,1.70715293873619,5.90661003361151,0.233260678376239,TRUE,TRUE
"k__Bacteria|p__Proteobacteria|c__Betaproteobacteria|o__Burkholderiales|f__Sutterellaceae|g__Sutterella|s__Sutterella_wadsworthensis",0.631799163179916,3.03410606284529,2.79932829020248,384.944344291437,0.248604744602572,TRUE,TRUE
"k__Bacteria|p__Proteobacteria|c__Betaproteobacteria|o__Neisseriales|f__Neisseriaceae|g__Kingella|s__Kingella_unclassified",0.97071129707113,-1.63233905799586,0.394083949568806,0.00618739338948383,0.00111314341477842,FALSE,FALSE
"k__Bacteria|p__Proteobacteria|c__Betaproteobacteria|o__Neisseriales|f__Neisseriaceae|g__Neisseria|s__Neisseria_elongata",0.98326359832636,-1.03856677709077,1.47846507481732,0.0176714227303845,0.00218069562813399,FALSE,FALSE
"k__Bacteria|p__Proteobacteria|c__Betaproteobacteria|o__Neisseriales|f__Neisseriaceae|g__Neisseria|s__Neisseria_flavescens",0.874476987447699,-0.74437640829334,1.15150015582578,0.115710224936362,0.013905282180427,TRUE,FALSE
"k__Bacteria|p__Proteobacteria|c__Betaproteobacteria|o__Neisseriales|f__Neisseriaceae|g__Neisseria|s__Neisseria_meningitidis",0.895397489539749,-2.74506151172219,0.827637231478674,0.00946497112233088,0.00198784522543164,TRUE,FALSE
"k__Bacteria|p__Proteobacteria|c__Betaproteobacteria|o__Neisseriales|f__Neisseriaceae|g__Neisseria|s__Neisseria_sicca",0.94560669456067,-1.93350907043814,1.13594928563887,0.014998083163639,0.00250282966264774,FALSE,FALSE
"k__Bacteria|p__Proteobacteria|c__Betaproteobacteria|o__Neisseriales|f__Neisseriaceae|g__Neisseria|s__Neisseria_subflava",0.924686192468619,-2.11977496028818,1.20004676545651,0.0185773787497057,0.00269319091088937,FALSE,FALSE
"k__Bacteria|p__Proteobacteria|c__Betaproteobacteria|o__Neisseriales|f__Neisseriaceae|g__Neisseria|s__Neisseria_unclassified",0.753138075313807,-0.816686226426981,1.30313668052978,0.254990311061789,0.0337455858364664,TRUE,FALSE
"k__Bacteria|p__Proteobacteria|c__Deltaproteobacteria|o__Desulfovibrionales|f__Desulfovibrionaceae|g__Bilophila|s__Bilophila_unclassified",0.267782426778243,0.977814595102974,1.57485954215196,6.72766618630221,0.289192782695247,TRUE,TRUE
"k__Bacteria|p__Proteobacteria|c__Deltaproteobacteria|o__Desulfovibrionales|f__Desulfovibrionaceae|g__Bilophila|s__Bilophila_wadsworthia",0.510460251046025,-1.18764568277064,1.58194880428461,0.521704319035566,0.0580214445162838,TRUE,FALSE
"k__Bacteria|p__Proteobacteria|c__Deltaproteobacteria|o__Desulfovibrionales|f__Desulfovibrionaceae|g__Desulfovibrio|s__Desulfovibrio_desulfuricans",0.732217573221757,-0.615178083301494,1.6617236848405,0.575741934252661,0.0464407078548102,TRUE,FALSE
"k__Bacteria|p__Proteobacteria|c__Deltaproteobacteria|o__Desulfovibrionales|f__Desulfovibrionaceae|g__Desulfovibrio|s__Desulfovibrio_piger",0.933054393305439,0.562842467314585,1.40994238010114,0.317567906501117,0.0185795191391567,FALSE,FALSE
"k__Bacteria|p__Proteobacteria|c__Epsilonproteobacteria|o__Campylobacterales|f__Campylobacteraceae|g__Campylobacter|s__Campylobacter_concisus",0.937238493723849,-2.43508779855382,1.37891643278049,0.0142244084497809,0.00270670217702237,FALSE,FALSE
"k__Bacteria|p__Proteobacteria|c__Epsilonproteobacteria|o__Campylobacterales|f__Campylobacteraceae|g__Campylobacter|s__Campylobacter_hominis",0.920502092050209,-0.662015750018867,1.58690050335895,0.144436730430969,0.0138011382216937,FALSE,FALSE
"k__Bacteria|p__Proteobacteria|c__Epsilonproteobacteria|o__Campylobacterales|f__Campylobacteraceae|g__Campylobacter|s__Campylobacter_showae",0.98326359832636,-2.36229817575082,1.91558183713109,0.00987508382928772,0.00123084205020964,FALSE,FALSE
"k__Bacteria|p__Proteobacteria|c__Epsilonproteobacteria|o__Campylobacterales|f__Campylobacteraceae|g__Campylobacter|s__Campylobacter_ureolyticus",0.94979079497908,-2.05467450077817,1.57070224299037,0.0220889314595576,0.00345470152645514,FALSE,FALSE
"k__Bacteria|p__Proteobacteria|c__Gammaproteobacteria|o__Cardiobacteriales|f__Cardiobacteriaceae|g__Cardiobacterium|s__Cardiobacterium_hominis",0.98326359832636,-2.23817370131073,1.05230436478802,0.00310522018196012,0.000703660521340475,FALSE,FALSE
"k__Bacteria|p__Proteobacteria|c__Gammaproteobacteria|o__Enterobacteriales|f__Enterobacteriaceae|g__Citrobacter|s__Citrobacter_freundii",0.98326359832636,0.48615904684293,0.536193890211009,0.0314216479007989,0.00551478297959453,FALSE,FALSE
"k__Bacteria|p__Proteobacteria|c__Gammaproteobacteria|o__Enterobacteriales|f__Enterobacteriaceae|g__Citrobacter|s__Citrobacter_unclassified",0.97907949790795,-0.123407287692547,1.12133663203598,0.0346750453120774,0.00490913801413297,FALSE,FALSE
"k__Bacteria|p__Proteobacteria|c__Gammaproteobacteria|o__Enterobacteriales|f__Enterobacteriaceae|g__Enterobacter|s__Enterobacter_aerogenes",0.98326359832636,-0.741070886220214,1.28330149991925,0.0181731743834687,0.00213448897772574,FALSE,FALSE
"k__Bacteria|p__Proteobacteria|c__Gammaproteobacteria|o__Enterobacteriales|f__Enterobacteriaceae|g__Enterobacter|s__Enterobacter_cloacae",0.9581589958159,-0.0556219618763656,2.43639757157555,0.769908303627169,0.0133451187704996,FALSE,FALSE
"k__Bacteria|p__Proteobacteria|c__Gammaproteobacteria|o__Enterobacteriales|f__Enterobacteriaceae|g__Escherichia|s__Escherichia_coli",0.397489539748954,0.812186122900759,1.76142926077734,6.40354914719563,0.243322155254792,TRUE,TRUE
"k__Bacteria|p__Proteobacteria|c__Gammaproteobacteria|o__Enterobacteriales|f__Enterobacteriaceae|g__Escherichia|s__Escherichia_unclassified",0.472803347280335,-0.384815209479397,1.42999354196622,0.99744717458806,0.104943583146337,TRUE,FALSE
"k__Bacteria|p__Proteobacteria|c__Gammaproteobacteria|o__Enterobacteriales|f__Enterobacteriaceae|g__Klebsiella|s__Klebsiella_pneumoniae",0.916317991631799,-0.245429058224534,1.44692759731845,0.18649318154236,0.0189853391530463,FALSE,FALSE
"k__Bacteria|p__Proteobacteria|c__Gammaproteobacteria|o__Enterobacteriales|f__Enterobacteriaceae|g__Klebsiella|s__Klebsiella_unclassified",0.95397489539749,-0.881051135140881,0.90757584785573,0.0287886964151337,0.00493239593298633,FALSE,FALSE
"k__Bacteria|p__Proteobacteria|c__Gammaproteobacteria|o__Enterobacteriales|f__Enterobacteriaceae|g__Pantoea|s__Pantoea_unclassified",0.98326359832636,-1.66347458626245,0.438047344515692,0.00349053227854234,0.000716944343618743,FALSE,FALSE
"k__Bacteria|p__Proteobacteria|c__Gammaproteobacteria|o__Pasteurellales|f__Pasteurellaceae|g__Actinobacillus|s__Actinobacillus_unclassified",0.907949790794979,-1.77010862037767,0.749706518081399,0.0207647220535188,0.00412976636180244,FALSE,FALSE
"k__Bacteria|p__Proteobacteria|c__Gammaproteobacteria|o__Pasteurellales|f__Pasteurellaceae|g__Aggregatibacter|s__Aggregatibacter_aphrophilus",0.98744769874477,-3.68868520721855,1.74426654643248,0.00143684782100003,0.000253992783175087,FALSE,FALSE
"k__Bacteria|p__Proteobacteria|c__Gammaproteobacteria|o__Pasteurellales|f__Pasteurellaceae|g__Aggregatibacter|s__Aggregatibacter_unclassified",0.97071129707113,-1.9760421182063,0.924906341789546,0.00622694366178737,0.00131869017623169,FALSE,FALSE
"k__Bacteria|p__Proteobacteria|c__Gammaproteobacteria|o__Pasteurellales|f__Pasteurellaceae|g__Haemophilus|s__Haemophilus_haemolyticus",0.9581589958159,-2.9554182920121,0.860707020506143,0.00315461612173684,0.000706536009974419,FALSE,FALSE
"k__Bacteria|p__Proteobacteria|c__Gammaproteobacteria|o__Pasteurellales|f__Pasteurellaceae|g__Haemophilus|s__Haemophilus_parainfluenzae",0.238493723849372,0.40202952974783,1.90341994057794,6.96624540287813,0.250667559544591,TRUE,TRUE
"k__Bacteria|p__Proteobacteria|c__Gammaproteobacteria|o__Pasteurellales|f__Pasteurellaceae|g__Haemophilus|s__Haemophilus_pittmaniae",0.96652719665272,-0.968582318185513,1.76922946414746,0.0607785784611665,0.00604148290718354,FALSE,FALSE
"k__Bacteria|p__Proteobacteria|c__Gammaproteobacteria|o__Pasteurellales|f__Pasteurellaceae|g__Haemophilus|s__Haemophilus_sputorum",0.96234309623431,-0.365747328290107,0.914066816472152,0.0396673348232237,0.00632246094615102,FALSE,FALSE
"k__Bacteria|p__Proteobacteria|c__Gammaproteobacteria|o__Pseudomonadales|f__Pseudomonadaceae|g__Pseudomonas|s__Pseudomonas_unclassified",0.95397489539749,-0.549264757583989,0.906607671821028,0.0400805419169576,0.0057531221874819,FALSE,FALSE
"k__Bacteria|p__Synergistetes|c__Synergistia|o__Synergistales|f__Synergistaceae|g__Pyramidobacter|s__Pyramidobacter_piscolens",0.98326359832636,0.491558341894528,1.48814861283536,0.0828007878967313,0.00508113733948185,FALSE,FALSE
"k__Bacteria|p__Verrucomicrobia|c__Verrucomicrobiae|o__Verrucomicrobiales|f__Verrucomicrobiaceae|g__Akkermansia|s__Akkermansia_muciniphila",0.426778242677824,2.80259586927918,2.54316306534377,239.835298531124,0.380958807954736,TRUE,TRUE
